batch_id,job_id,queue_start_time,queue_receive_time,job_end_time,queue_duration_seconds,processing_duration_seconds,total_duration_seconds,job_size_mb,processor_count,queue_ahead_length,dataset_start_interval
NGC7020,f1a07692-3df3-43f4-b41c-f0c44157533c,2025-10-10T17:29:49.201948671Z,2025-10-10T17:30:32.546395307Z,2025-10-10T17:31:07.217713886Z,43.344447,34.671319,78.015765,0.60,5,1,30s
NGC7020,14e0641b-cf2f-454f-a537-0ba3b5849f2f,2025-10-10T17:29:57.131869244Z,2025-10-10T17:31:15.631283287Z,2025-10-10T17:31:48.061779251Z,78.499414,32.430496,110.929910,0.60,5,2,30s
NGC7020,4927a3e3-2446-454f-90f3-55b92db2c28e,2025-10-10T17:30:17.455519729Z,2025-10-10T17:31:52.699721017Z,2025-10-10T17:32:23.394392014Z,95.244201,30.694671,125.938872,0.60,5,2,30s
NGC7020,f457a904-fca6-45c6-9ad6-0402e13905a8,2025-10-10T17:30:22.551077813Z,2025-10-10T17:32:26.024274457Z,2025-10-10T17:32:58.28092661Z,123.473197,32.256652,155.729849,0.60,5,3,30s
NGC7020,9c02c301-550e-44de-af7e-cfe2e838cb62,2025-10-10T17:30:32.531906055Z,2025-10-10T17:33:04.109011887Z,2025-10-10T17:33:38.093495257Z,151.577106,33.984483,185.561589,0.60,5,4,30s
NGC7020,f8ee0391-881c-4668-a31f-17c27fe52fcf,2025-10-10T17:30:49.098116491Z,2025-10-10T17:33:38.184324844Z,2025-10-10T17:34:15.7405461Z,169.086208,37.556221,206.642430,0.60,5,4,30s
NGC7020,14c418a8-e786-47df-ad94-ca8ea76d04fc,2025-10-10T17:30:52.520900289Z,2025-10-10T17:34:14.239092923Z,2025-10-10T17:34:45.884654084Z,201.718193,31.645561,233.363754,0.60,5,5,30s
NGC7020,40aa3551-497f-4140-8bcb-9a9f8464eaf0,2025-10-10T17:31:01.818501852Z,2025-10-10T17:34:47.320837848Z,2025-10-10T17:35:14.368758889Z,225.502336,27.047921,252.550257,0.60,5,6,30s
NGC7020,79ef3928-3351-4afa-a36e-314a399622c2,2025-10-10T17:31:07.713043123Z,2025-10-10T17:35:18.40547856Z,2025-10-10T17:35:51.766038191Z,250.692435,33.360560,284.052995,0.60,5,7,30s
NGC7020,e9e3ec67-cd29-45ac-a595-0ddd8639353f,2025-10-10T17:31:16.033477363Z,2025-10-10T17:35:52.489422132Z,2025-10-10T17:36:25.401891005Z,276.455945,32.912469,309.368414,0.60,5,7,30s
NGC7020,ec927fae-7855-4f7a-9097-a0603ef92876,2025-10-10T17:31:28.004145995Z,2025-10-10T17:36:28.57717253Z,2025-10-10T17:37:02.581029832Z,300.573027,34.003857,334.576884,0.60,5,8,30s
NGC7020,74a63cdd-5037-4f95-99ec-d380ad812ff2,2025-10-10T17:31:40.234448729Z,2025-10-10T17:37:01.651250288Z,2025-10-10T17:37:39.00885279Z,321.416802,37.357603,358.774404,0.60,5,9,30s
NGC7020,c06a947f-5e24-43b9-b64f-ebbdb296c9cf,2025-10-10T17:31:42.821035999Z,2025-10-10T17:37:42.728484845Z,2025-10-10T17:38:13.539968314Z,359.907449,30.811483,390.718932,0.60,5,10,30s
NGC7020,8b5c5730-dc1d-4468-94b3-3647f124673d,2025-10-10T17:31:46.840877693Z,2025-10-10T17:38:15.80575655Z,2025-10-10T17:38:47.936660916Z,388.964879,32.130904,421.095783,0.60,5,11,30s
NGC7020,f28d7514-cc1e-4aa8-aeef-b9ef29dd050f,2025-10-10T17:31:53.496842294Z,2025-10-10T17:38:51.888138441Z,2025-10-10T17:39:22.438197756Z,418.391296,30.550059,448.941355,0.59,5,11,30s
NGC7020,5ed57b6b-9088-480e-8a82-62d2566365fb,2025-10-10T17:32:01.365808345Z,2025-10-10T17:39:27.969292193Z,2025-10-10T17:39:57.86728337Z,446.603484,29.897991,476.501475,0.60,5,12,30s
NGC7020,b89d5862-0a8b-4880-a39f-b22afc7fabe1,2025-10-10T17:32:11.737160702Z,2025-10-10T17:40:04.057358811Z,2025-10-10T17:40:40.47034163Z,472.320198,36.412983,508.733181,0.59,5,13,30s
NGC7020,f0add543-a715-464e-bd21-fed68a4acaa4,2025-10-10T17:32:24.759092283Z,2025-10-10T17:40:40.136440939Z,2025-10-10T17:41:10.87321699Z,495.377349,30.736776,526.114125,0.60,5,14,30s
NGC7020,d53578c5-f480-48a0-b792-195cd90d8f39,2025-10-10T17:32:29.006053182Z,2025-10-10T17:41:14.196467225Z,2025-10-10T17:41:42.185901781Z,525.190414,27.989435,553.179849,0.60,5,14,30s
NGC7020,1f421ebc-57fa-45a9-9586-b145da9c0d51,2025-10-10T17:33:01.869314555Z,2025-10-10T17:41:46.273983369Z,2025-10-10T17:42:16.55223929Z,524.404669,30.278256,554.682925,0.60,5,15,30s
NGC7020,3facac7e-5690-47ae-bcf6-be705a72faab,2025-10-10T17:33:05.871678158Z,2025-10-10T17:42:19.335275655Z,2025-10-10T17:42:50.934411147Z,553.463597,31.599135,585.062733,0.60,5,15,30s
NGC7020,ed4fb14b-3648-4c8a-a6f8-ed232b4e538d,2025-10-10T17:33:12.650222073Z,2025-10-10T17:42:57.418943536Z,2025-10-10T17:43:30.357389697Z,584.768721,32.938446,617.707168,0.60,5,16,30s
NGC7020,9d6c8274-22ac-4d51-b7d2-1bd730864a94,2025-10-10T17:33:14.784473253Z,2025-10-10T17:43:32.524148091Z,2025-10-10T17:44:07.487202692Z,617.739675,34.963055,652.702729,0.60,5,17,30s
NGC7020,c96ca85c-6dcb-4435-901a-7afe0b970ec3,2025-10-10T17:33:23.184900516Z,2025-10-10T17:44:06.601939255Z,2025-10-10T17:44:41.660514438Z,643.417039,35.058575,678.475614,0.60,5,18,30s
NGC7020,eb736937-ab10-45bb-bd97-1c3ade86d8b0,2025-10-10T17:33:25.753582108Z,2025-10-10T17:44:41.690143434Z,2025-10-10T17:45:14.214704268Z,675.936561,32.524561,708.461122,0.60,5,19,30s
NGC7020,4556530e-36e7-43ab-8d3a-51bf32350ac6,2025-10-10T17:33:31.382268582Z,2025-10-10T17:45:15.771527394Z,2025-10-10T17:45:35.678951595Z,704.389259,19.907424,724.296683,0.12,5,20,30s
NGC7021,ab7eb685-0753-4d4b-8096-0cd9aca8a727,2025-10-10T18:15:12.382963906Z,2025-10-10T18:15:12.443807974Z,2025-10-10T18:15:53.689076705Z,0.060844,41.245269,41.306113,0.60,3,0,30s
NGC7021,c7ea360c-61b8-49c7-b249-9be85db32f56,2025-10-10T18:15:15.588607287Z,2025-10-10T18:15:15.865161764Z,2025-10-10T18:15:46.309635152Z,0.276554,30.444473,30.721028,0.60,3,0,30s
NGC7021,12e0b385-194d-4b7e-9492-601fa6cf59ee,2025-10-10T18:15:17.963043814Z,2025-10-10T18:15:18.868046639Z,2025-10-10T18:15:52.419825477Z,0.905003,33.551779,34.456782,0.60,3,0,30s
NGC7021,f1fa8003-e7f1-4e88-a819-412e7dfec4ad,2025-10-10T18:15:28.383994513Z,2025-10-10T18:15:46.950864196Z,2025-10-10T18:16:15.006268749Z,18.566870,28.055405,46.622274,0.60,3,0,30s
NGC7021,620b501e-6e28-4891-9109-ca4d76c8fde8,2025-10-10T18:15:38.949342366Z,2025-10-10T18:15:47.957647614Z,2025-10-10T18:16:18.578457767Z,9.008305,30.620810,39.629115,0.60,3,1,30s
NGC7020,220abe39-f3e0-43f2-bee9-c03b02936054,2025-10-10T18:15:42.657233391Z,2025-10-10T18:15:49.534703472Z,2025-10-10T18:16:17.344421741Z,6.877470,27.809718,34.687188,0.60,3,2,30s
NGC7021,38a2e08c-7543-4e1c-8745-4a3363865d5c,2025-10-10T18:15:46.406066481Z,2025-10-10T18:16:19.018970373Z,2025-10-10T18:16:53.98651025Z,32.612904,34.967540,67.580444,0.60,3,3,30s
NGC7020,f9d9317b-e8d4-4d3e-830b-362a48ad30f1,2025-10-10T18:15:57.052486754Z,2025-10-10T18:16:19.610133254Z,2025-10-10T18:16:51.366004632Z,22.557647,31.755871,54.313518,0.60,3,1,30s
NGC7021,949821c8-2828-4582-9c34-163421286623,2025-10-10T18:15:58.602302195Z,2025-10-10T18:16:20.064383297Z,2025-10-10T18:16:52.708345698Z,21.462081,32.643962,54.106044,0.60,3,2,30s
NGC7020,df9efed1-3814-488f-9116-6a16f092898e,2025-10-10T18:16:01.408227532Z,2025-10-10T18:16:53.773646915Z,2025-10-10T18:17:47.296907977Z,52.365419,53.523261,105.888680,0.60,3,3,30s
NGC7021,a298ff0d-97c4-4266-bad0-824c5cd44d7e,2025-10-10T18:16:03.538392999Z,2025-10-10T18:16:55.152030952Z,2025-10-10T18:17:45.413157297Z,51.613638,50.261126,101.874764,0.60,3,4,30s
NGC7020,56f54298-c0c3-4996-ae6a-f254b508c6a9,2025-10-10T18:16:09.844379643Z,2025-10-10T18:16:56.11503396Z,2025-10-10T18:17:48.570166559Z,46.270654,52.455133,98.725787,0.60,3,5,30s
NGC7021,c653e0b7-18a0-4af9-bee4-c0ff26a114c5,2025-10-10T18:16:10.140119655Z,2025-10-10T18:17:32.208028108Z,2025-10-10T18:18:00.212083571Z,82.067908,28.004055,110.071964,0.60,3,6,30s
NGC7021,43857fb6-54ee-481d-82c4-e9f739d3c0d6,2025-10-10T18:16:12.747126872Z,2025-10-10T18:17:33.98050312Z,2025-10-10T18:18:01.452201768Z,81.233376,27.471699,108.705075,0.60,3,7,30s
NGC7020,f42b1730-4e7e-421b-a04e-7c1d375820e7,2025-10-10T18:16:13.060850025Z,2025-10-10T18:17:36.192582331Z,2025-10-10T18:18:07.706700875Z,83.131732,31.514119,114.645851,0.60,3,8,30s
NGC7020,e8b12c04-55a3-426b-899a-211ba0037caf,2025-10-10T18:16:17.131294054Z,2025-10-10T18:18:03.059809022Z,2025-10-10T18:18:39.210232661Z,105.928515,36.150424,142.078939,0.60,3,9,30s
NGC7021,49390b65-8198-4505-b20f-4112516606ca,2025-10-10T18:16:17.335367532Z,2025-10-10T18:18:03.295942325Z,2025-10-10T18:18:35.956091649Z,105.960575,32.660149,138.620724,0.60,3,10,30s
NGC7020,5c82dd32-300d-42bc-8bc3-00e60cc87f43,2025-10-10T18:16:19.790797772Z,2025-10-10T18:18:10.26481669Z,2025-10-10T18:18:44.30788371Z,110.474019,34.043067,144.517086,0.60,3,9,30s
NGC7021,8506920c-cf3c-41da-9d73-ab7164b0b072,2025-10-10T18:16:21.035669431Z,2025-10-10T18:18:40.380293022Z,2025-10-10T18:19:08.622264181Z,139.344624,28.241971,167.586595,0.60,3,9,30s
NGC7020,e3fba18c-94b2-457d-83ae-67e7d971b3b0,2025-10-10T18:16:22.577088396Z,2025-10-10T18:18:42.146534657Z,2025-10-10T18:19:12.886250998Z,139.569446,30.739716,170.309163,0.60,3,10,30s
NGC7021,bfe7796f-fd54-42d8-b1c5-388881263f8b,2025-10-10T18:16:23.566091317Z,2025-10-10T18:18:45.327804775Z,2025-10-10T18:19:14.212420014Z,141.761713,28.884615,170.646329,0.60,3,11,30s
NGC7020,e249f129-5fb4-4551-acd0-aee7460c63ef,2025-10-10T18:16:24.389669642Z,2025-10-10T18:19:11.43065692Z,2025-10-10T18:19:41.81252404Z,167.040987,30.381867,197.422854,0.60,3,12,30s
NGC7021,5e5442b1-4436-4d2b-8a45-9a711b06638f,2025-10-10T18:16:26.078604031Z,2025-10-10T18:19:16.202678894Z,2025-10-10T18:19:49.306087286Z,170.124075,33.103408,203.227483,0.60,3,13,30s
NGC7020,c7b599c6-d411-4b35-b585-46e4810ab3cc,2025-10-10T18:16:26.702044192Z,2025-10-10T18:19:17.412663179Z,2025-10-10T18:19:48.059222124Z,170.710619,30.646559,201.357178,0.60,3,14,30s
NGC7021,ffd0e74f-980b-419a-bb9b-f90d7e63b0e9,2025-10-10T18:16:30.740556014Z,2025-10-10T18:19:43.497564555Z,2025-10-10T18:20:12.695650168Z,192.757009,29.198086,221.955094,0.60,3,15,30s
NGC7020,bedaa9b7-cd30-417e-b0f6-61d923842138,2025-10-10T18:16:35.183062693Z,2025-10-10T18:19:47.488089266Z,2025-10-10T18:20:16.049334881Z,192.305027,28.561246,220.866272,0.60,3,16,30s
NGC7021,fb5cc5f1-5eea-489f-9c0d-e48a05164105,2025-10-10T18:16:36.296901138Z,2025-10-10T18:19:55.282963267Z,2025-10-10T18:20:27.945252222Z,198.986062,32.662289,231.648351,0.60,3,17,30s
NGC7020,82e11ef6-f06c-43d1-8540-42594582266d,2025-10-10T18:16:40.006099771Z,2025-10-10T18:20:15.56936195Z,2025-10-10T18:20:46.239484001Z,215.563262,30.670122,246.233384,0.60,3,18,30s
NGC7021,e6a7cbf1-3ee5-42db-8683-5b09706ee384,2025-10-10T18:16:40.941818635Z,2025-10-10T18:20:21.568895187Z,2025-10-10T18:20:50.530660102Z,220.627077,28.961765,249.588841,0.59,3,19,30s
NGC7020,7225c7b2-2c19-4f5a-afd3-33f3c17e4fba,2025-10-10T18:16:42.724191814Z,2025-10-10T18:20:31.348099744Z,2025-10-10T18:21:04.090530144Z,228.623908,32.742430,261.366338,0.60,3,20,30s
NGC7021,1c0021a7-83de-4ed3-aa0b-f4ffcab5a79c,2025-10-10T18:16:43.506811563Z,2025-10-10T18:20:49.655294314Z,2025-10-10T18:21:25.422457383Z,246.148483,35.767163,281.915646,0.60,3,21,30s
NGC7020,9b1c4cd1-3263-432a-b669-b3f6c84fcb3a,2025-10-10T18:16:51.875916291Z,2025-10-10T18:20:53.674366731Z,2025-10-10T18:21:26.705374168Z,241.798450,33.031007,274.829458,0.60,3,22,30s
NGC7021,523dfeda-1abd-490b-8a86-d4db8f59c520,2025-10-10T18:16:54.854112471Z,2025-10-10T18:21:06.411007083Z,2025-10-10T18:21:35.064337122Z,251.556895,28.653330,280.210225,0.59,3,22,30s
NGC7020,80b0dbbb-24ce-4d9f-b4f3-d9414f09e357,2025-10-10T18:16:56.230056272Z,2025-10-10T18:21:28.709723933Z,2025-10-10T18:21:57.481537359Z,272.479668,28.771813,301.251481,0.60,3,21,30s
NGC7021,f1e1a4e8-6ecb-4377-981b-fe56d234981c,2025-10-10T18:16:58.633272034Z,2025-10-10T18:21:30.773248948Z,2025-10-10T18:22:00.13419357Z,272.139977,29.360945,301.500922,0.60,3,22,30s
NGC7020,e23122e1-c89b-4a19-b6a8-3f950f490b2a,2025-10-10T18:17:02.897754538Z,2025-10-10T18:21:38.470848917Z,2025-10-10T18:22:08.175101479Z,275.573094,29.704253,305.277347,0.60,3,23,30s
NGC7021,c98d6b72-93a6-4d6e-a567-52cfdbebd8a5,2025-10-10T18:17:03.317436872Z,2025-10-10T18:22:00.756006988Z,2025-10-10T18:22:30.118362439Z,297.438570,29.362355,326.800926,0.60,3,24,30s
NGC7020,5a1490f6-c178-4861-b141-e25484e50db9,2025-10-10T18:17:05.943793694Z,2025-10-10T18:22:01.824127809Z,2025-10-10T18:22:31.869458066Z,295.880334,30.045330,325.925664,0.59,3,25,30s
NGC7021,ad7badd2-aeeb-4c64-bef3-681947047bbb,2025-10-10T18:17:06.12250977Z,2025-10-10T18:22:08.560250538Z,2025-10-10T18:22:37.405186296Z,302.437741,28.844936,331.282677,0.60,3,26,30s
NGC7021,267175d3-52c6-4663-b994-377e49ebf7f6,2025-10-10T18:17:09.011728682Z,2025-10-10T18:22:31.806509217Z,2025-10-10T18:23:00.733623846Z,322.794781,28.927115,351.721895,0.60,3,27,30s
NGC7020,b03916fe-4783-4c12-96e4-57d180c5a4a8,2025-10-10T18:17:09.020344838Z,2025-10-10T18:22:34.933644351Z,2025-10-10T18:23:03.221026418Z,325.913300,28.287382,354.200682,0.60,3,27,30s
NGC7021,8f025f80-5697-452e-a8a4-87dc8be2d43e,2025-10-10T18:17:11.534560428Z,2025-10-10T18:22:38.634030023Z,2025-10-10T18:23:19.934912221Z,327.099470,41.300882,368.400352,0.60,3,29,30s
NGC7020,280887dd-df9a-47f1-aaec-5bba7b4c1726,2025-10-10T18:17:11.780347767Z,2025-10-10T18:23:03.873241467Z,2025-10-10T18:23:33.224048683Z,352.092894,29.350807,381.443701,0.59,3,30,30s
NGC7021,d382ad01-a7cf-4761-97cc-b095a8adda36,2025-10-10T18:17:16.604374966Z,2025-10-10T18:23:07.021448484Z,2025-10-10T18:23:37.70169337Z,350.417074,30.680245,381.097318,0.60,3,31,30s
NGC7020,9f84c292-f48f-4569-a21f-981aed6c5a0e,2025-10-10T18:17:18.182001002Z,2025-10-10T18:23:10.713010886Z,2025-10-10T18:23:43.753972822Z,352.531010,33.040962,385.571972,0.60,3,32,30s
NGC7021,c8c199d3-3a5d-46aa-920e-1cccd1558373,2025-10-10T18:17:21.021700888Z,2025-10-10T18:23:34.94734813Z,2025-10-10T18:24:13.330137259Z,373.925647,38.382789,412.308436,0.60,3,33,30s
NGC7020,4eb2ebf2-8e59-4db7-b576-0b2a221d5499,2025-10-10T18:17:22.932230694Z,2025-10-10T18:23:37.092287154Z,2025-10-10T18:24:10.416624765Z,374.160056,33.324338,407.484394,0.60,3,34,30s
NGC7021,7b231c91-5d91-41a1-b776-d867ecea8e6b,2025-10-10T18:17:25.424129062Z,2025-10-10T18:23:46.805478629Z,2025-10-10T18:24:20.60201301Z,381.381350,33.796534,415.177884,0.60,3,35,30s
NGC7020,316a10d7-baed-4660-b04a-5915aadb470c,2025-10-10T18:17:26.440205769Z,2025-10-10T18:24:11.003114576Z,2025-10-10T18:24:45.197764642Z,404.562909,34.194650,438.757559,0.60,3,36,30s
NGC7021,3fd3b58f-4430-49d5-b1ad-ea560850e6e0,2025-10-10T18:17:27.868393544Z,2025-10-10T18:24:11.145564423Z,2025-10-10T18:24:26.746985786Z,403.277171,15.601421,418.878592,0.12,3,37,30s
NGC7020,df26a761-c3f0-4a27-9374-4006b7886f85,2025-10-10T18:17:29.171156374Z,2025-10-10T18:24:24.894094286Z,2025-10-10T18:25:10.81954266Z,415.722938,45.925448,461.648386,0.60,3,38,30s
NGC7020,23ca6a14-3ea6-48f4-b644-0c5f5da878b9,2025-10-10T18:17:50.949469038Z,2025-10-10T18:24:30.173876014Z,2025-10-10T18:25:23.628974829Z,399.224407,53.455099,452.679506,0.60,3,36,30s
NGC7020,431efdbb-b6be-46e9-9461-c18467301b43,2025-10-10T18:17:52.639007701Z,2025-10-10T18:24:45.055828551Z,2025-10-10T18:25:26.028797685Z,412.416821,40.972969,453.389790,0.60,3,37,30s
NGC7020,f37309bf-c6f9-4e1a-89b3-87c5acfea69a,2025-10-10T18:17:58.095280826Z,2025-10-10T18:24:59.952991379Z,2025-10-10T18:25:35.837765505Z,421.857711,35.884774,457.742485,0.60,3,38,30s
NGC7020,b2ee5e9a-906e-4588-b905-0f9d65db54b7,2025-10-10T18:18:04.705832075Z,2025-10-10T18:25:01.229573362Z,2025-10-10T18:25:34.581010595Z,416.523741,33.351437,449.875179,0.60,3,37,30s
NGC7020,1a4f7021-43e0-414e-bb1b-c893ed2acd14,2025-10-10T18:18:10.85374142Z,2025-10-10T18:25:19.132682324Z,2025-10-10T18:25:36.927060985Z,428.278941,17.794379,446.073320,0.12,3,37,30s
NGC7024,1cea56c4-00ed-430f-b138-3368939aa296,2025-10-11T08:48:12.396767594Z,2025-10-11T08:48:12.509820219Z,2025-10-11T08:49:01.483492873Z,0.113053,48.973673,49.086725,1.43,7,0,45s
NGC7020,6e59bbb9-085e-4aac-bc07-f092af2a4adf,2025-10-11T08:48:50.415108893Z,2025-10-11T08:48:51.207492627Z,2025-10-11T08:49:50.547656284Z,0.792384,59.340164,60.132547,1.43,7,0,45s
NGC7024,9c89f6eb-80e0-4f80-baad-0b59e98ef144,2025-10-11T08:49:07.06940374Z,2025-10-11T08:49:07.253112241Z,2025-10-11T08:49:59.124238832Z,0.183709,51.871127,52.054835,1.44,7,0,45s
NGC7020,852ecd37-9073-4553-bb0a-bc11b1ad500b,2025-10-11T08:49:29.936395495Z,2025-10-11T08:49:30.314905433Z,2025-10-11T08:50:29.867991813Z,0.378510,59.553086,59.931596,1.44,7,0,45s
NGC7021,3c98ece4-27f8-4191-91f0-d82d757c7aeb,2025-10-11T08:49:36.644895879Z,2025-10-11T08:49:36.757448985Z,2025-10-11T08:50:43.478649944Z,0.112553,66.721201,66.833754,1.43,7,0,45s
NGC7020,858f15b9-cc15-4b8e-9aed-3bc9727a3d38,2025-10-11T08:49:39.806028648Z,2025-10-11T08:49:40.328529588Z,2025-10-11T08:50:52.807353744Z,0.522501,72.478824,73.001325,1.44,7,0,45s
NGC7024,6c3ccdba-2ed1-4f2e-b41d-ccaa40c43531,2025-10-11T08:49:40.653018135Z,2025-10-11T08:49:41.335022448Z,2025-10-11T08:51:17.871513909Z,0.682004,96.536491,97.218496,1.44,7,0,45s
NGC7021,dd84817e-d227-476e-886c-7965b6462511,2025-10-11T08:49:48.776671083Z,2025-10-11T08:49:49.348972984Z,2025-10-11T08:51:00.368183003Z,0.572302,71.019210,71.591512,1.44,7,0,45s
NGC7024,8b1b461f-de2a-4e97-8d2f-102088e905cf,2025-10-11T08:49:51.106032767Z,2025-10-11T08:49:51.349147054Z,2025-10-11T08:51:08.616215249Z,0.243114,77.267068,77.510182,1.44,7,0,45s
NGC7020,1d3478bd-1b12-4bf4-9dc0-d60a8c972653,2025-10-11T08:49:53.772883371Z,2025-10-11T08:50:00.384020303Z,2025-10-11T08:51:33.243472096Z,6.611137,92.859452,99.470589,1.44,7,0,45s
NGC7021,1d489570-bd95-473c-a106-facb9c579b7a,2025-10-11T08:50:00.499828134Z,2025-10-11T08:50:36.465247413Z,2025-10-11T08:52:33.005392903Z,35.965419,116.540145,152.505565,1.44,7,0,45s
NGC7020,e9763958-eca3-4ab2-acaa-2eb552281de5,2025-10-11T08:50:06.036503279Z,2025-10-11T08:50:50.961997492Z,2025-10-11T08:52:39.470712065Z,44.925494,108.508715,153.434209,1.44,7,1,45s
NGC7024,69109838-8f4d-4895-bc84-c8e7a395837d,2025-10-11T08:50:06.122555996Z,2025-10-11T08:50:54.451723546Z,2025-10-11T08:52:48.777125143Z,48.329168,114.325402,162.654569,1.44,7,2,45s
NGC7021,6de31826-6569-482c-a938-b359239e4e28,2025-10-11T08:50:15.955638655Z,2025-10-11T08:51:11.503415933Z,2025-10-11T08:52:54.200429303Z,55.547777,102.697013,158.244791,1.44,7,3,45s
NGC7024,5bdac66a-607d-426a-9c9f-46c507c9cd97,2025-10-11T08:50:16.207802076Z,2025-10-11T08:51:18.515690567Z,2025-10-11T08:53:01.559154425Z,62.307888,103.043464,165.351352,1.44,7,4,45s
NGC7022,90f5adb6-29cc-4849-b033-bd88590d8cac,2025-10-11T08:50:22.294011929Z,2025-10-11T08:51:19.506113546Z,2025-10-11T08:53:12.234455091Z,57.212102,112.728342,169.940443,1.43,7,5,45s
NGC7020,ef500f40-aa11-46e1-ae8c-ec8b961346c4,2025-10-11T08:50:23.190291974Z,2025-10-11T08:51:38.624514338Z,2025-10-11T08:53:17.320369393Z,75.434222,98.695855,174.130077,1.44,7,6,45s
NGC7021,78b1fbf8-8ab4-4ded-8fea-5a4d3775ffeb,2025-10-11T08:50:26.358194422Z,2025-10-11T08:52:37.651084266Z,2025-10-11T08:54:08.555213972Z,131.292890,90.904130,222.197020,1.44,7,7,45s
NGC7024,0ccf3475-b436-471f-9c92-245735e519d3,2025-10-11T08:50:28.905743789Z,2025-10-11T08:52:40.149735863Z,2025-10-11T08:54:25.541614941Z,131.243992,105.391879,236.635871,1.43,7,8,45s
NGC7022,fed4c206-8ae4-4f00-bd36-c90ab42f7aec,2025-10-11T08:50:29.588823203Z,2025-10-11T08:52:45.683144124Z,2025-10-11T08:54:32.156566915Z,136.094321,106.473423,242.567744,1.44,7,9,45s
NGC7020,b241df44-2aae-42f7-8fba-3a11707aea6e,2025-10-11T08:50:30.528099076Z,2025-10-11T08:52:47.693181471Z,2025-10-11T08:54:37.569986589Z,137.165082,109.876805,247.041888,1.43,7,10,45s
NGC7024,d434d56c-ab79-474c-83a3-122c4b3fcc8f,2025-10-11T08:50:43.000545153Z,2025-10-11T08:52:52.725854481Z,2025-10-11T08:54:33.808077874Z,129.725309,101.082223,230.807533,1.43,7,10,45s
NGC7021,70b385ae-b7d9-4a10-b743-d24b85ddc607,2025-10-11T08:50:43.146613503Z,2025-10-11T08:53:00.776190809Z,2025-10-11T08:54:49.302890536Z,137.629577,108.526700,246.156277,1.44,7,11,45s
NGC7022,adec93b9-9420-4531-8bd2-f82c671e9dac,2025-10-11T08:50:44.429558749Z,2025-10-11T08:53:06.854485402Z,2025-10-11T08:55:05.628146349Z,142.424927,118.773661,261.198588,1.44,7,12,45s
NGC7024,c3bdd1f5-4131-4e49-a8f6-6be2f84d5712,2025-10-11T08:50:53.246964999Z,2025-10-11T08:54:15.845340908Z,2025-10-11T08:55:52.206493444Z,202.598376,96.361153,298.959528,1.43,7,12,45s
NGC7021,a7801a55-614c-4c57-a571-980dd9e34c87,2025-10-11T08:50:53.581508328Z,2025-10-11T08:54:33.32565829Z,2025-10-11T08:57:04.374245495Z,219.744150,151.048587,370.792737,1.43,7,13,45s
NGC7020,9962aeba-226f-4fa0-b55e-f052e1b5c724,2025-10-11T08:50:53.82151564Z,2025-10-11T08:54:34.925683025Z,2025-10-11T08:56:24.292837157Z,221.104167,109.367154,330.471322,1.43,7,14,45s
NGC7022,ee0cffd0-6b97-4541-acd9-730838f556bf,2025-10-11T08:50:56.824912225Z,2025-10-11T08:54:36.925067089Z,2025-10-11T08:56:59.531948474Z,220.100155,142.606881,362.707036,1.44,7,14,45s
NGC7020,c97f75de-bde4-4d2c-859b-e47924819e09,2025-10-11T08:51:01.752542661Z,2025-10-11T08:54:37.892522174Z,2025-10-11T08:56:33.775572709Z,216.139980,115.883051,332.023030,1.43,7,15,45s
NGC7021,8e3fb5b2-5e45-4334-b515-584b25a4c5e9,2025-10-11T08:51:03.696809807Z,2025-10-11T08:54:57.03573892Z,2025-10-11T08:57:16.336509722Z,233.338929,139.300771,372.639700,1.43,7,16,45s
NGC7022,a0fb3ce6-df74-48a2-9b19-142b339763b3,2025-10-11T08:51:06.146210428Z,2025-10-11T08:54:59.133978313Z,2025-10-11T08:57:26.923895531Z,232.987768,147.789917,380.777685,1.44,7,17,45s
NGC7024,1953db8c-d697-4222-be4e-0d8856315649,2025-10-11T08:51:06.272206755Z,2025-10-11T08:56:01.187475212Z,2025-10-11T08:57:37.69716122Z,294.915268,96.509686,391.424954,1.43,7,18,45s
NGC7023,10d27ebb-4281-47dd-bcb2-e5c0ec88de83,2025-10-11T08:51:06.760756803Z,2025-10-11T08:56:24.137161737Z,2025-10-11T08:58:14.427785347Z,317.376405,110.290624,427.667029,1.43,7,19,45s
NGC7021,cf51e1a5-6584-43f1-ab13-d28db7fb3523,2025-10-11T08:51:33.121511457Z,2025-10-11T08:56:24.140204972Z,2025-10-11T08:57:58.038389341Z,291.018694,93.898184,384.916878,1.43,7,17,45s
NGC7020,1ac1491f-a442-493e-9c7c-3e86877df4f9,2025-10-11T08:51:41.012050834Z,2025-10-11T08:56:25.152687951Z,2025-10-11T08:58:09.929688178Z,284.140637,104.777000,388.917637,1.43,7,17,45s
NGC7022,672bcef4-9d61-4676-aa59-d5e34dc59bc4,2025-10-11T08:51:50.66369029Z,2025-10-11T08:56:27.568758908Z,2025-10-11T08:58:21.044244823Z,276.905069,113.475486,390.380555,1.44,7,18,45s
NGC7020,20b0a9dd-99a2-4697-8661-7a1476a719ae,2025-10-11T08:52:09.981747958Z,2025-10-11T08:56:36.272271465Z,2025-10-11T08:58:18.102528597Z,266.290524,101.830257,368.120781,1.44,7,19,45s
NGC7024,a04a4934-22a5-46cd-b7b9-56a5769dbb42,2025-10-11T08:52:17.682854994Z,2025-10-11T08:56:40.35351527Z,2025-10-11T08:58:22.634655571Z,262.670660,102.281140,364.951801,1.44,7,20,45s
NGC7023,b2d84edc-a52f-411b-acdc-cd500702f3ab,2025-10-11T08:52:18.16661883Z,2025-10-11T08:57:38.414544331Z,2025-10-11T08:59:20.295475734Z,320.247926,101.880931,422.128857,1.44,7,21,45s
NGC7021,ccb9e317-0c92-4033-874d-0ff123f5dda8,2025-10-11T08:52:26.289939717Z,2025-10-11T08:57:54.309546991Z,2025-10-11T09:00:06.865516626Z,328.019607,132.555970,460.575577,1.43,7,22,45s
NGC7022,53634f19-b92d-4011-88db-1c82d14865db,2025-10-11T08:52:33.081220844Z,2025-10-11T08:57:55.288600919Z,2025-10-11T09:00:17.55240777Z,322.207380,142.263807,464.471187,1.43,7,23,45s
NGC7020,aa84e5e4-26fa-44c0-bcfd-0d10b0c024c4,2025-10-11T08:53:02.718692622Z,2025-10-11T08:57:57.328517311Z,2025-10-11T08:58:44.318765971Z,294.609825,46.990249,341.600073,0.48,7,18,45s
NGC7024,27f6c9bf-351f-4e7c-9e35-05bc671f4770,2025-10-11T08:53:06.291551428Z,2025-10-11T08:58:03.473431142Z,2025-10-11T08:58:52.861193316Z,297.181880,49.387762,346.569642,0.48,7,19,45s
NGC7023,b6a282dc-c1c9-4c9d-bf3e-9ba2e6cde7eb,2025-10-11T08:53:11.686828349Z,2025-10-11T08:58:09.723344073Z,2025-10-11T09:00:40.56822887Z,298.036516,150.844885,448.881401,1.44,7,19,45s
NGC7022,3c1915d3-d03e-438d-97f9-a91f745b6dce,2025-10-11T08:53:20.867782172Z,2025-10-11T08:58:21.576895548Z,2025-10-11T09:00:48.155971485Z,300.709113,146.579076,447.288189,1.43,7,20,45s
NGC7021,68e49210-4488-42a7-8b9b-bbcac803df73,2025-10-11T08:53:31.015473441Z,2025-10-11T08:58:54.433165718Z,2025-10-11T09:00:54.091236808Z,323.417692,119.658071,443.075763,1.44,7,21,45s
NGC7023,578cbecc-9308-4b7c-9377-8437e5e2e123,2025-10-11T08:53:48.269546339Z,2025-10-11T08:59:00.600715659Z,2025-10-11T09:00:58.015074275Z,312.331169,117.414359,429.745528,1.44,7,22,45s
NGC7021,0ac50fa7-7422-453c-b6ef-6f01ccc9c23c,2025-10-11T08:53:54.868232789Z,2025-10-11T08:59:28.621279589Z,2025-10-11T09:00:29.815558988Z,333.753047,61.194279,394.947326,0.48,7,23,45s
NGC7022,8cee8b9c-af56-4376-92ac-a116ee2d96c1,2025-10-11T08:53:57.96838222Z,2025-10-11T09:00:05.718939389Z,2025-10-11T09:01:34.062876661Z,367.750557,88.343937,456.094494,1.43,7,24,45s
NGC7023,8e34c592-6011-4e61-aab9-61becef8802d,2025-10-11T08:54:11.821256284Z,2025-10-11T09:00:10.465415295Z,2025-10-11T09:01:43.24315068Z,358.644159,92.777735,451.421894,1.44,7,25,45s
NGC7022,7730f59f-fc2c-4805-9cf6-95144eef8681,2025-10-11T08:54:16.010876942Z,2025-10-11T09:00:20.742324916Z,2025-10-11T09:01:47.487074045Z,364.731448,86.744749,451.476197,1.43,7,25,45s
NGC7022,e4e457eb-2307-4991-9006-3fe9a9b4d461,2025-10-11T08:54:57.578004114Z,2025-10-11T09:00:21.883607031Z,2025-10-11T09:01:51.862266744Z,324.305603,89.978660,414.284263,1.44,7,21,45s
NGC7023,27ca3732-f99d-4eeb-a355-8153dc54a7ef,2025-10-11T08:55:05.983983362Z,2025-10-11T09:00:22.050506231Z,2025-10-11T09:02:02.333911774Z,316.066523,100.283406,416.349928,1.44,7,21,45s
NGC7022,888ccb50-9520-4ad4-a2a4-b16b83874bad,2025-10-11T08:55:50.84991892Z,2025-10-11T09:00:43.67645305Z,2025-10-11T09:01:29.310952772Z,292.826534,45.634500,338.461034,0.48,7,22,45s
NGC7023,3425ea3f-0951-4783-acae-1cff55705c67,2025-10-11T08:55:56.669368816Z,2025-10-11T09:00:43.836878785Z,2025-10-11T09:02:12.586287714Z,287.167510,88.749409,375.916919,1.43,7,23,45s
NGC7023,ed4e5e17-8aa5-43aa-b09e-08d5baec2a25,2025-10-11T08:57:07.519079979Z,2025-10-11T09:01:31.761207206Z,2025-10-11T09:02:31.438975114Z,264.242127,59.677768,323.919895,1.43,7,17,45s
NGC7023,316b6f01-0ba5-4433-822e-59becd025e61,2025-10-11T08:57:53.183023159Z,2025-10-11T09:01:35.965148412Z,2025-10-11T09:02:36.515566868Z,222.782125,60.550418,283.332544,1.43,7,17,45s
NGC7023,4af79758-e241-4ba4-b2f2-2fc00bcfe19c,2025-10-11T08:58:35.368242767Z,2025-10-11T09:01:40.617068858Z,2025-10-11T09:02:40.429186126Z,185.248826,59.812117,245.060943,1.43,7,12,45s
NGC7023,884d0700-672c-4ad0-a73e-47502f3d6bc1,2025-10-11T08:59:27.299160439Z,2025-10-11T09:01:45.880986413Z,2025-10-11T09:02:56.193748044Z,138.581826,70.312762,208.894588,1.44,7,11,45s
NGC7023,e280f780-98a7-43c0-b6eb-c37ab3fdc0eb,2025-10-11T09:00:47.242378787Z,2025-10-11T09:01:52.023412618Z,2025-10-11T09:02:20.600623159Z,64.781034,28.577211,93.358244,0.48,7,4,45s
NGC7026,e29bf104-81c1-4c6d-96b9-e678b7dfdd5f,2025-10-11T09:25:35.374664159Z,2025-10-11T09:25:35.696915369Z,2025-10-11T09:27:22.461402581Z,0.322251,106.764487,107.086738,2.75,15,0,60s
NGC7026,c3cd42c9-0d15-4858-8ef6-a16c6cf4f6f2,2025-10-11T09:26:28.516210003Z,2025-10-11T09:26:28.560184033Z,2025-10-11T09:28:00.823126984Z,0.043974,92.262943,92.306917,2.76,15,0,60s
NGC7027,96a38439-bc08-4c7d-825d-88815bf81e31,2025-10-11T09:26:36.478934372Z,2025-10-11T09:26:36.794450597Z,2025-10-11T09:28:06.161798181Z,0.315516,89.367348,89.682864,2.75,15,0,60s
NGC7026,41dc7415-aa73-4c22-8ef2-b73a18d4de79,2025-10-11T09:27:31.539162063Z,2025-10-11T09:27:31.665817741Z,2025-10-11T09:29:59.96330085Z,0.126656,148.297483,148.424139,2.75,15,0,60s
NGC7027,3601cc24-eaab-43ed-940e-121c1455f465,2025-10-11T09:27:32.94886589Z,2025-10-11T09:27:33.031172549Z,2025-10-11T09:29:47.956366126Z,0.082307,134.925194,135.007500,2.76,15,0,60s
NGC7021,ffb40f77-5659-4259-8ed0-e5750c201d9a,2025-10-11T09:27:41.702118423Z,2025-10-11T09:27:41.951300071Z,2025-10-11T09:30:13.091705764Z,0.249182,151.140406,151.389587,2.75,15,0,60s
NGC7026,4c80045c-43f5-41a8-b759-6560d997555a,2025-10-11T09:28:06.696381596Z,2025-10-11T09:28:06.772617966Z,2025-10-11T09:30:58.024048491Z,0.076236,171.251431,171.327667,2.74,15,0,60s
NGC7027,4bad8b46-607d-4c7c-bb0a-12f93d0a6eed,2025-10-11T09:28:25.671083097Z,2025-10-11T09:28:25.85530708Z,2025-10-11T09:30:40.575581134Z,0.184224,134.720274,134.904498,2.75,15,0,60s
NGC7021,2a36aac4-92a5-43c4-b881-3b5fe754bf57,2025-10-11T09:28:36.611425487Z,2025-10-11T09:28:36.647066156Z,2025-10-11T09:31:02.356364351Z,0.035641,145.709298,145.744939,2.76,15,0,60s
NGC7026,c08eec8e-d56f-46b2-939c-054efcde77c0,2025-10-11T09:28:37.425274811Z,2025-10-11T09:28:37.497734157Z,2025-10-11T09:31:22.236942017Z,0.072459,164.739208,164.811667,2.75,15,0,60s
NGC7022,8d538b9c-d1f5-4517-9476-1a10b74b57fa,2025-10-11T09:28:48.099581727Z,2025-10-11T09:28:48.172346548Z,2025-10-11T09:31:10.215489205Z,0.072765,142.043143,142.115907,2.75,15,0,60s
NGC7021,8315bc50-b608-4367-b1e8-247bf0faf33b,2025-10-11T09:29:16.713382689Z,2025-10-11T09:29:16.791678584Z,2025-10-11T09:31:42.38899466Z,0.078296,145.597316,145.675612,2.75,15,0,60s
NGC7026,09a8f186-0cea-47e3-8d0b-4137f7294825,2025-10-11T09:29:16.832563418Z,2025-10-11T09:29:17.149507949Z,2025-10-11T09:32:07.427354855Z,0.316945,170.277847,170.594791,2.51,15,0,60s
NGC7022,887eae2a-83ec-40fe-8f13-7b8464411b6d,2025-10-11T09:29:24.145570713Z,2025-10-11T09:29:24.31518882Z,2025-10-11T09:32:00.791782531Z,0.169618,156.476594,156.646212,2.76,15,0,60s
NGC7027,ce736dee-a68d-44be-8554-5aae8d73b6dc,2025-10-11T09:29:44.421200248Z,2025-10-11T09:29:44.793359752Z,2025-10-11T09:32:20.3083874Z,0.372160,155.515028,155.887187,2.74,15,0,60s
NGC7022,eef8362a-82d8-4d7d-a75d-fed826978cb8,2025-10-11T09:30:38.223164505Z,2025-10-11T09:30:39.135614749Z,2025-10-11T09:33:31.449290151Z,0.912450,172.313675,173.226126,2.75,15,0,60s
NGC7029,353045fa-f362-485f-b98e-8f51457ecff0,2025-10-11T09:30:42.613763951Z,2025-10-11T09:30:43.229911484Z,2025-10-11T09:33:44.38035361Z,0.616148,181.150442,181.766590,2.75,15,0,60s
NGC7027,a2c50ace-7ee3-462d-8efa-b3ac72d41a8c,2025-10-11T09:30:48.025023779Z,2025-10-11T09:30:48.072823399Z,2025-10-11T09:33:51.990631599Z,0.047800,183.917808,183.965608,2.75,15,0,60s
NGC7021,87ab5cbc-70c6-4938-a0af-2a1c42cb5bd9,2025-10-11T09:31:10.330531128Z,2025-10-11T09:31:10.570016432Z,2025-10-11T09:33:48.017874809Z,0.239485,157.447858,157.687344,2.75,15,0,60s
NGC7022,71b9a763-f7d7-4c4c-b67c-9e9b8dff07aa,2025-10-11T09:31:43.946659927Z,2025-10-11T09:31:44.097243287Z,2025-10-11T09:34:00.703085493Z,0.150583,136.605842,136.756426,2.74,15,0,60s
NGC7029,e955ffbd-ea62-4a00-a38c-a4de207407c9,2025-10-11T09:32:07.458563933Z,2025-10-11T09:32:07.62481192Z,2025-10-11T09:34:13.81851408Z,0.166248,126.193702,126.359950,2.76,15,0,60s
NGC7027,0d8a6171-e556-426b-8acd-a50b24258aac,2025-10-11T09:32:18.283835625Z,2025-10-11T09:32:18.349159643Z,2025-10-11T09:34:10.978041713Z,0.065324,112.628882,112.694206,2.51,15,0,60s
NGC7021,a57419c6-67f1-4b8d-aae1-9e4f016e888f,2025-10-11T09:32:31.606862221Z,2025-10-11T09:32:31.790188724Z,2025-10-11T09:34:51.965995011Z,0.183327,140.175806,140.359133,2.51,15,0,60s
NGC7023,8a1a8a91-88a2-41a5-8c80-b915faf691d5,2025-10-11T09:32:35.862651582Z,2025-10-11T09:32:36.308693076Z,2025-10-11T09:34:40.794973598Z,0.446041,124.486281,124.932322,2.75,15,0,60s
NGC7022,da1aba59-41b2-4167-ba03-a73fb5bdbacc,2025-10-11T09:32:47.669316747Z,2025-10-11T09:32:47.701348267Z,2025-10-11T09:35:07.6075465Z,0.032032,139.906198,139.938230,2.75,15,0,60s
NGC7029,d2233694-0b7a-488e-88da-e1906ed69dd6,2025-10-11T09:33:22.465654693Z,2025-10-11T09:33:22.637009467Z,2025-10-11T09:35:33.109272587Z,0.171355,130.472263,130.643618,2.75,15,0,60s
NGC7022,6d121bff-ba69-4f83-a1e1-efdc3dadf134,2025-10-11T09:33:54.001114979Z,2025-10-11T09:33:54.185031518Z,2025-10-11T09:35:46.698304852Z,0.183917,112.513273,112.697190,2.51,15,0,60s
NGC7023,0fedb523-630f-4150-970b-032933b6659f,2025-10-11T09:33:58.365492039Z,2025-10-11T09:33:58.54278313Z,2025-10-11T09:36:06.127770834Z,0.177291,127.584988,127.762279,2.76,15,0,60s
NGC7029,bcbcc2df-16a8-496c-8b87-eb2ece52b01c,2025-10-11T09:34:09.922743632Z,2025-10-11T09:34:10.355768204Z,2025-10-11T09:36:29.316567035Z,0.433025,138.960799,139.393823,2.74,15,0,60s
NGC7023,ca7ecb4c-4451-42e9-82a8-29462f123fe2,2025-10-11T09:34:37.470362279Z,2025-10-11T09:34:38.586530212Z,2025-10-11T09:37:03.79894885Z,1.116168,145.212419,146.328587,2.75,15,0,60s
NGC7029,dc4d6d61-85bc-4e80-bc7d-61635df82ef3,2025-10-11T09:34:53.601038988Z,2025-10-11T09:34:54.149491548Z,2025-10-11T09:37:28.469522228Z,0.548453,154.320031,154.868483,2.75,15,0,60s
NGC7023,30a363da-90bc-41c3-b9a8-89b306778565,2025-10-11T09:35:42.498711081Z,2025-10-11T09:35:42.97462908Z,2025-10-11T09:38:00.948372908Z,0.475918,137.973744,138.449662,2.74,15,0,60s
NGC7029,bd10e1db-41a1-4f74-a0a6-754debdbbe52,2025-10-11T09:35:47.612264254Z,2025-10-11T09:35:48.070279711Z,2025-10-11T09:37:55.908268697Z,0.458015,127.837989,128.296004,2.51,15,0,60s
NGC7023,e9bc117e-b3c0-4bf4-ae77-1cc5439d5c7f,2025-10-11T09:36:23.654937423Z,2025-10-11T09:36:24.01343959Z,2025-10-11T09:38:24.521992346Z,0.358502,120.508553,120.867055,2.75,15,0,60s
NGC7023,5aeb663d-01c0-46c9-b187-9238d5ff8d3b,2025-10-11T09:37:28.078549671Z,2025-10-11T09:37:28.142303802Z,2025-10-11T09:38:46.295185201Z,0.063754,78.152881,78.216636,2.51,15,0,60s
NGC7021,97e80822-b3f0-40de-9fd3-0b78079b9228,2025-10-11T10:07:51.407255008Z,2025-10-11T10:07:51.427285017Z,2025-10-11T10:09:30.986840947Z,0.020030,99.559556,99.579586,2.75,15,0,60s
NGC7021,045ad6e0-48e9-4692-89b8-b2f4305ea77b,2025-10-11T10:08:11.833845104Z,2025-10-11T10:08:11.907813465Z,2025-10-11T10:10:18.245811212Z,0.073968,126.337998,126.411966,2.76,15,0,60s
NGC7021,1142b5f0-eabe-412e-9a30-eb4e00e8e124,2025-10-11T10:08:23.21311374Z,2025-10-11T10:08:23.320122364Z,2025-10-11T10:10:35.823756478Z,0.107009,132.503634,132.610643,2.75,15,0,60s
NGC7021,4e403cc3-2894-4de8-a492-cf30658ee2d6,2025-10-11T10:08:39.825326528Z,2025-10-11T10:08:39.974642214Z,2025-10-11T10:11:04.825473741Z,0.149316,144.850832,145.000147,2.74,15,0,60s
NGC7025,c85d10ad-6d11-4033-ba42-89af15995edf,2025-10-11T10:08:52.155578872Z,2025-10-11T10:08:52.381832978Z,2025-10-11T10:10:59.486374541Z,0.226254,127.104542,127.330796,2.75,15,0,60s
NGC7021,ed20e57a-f5cf-4a0a-b0cd-18e871df15c9,2025-10-11T10:08:54.263352003Z,2025-10-11T10:08:54.389136207Z,2025-10-11T10:11:06.848659729Z,0.125784,132.459524,132.585308,2.75,15,0,60s
NGC7025,4558c2cc-9325-4222-a7e6-8523f59454af,2025-10-11T10:09:04.140852774Z,2025-10-11T10:09:04.647790969Z,2025-10-11T10:12:06.320086358Z,0.506938,181.672295,182.179234,2.76,15,0,60s
NGC7021,d8451dd3-cd6b-42e1-80c2-441ee8e88978,2025-10-11T10:09:05.84859808Z,2025-10-11T10:09:06.655618215Z,2025-10-11T10:11:09.887160784Z,0.807020,123.231543,124.038563,2.51,15,0,60s
NGC7025,64e5bff8-c8b8-42fa-87e8-5be60d8d7319,2025-10-11T10:09:36.028559624Z,2025-10-11T10:09:36.881634816Z,2025-10-11T10:11:43.18955589Z,0.853075,126.307921,127.160996,2.75,15,0,60s
NGC7024,7632aed4-073a-4b02-8ce3-b586b3a01429,2025-10-11T10:09:52.728368082Z,2025-10-11T10:09:52.948327913Z,2025-10-11T10:12:03.071799007Z,0.219960,130.123471,130.343431,2.75,15,0,60s
NGC7025,edba4e8d-2c60-4bbe-966c-e91d42046e01,2025-10-11T10:09:54.442175453Z,2025-10-11T10:09:54.949750575Z,2025-10-11T10:11:59.265139621Z,0.507575,124.315389,124.822964,2.74,15,0,60s
NGC7025,2cfe594a-91b1-4ff2-ab92-d3e212a3837c,2025-10-11T10:10:13.883827994Z,2025-10-11T10:10:14.031938456Z,2025-10-11T10:12:09.651177461Z,0.148110,115.619239,115.767349,2.75,15,0,60s
NGC7024,5a32f030-5cd1-4613-aaa2-418343211c39,2025-10-11T10:10:14.255971252Z,2025-10-11T10:10:15.0641386Z,2025-10-11T10:12:21.111109752Z,0.808167,126.046971,126.855138,2.76,15,0,60s
NGC7025,ea18d463-a5e3-48f8-89ff-e6f4d801652e,2025-10-11T10:10:29.485647173Z,2025-10-11T10:10:30.101783333Z,2025-10-11T10:12:38.258731642Z,0.616136,128.156948,128.773084,2.51,15,0,60s
NGC7024,e687c238-de53-4f02-8888-45eda76a321b,2025-10-11T10:10:30.075763238Z,2025-10-11T10:10:30.099399548Z,2025-10-11T10:12:32.446033612Z,0.023636,122.346634,122.370270,2.75,15,1,60s
NGC7024,79ff8a8f-9b96-43b2-a038-028ca8547f3f,2025-10-11T10:10:43.537373149Z,2025-10-11T10:10:44.252257491Z,2025-10-11T10:12:45.249675588Z,0.714884,120.997418,121.712302,2.74,15,0,60s
NGC7022,8e7dacfc-6820-44ea-82be-5b931582b58e,2025-10-11T10:10:52.52573417Z,2025-10-11T10:10:52.588380448Z,2025-10-11T10:12:57.738017734Z,0.062646,125.149637,125.212284,2.75,15,0,60s
NGC7024,949e7a32-c818-410e-8b49-7d2c41ba7c63,2025-10-11T10:10:55.6021798Z,2025-10-11T10:10:56.360298944Z,2025-10-11T10:12:52.636920288Z,0.758119,116.276621,117.034740,2.75,15,0,60s
NGC7022,cb92a582-85f7-4826-965f-26afa1515c86,2025-10-11T10:11:08.092008609Z,2025-10-11T10:11:08.391190427Z,2025-10-11T10:13:39.350574476Z,0.299182,150.959384,151.258566,2.76,15,0,60s
NGC7024,276bdd64-b869-4f76-a805-e352dc0fcf0f,2025-10-11T10:11:12.514766378Z,2025-10-11T10:11:12.720851545Z,2025-10-11T10:13:01.134269746Z,0.206085,108.413418,108.619503,2.51,15,0,60s
NGC7022,3904172e-263a-4308-b335-fe01a29c7513,2025-10-11T10:11:20.409801414Z,2025-10-11T10:11:20.793157108Z,2025-10-11T10:13:47.61047708Z,0.383356,146.817320,147.200676,2.75,15,0,60s
NGC7022,f2e63fcb-c488-4e0f-b66c-ecd3ae039152,2025-10-11T10:11:39.908942326Z,2025-10-11T10:11:40.112992545Z,2025-10-11T10:13:37.395036005Z,0.204050,117.282043,117.486094,2.74,15,0,60s
NGC7022,9664714b-e1a2-44eb-bec3-8b2ad2b1bdbc,2025-10-11T10:11:51.015580764Z,2025-10-11T10:11:51.302264409Z,2025-10-11T10:13:50.24179393Z,0.286684,118.939530,119.226213,2.75,15,0,60s
NGC7023,05f8602d-15db-4c6b-9ac2-32d7a74bc746,2025-10-11T10:11:52.225829577Z,2025-10-11T10:11:58.406991655Z,2025-10-11T10:13:58.777324685Z,6.181162,120.370333,126.551495,2.75,15,0,60s
NGC7022,d945f337-b755-4a12-b152-19860ee67349,2025-10-11T10:12:05.638349345Z,2025-10-11T10:12:06.021666373Z,2025-10-11T10:13:53.367699549Z,0.383317,107.346033,107.729350,2.51,15,0,60s
NGC7023,c9f5322f-7a6e-46cc-84a8-9199155c6402,2025-10-11T10:12:05.944800628Z,2025-10-11T10:12:06.451925307Z,2025-10-11T10:14:04.859066123Z,0.507125,118.407141,118.914265,2.76,15,1,60s
NGC7023,11094301-51c6-4d8d-a79d-80eba80833d1,2025-10-11T10:12:22.386387444Z,2025-10-11T10:12:22.433077477Z,2025-10-11T10:14:24.323667318Z,0.046690,121.890590,121.937280,2.75,15,0,60s
NGC7023,6ec2a8db-8929-4318-93b0-7305d3bfcb23,2025-10-11T10:12:39.33787692Z,2025-10-11T10:12:39.45922033Z,2025-10-11T10:14:41.450433772Z,0.121343,121.991213,122.112557,2.74,15,0,60s
NGC7029,9a96e5c2-08fa-4981-941a-1313b0b4d747,2025-10-11T10:12:52.165053396Z,2025-10-11T10:12:52.465959508Z,2025-10-11T10:14:53.194428713Z,0.300906,120.728469,121.029375,2.75,15,0,60s
NGC7023,d1e8c33b-c3b9-4853-bd38-42dfd542381c,2025-10-11T10:12:52.480551122Z,2025-10-11T10:12:52.56816872Z,2025-10-11T10:15:23.567678331Z,0.087618,150.999510,151.087127,2.75,15,1,60s
NGC7029,d88159b1-c7bf-49ee-a03a-fbf7a41171d2,2025-10-11T10:13:07.567170753Z,2025-10-11T10:13:07.626895219Z,2025-10-11T10:15:50.307337804Z,0.059724,162.680443,162.740167,2.76,15,0,60s
NGC7023,17893fe3-bf97-4bb8-b92f-fda589d15e94,2025-10-11T10:13:08.315315145Z,2025-10-11T10:13:08.676052346Z,2025-10-11T10:14:56.733049164Z,0.360737,108.056997,108.417734,2.51,15,0,60s
NGC7029,7747b81f-6ad1-4ad3-a3d6-7f1cd93b7c72,2025-10-11T10:13:19.478433494Z,2025-10-11T10:13:20.030912273Z,2025-10-11T10:15:20.538630612Z,0.552479,120.507718,121.060197,2.75,15,0,60s
NGC7029,ada0825f-e8e5-4b48-afb8-77f90fcf4139,2025-10-11T10:13:28.93342312Z,2025-10-11T10:13:29.079402982Z,2025-10-11T10:15:26.958344477Z,0.145980,117.878941,118.024921,2.74,15,0,60s
NGC7029,af0fb7a1-22bf-444a-b81d-d9078e820439,2025-10-11T10:13:40.553915673Z,2025-10-11T10:13:41.394066016Z,2025-10-11T10:15:39.077444082Z,0.840150,117.683378,118.523528,2.75,15,0,60s
NGC7026,e4ed0bcd-f555-4562-b3b6-5ed08fe5e202,2025-10-11T10:13:53.946189448Z,2025-10-11T10:13:54.135253546Z,2025-10-11T10:17:02.034166483Z,0.189064,187.898913,188.087977,2.75,15,0,60s
NGC7029,5f7d97bd-b315-445b-98bf-3b08434fa279,2025-10-11T10:13:57.804101275Z,2025-10-11T10:13:58.381239464Z,2025-10-11T10:15:45.949704915Z,0.577138,107.568465,108.145604,2.51,15,0,60s
NGC7026,a4b96b9a-2f36-43e1-94fd-873a97e3f079,2025-10-11T10:14:06.746812879Z,2025-10-11T10:14:06.892330978Z,2025-10-11T10:16:11.685362648Z,0.145518,124.793032,124.938550,2.76,15,0,60s
NGC7026,726db648-ed8c-4465-a9b0-cb0a56c79fd1,2025-10-11T10:14:22.324661704Z,2025-10-11T10:14:22.747792865Z,2025-10-11T10:16:14.933897422Z,0.423131,112.186105,112.609236,2.75,15,0,60s
NGC7026,488cd74a-d464-4da2-a0fb-2cdfb4bae81e,2025-10-11T10:14:35.970151562Z,2025-10-11T10:14:36.776097955Z,2025-10-11T10:16:37.696039046Z,0.805946,120.919941,121.725887,2.74,15,0,60s
NGC7027,4af4ff3b-238c-4134-b096-f23b335e6383,2025-10-11T10:14:51.836067869Z,2025-10-11T10:14:51.878878191Z,2025-10-11T10:16:44.152409856Z,0.042810,112.273532,112.316342,2.75,15,0,60s
NGC7026,e7b658ab-75e2-4e0a-9e76-cb24d3478101,2025-10-11T10:14:58.929279951Z,2025-10-11T10:14:58.981150401Z,2025-10-11T10:16:58.287745228Z,0.051870,119.306595,119.358465,2.75,15,0,60s
NGC7027,0217a434-425a-4a5a-99b9-fda8dd294b8e,2025-10-11T10:15:04.755714846Z,2025-10-11T10:15:04.781250918Z,2025-10-11T10:17:06.48819765Z,0.025536,121.706947,121.732483,2.76,15,0,60s
NGC7026,c0e64c39-d128-4913-88d6-e4bd0cdc76d1,2025-10-11T10:15:13.494871123Z,2025-10-11T10:15:13.993099251Z,2025-10-11T10:16:54.738227623Z,0.498228,100.745128,101.243357,2.51,15,0,60s
NGC7027,db0d394e-52a8-4f7d-b56e-f11886bdbe28,2025-10-11T10:15:24.244347499Z,2025-10-11T10:15:24.309482138Z,2025-10-11T10:17:22.142531752Z,0.065135,117.833050,117.898184,2.75,15,0,60s
NGC7027,52e595a7-c35c-49a8-8edd-bc9dabbb509e,2025-10-11T10:15:42.287528601Z,2025-10-11T10:15:42.4222406Z,2025-10-11T10:17:45.780979316Z,0.134712,123.358739,123.493451,2.74,15,0,60s
NGC7028,5a91818d-9c70-4f2d-8a70-ef8fa631186f,2025-10-11T10:15:51.627701456Z,2025-10-11T10:15:51.676130803Z,2025-10-11T10:17:54.118103962Z,0.048429,122.441973,122.490403,2.75,15,0,60s
NGC7027,3735cf74-50d5-47ec-9944-9f1c8328900c,2025-10-11T10:16:05.234377098Z,2025-10-11T10:16:05.757130156Z,2025-10-11T10:17:59.803518525Z,0.522753,114.046388,114.569141,2.75,15,0,60s
NGC7028,3abe7012-bf34-4c1c-b38f-a0601bede10a,2025-10-11T10:16:15.060927076Z,2025-10-11T10:16:15.130875092Z,2025-10-11T10:19:41.419766993Z,0.069948,206.288892,206.358840,2.76,15,0,60s
NGC7027,cd90f2de-2acb-4837-8fb6-6dba4c35782f,2025-10-11T10:16:19.498173472Z,2025-10-11T10:16:20.122918124Z,2025-10-11T10:18:10.585645408Z,0.624745,110.462727,111.087472,2.51,15,0,60s
NGC7028,0cc9c39b-a065-4c11-99fd-33107f07ab2f,2025-10-11T10:16:25.581178564Z,2025-10-11T10:16:26.21207139Z,2025-10-11T10:18:24.392818479Z,0.630893,118.180747,118.811640,2.75,15,0,60s
NGC7028,3ebbb72c-8d2f-4f5f-8105-0d61992fa7cb,2025-10-11T10:16:45.586205992Z,2025-10-11T10:16:46.150030211Z,2025-10-11T10:18:58.259166013Z,0.563824,132.109136,132.672960,2.74,15,0,60s
NGC7020,0bfe0f13-4dcf-4a37-9d5c-37619217031c,2025-10-11T10:16:52.491190442Z,2025-10-11T10:16:53.174331156Z,2025-10-11T10:19:02.17827228Z,0.683141,129.003941,129.687082,2.75,15,0,60s
NGC7028,ab0dd4e9-353e-41d5-ad83-218ae5fed7c6,2025-10-11T10:17:03.80721778Z,2025-10-11T10:17:04.251580771Z,2025-10-11T10:19:08.855835035Z,0.444363,124.604254,125.048617,2.75,15,0,60s
NGC7020,a135d7e1-9c3c-4aaa-8ec3-63ccf01c6a85,2025-10-11T10:17:13.850622474Z,2025-10-11T10:17:14.118018798Z,2025-10-11T10:19:28.615842421Z,0.267396,134.497824,134.765220,2.76,15,0,60s
NGC7028,aa713b62-ba56-4101-bbe7-cca1d8855206,2025-10-11T10:17:20.490370703Z,2025-10-11T10:17:20.582612699Z,2025-10-11T10:19:24.288925346Z,0.092242,123.706313,123.798555,2.51,15,0,60s
NGC7020,2da65361-1eb0-4bac-8db7-c5125d724ff9,2025-10-11T10:17:33.113320527Z,2025-10-11T10:17:33.368859666Z,2025-10-11T10:20:14.106489393Z,0.255539,160.737630,160.993169,2.75,15,0,60s
NGC7020,f8a201c2-2484-4003-ab1a-d1d4ffe62513,2025-10-11T10:17:48.83999966Z,2025-10-11T10:17:49.618690966Z,2025-10-11T10:20:00.787370138Z,0.778691,131.168679,131.947370,2.74,15,0,60s
NGC7020,909b788c-998c-4cb3-8fad-b55e0cd035a0,2025-10-11T10:18:07.923421497Z,2025-10-11T10:18:07.98388909Z,2025-10-11T10:20:03.324080519Z,0.060468,115.340191,115.400659,2.75,15,0,60s
NGC7020,29682863-b384-4285-8a63-ff637a0077e8,2025-10-11T10:18:28.078054553Z,2025-10-11T10:18:28.207198643Z,2025-10-11T10:20:09.338945399Z,0.129144,101.131747,101.260891,2.51,15,0,60s
NGC7020,e74f65a5-cda0-45e3-a3ba-45ed0cfb3fa0,2025-10-11T10:39:39.98692222Z,2025-10-11T10:39:40.016119355Z,2025-10-11T10:43:02.653057561Z,0.029197,202.636938,202.666135,6.11,25,0,90s
NGC7020,7fb4d2a3-7443-4b1a-83ea-44e94e7e1ae8,2025-10-11T10:40:03.477980445Z,2025-10-11T10:40:03.638799579Z,2025-10-11T10:43:09.300664517Z,0.160819,185.661865,185.822684,6.10,25,0,90s
NGC7020,b1718232-6080-4fef-8b7f-e561a9e25c9b,2025-10-11T10:40:52.207776262Z,2025-10-11T10:40:52.370532622Z,2025-10-11T10:43:05.322050283Z,0.162756,132.951518,133.114274,4.06,25,0,90s
NGC7021,60c525d1-ded5-463e-ad90-cd5b8e52604b,2025-10-11T10:41:10.045365933Z,2025-10-11T10:41:10.124988093Z,2025-10-11T10:44:21.769257022Z,0.079622,191.644269,191.723891,6.11,25,0,90s
NGC7021,fdbb5a64-9cb5-4aea-b9f3-b91c19e18da9,2025-10-11T10:41:38.983371242Z,2025-10-11T10:41:39.103252688Z,2025-10-11T10:44:46.521123337Z,0.119881,187.417871,187.537752,6.10,25,0,90s
NGC7021,9666d8ee-fe32-4ca8-858c-9cd8d0e1b595,2025-10-11T10:42:13.750055161Z,2025-10-11T10:42:13.843245528Z,2025-10-11T10:44:15.738960752Z,0.093190,121.895715,121.988906,4.06,25,0,90s
NGC7037,defbb934-6299-465d-8c24-5ddb7ed76f74,2025-10-11T10:42:47.609682761Z,2025-10-11T10:42:47.709870014Z,2025-10-11T10:46:02.154272552Z,0.100187,194.444403,194.544590,6.11,25,0,90s
NGC7037,db61091c-9398-41fd-99dd-95d58ddee614,2025-10-11T10:43:36.561669226Z,2025-10-11T10:43:36.667311981Z,2025-10-11T10:46:45.631946166Z,0.105643,188.964634,189.070277,6.10,25,0,90s
NGC7037,1964b260-96da-4247-a877-905b0ca08d67,2025-10-11T10:44:10.511008056Z,2025-10-11T10:44:10.710035644Z,2025-10-11T10:46:32.295750104Z,0.199028,141.585714,141.784742,4.06,25,0,90s
NGC7028,1b6a7459-8158-426a-b7c1-c1ad14a95a54,2025-10-11T10:44:11.362222391Z,2025-10-11T10:44:11.49637934Z,2025-10-11T10:47:33.852779675Z,0.134157,202.356400,202.490557,6.11,25,0,90s
NGC7028,7d3cc0be-4a09-415a-830a-7ccaf7463f20,2025-10-11T10:44:49.505776601Z,2025-10-11T10:44:49.576812112Z,2025-10-11T10:48:02.838367419Z,0.071036,193.261555,193.332591,6.10,25,0,90s
NGC7028,bd63305c-a830-4d0b-9583-3bd83151c709,2025-10-11T10:45:30.335329647Z,2025-10-11T10:45:30.373376217Z,2025-10-11T10:47:41.587454084Z,0.038047,131.214078,131.252124,4.06,25,0,90s
NGC7031,0a8dc3fa-7487-4f33-963e-e56c436e5826,2025-10-11T10:45:45.699953926Z,2025-10-11T10:45:45.876319271Z,2025-10-11T10:49:00.227487877Z,0.176365,194.351169,194.527534,6.11,25,0,90s
NGC7031,24bfbf27-4add-4de6-9f59-ae6a1ffaf69d,2025-10-11T10:46:44.641169201Z,2025-10-11T10:46:44.673055332Z,2025-10-11T10:49:54.547331323Z,0.031886,189.874276,189.906162,6.10,25,0,90s
NGC7027,6bc71e85-bdd0-409f-b3ee-a8ef70339fd8,2025-10-11T10:47:10.775429608Z,2025-10-11T10:47:10.839072344Z,2025-10-11T10:50:16.862628716Z,0.063643,186.023556,186.087199,6.11,25,0,90s
NGC7031,a2da8927-cc67-4503-8b0c-210a3e69a492,2025-10-11T10:47:24.404810892Z,2025-10-11T10:47:24.429031475Z,2025-10-11T10:49:26.971260201Z,0.024221,122.542229,122.566449,4.06,25,0,90s
NGC7027,22397700-aac0-4971-933a-e7a453fab61c,2025-10-11T10:48:01.190467255Z,2025-10-11T10:48:01.2484388Z,2025-10-11T10:51:29.540864946Z,0.057972,208.292426,208.350398,6.10,25,0,90s
NGC7034,2d6b4f2d-556c-477b-afa5-bbe0fc48fa95,2025-10-11T10:48:43.724234545Z,2025-10-11T10:48:43.917929857Z,2025-10-11T10:51:52.621791587Z,0.193695,188.703862,188.897557,6.11,25,0,90s
NGC7027,168a676f-a5f4-4edc-b030-f99ebc7add77,2025-10-11T10:48:57.913930416Z,2025-10-11T10:48:57.937649522Z,2025-10-11T10:51:14.745293787Z,0.023719,136.807644,136.831363,4.06,25,0,90s
NGC7034,768a0508-11b6-433f-89ef-effa6d846d09,2025-10-11T10:49:31.395957869Z,2025-10-11T10:49:31.50090041Z,2025-10-11T10:52:42.080929759Z,0.104943,190.580029,190.684972,6.10,25,0,90s
NGC7026,aed020ce-c13d-40a1-901b-3cabb8c5aea1,2025-10-11T10:50:11.136464717Z,2025-10-11T10:50:11.148409911Z,2025-10-11T10:53:12.813381524Z,0.011945,181.664972,181.676917,6.11,25,0,90s
NGC7034,f07ab961-f7c7-464b-ba3b-c244d15c3a31,2025-10-11T10:50:11.427693537Z,2025-10-11T10:50:11.514438586Z,2025-10-11T10:52:24.939485185Z,0.086745,133.425047,133.511792,4.06,25,0,90s
NGC7026,1a427473-1633-476e-8dfd-30f85a52a0e1,2025-10-11T10:50:46.330419481Z,2025-10-11T10:50:46.359368603Z,2025-10-11T10:53:56.470489552Z,0.028949,190.111121,190.140070,6.10,25,0,90s
NGC7030,f742eaae-2dc8-4e27-a35b-ed9182612263,2025-10-11T10:51:42.540219637Z,2025-10-11T10:51:42.57957935Z,2025-10-11T10:54:55.805592583Z,0.039360,193.226013,193.265373,6.11,25,0,90s
NGC7026,f6ff67be-6c83-4dee-8175-db22c4ab329e,2025-10-11T10:51:46.558691145Z,2025-10-11T10:51:46.584249436Z,2025-10-11T10:53:51.705564564Z,0.025558,125.121315,125.146873,4.06,25,0,90s
NGC7030,f73914dd-d300-46bd-be7d-14e82fdbbb47,2025-10-11T10:52:13.950531629Z,2025-10-11T10:52:14.064742179Z,2025-10-11T10:55:28.503709271Z,0.114211,194.438967,194.553178,6.10,25,0,90s
NGC7030,f7d6a9b6-320f-4b03-80d1-1694b02e6491,2025-10-11T10:52:46.122832924Z,2025-10-11T10:52:46.338288028Z,2025-10-11T10:55:03.517823224Z,0.215455,137.179535,137.394990,4.06,25,0,90s
NGC7024,eb46b814-8772-4c9e-8ac6-9d2a0bf7984d,2025-10-11T10:53:13.438636553Z,2025-10-11T10:53:13.536823492Z,2025-10-11T10:56:35.882474023Z,0.098187,202.345651,202.443837,6.11,25,0,90s
NGC7024,594ed99f-3d9b-442a-94fa-f457bdd9ca8c,2025-10-11T10:54:24.98399282Z,2025-10-11T10:54:25.0726614Z,2025-10-11T10:57:46.879203183Z,0.088669,201.806542,201.895210,6.10,25,0,90s
NGC7022,194744b6-3423-45d0-b03b-9a73bfc3be18,2025-10-11T10:54:42.67536472Z,2025-10-11T10:54:42.754138046Z,2025-10-11T10:57:53.817050761Z,0.078773,191.062913,191.141686,6.11,25,0,90s
NGC7024,7fce0b17-42f2-4f95-93b2-6e0d7eafe3ba,2025-10-11T10:55:15.142897227Z,2025-10-11T10:55:15.189038594Z,2025-10-11T10:57:37.255754188Z,0.046141,142.066716,142.112857,4.06,25,0,90s
NGC7022,3829fd3d-a913-45de-b8f3-d37525754e08,2025-10-11T10:55:32.174260804Z,2025-10-11T10:55:32.220532416Z,2025-10-11T10:58:40.152995501Z,0.046272,187.932463,187.978735,6.10,25,0,90s
NGC7022,aebcdaa7-5693-42ab-9b89-ba1ff420b7d1,2025-10-11T10:55:58.824751743Z,2025-10-11T10:55:58.91930123Z,2025-10-11T10:57:59.656399902Z,0.094549,120.737099,120.831648,4.06,25,0,90s
NGC7025,97d37555-74a6-45c7-981c-bba67c26b42c,2025-10-11T10:56:09.93848732Z,2025-10-11T10:56:10.028763619Z,2025-10-11T10:59:22.51054029Z,0.090276,192.481777,192.572053,6.11,25,0,90s
NGC7036,34345397-822d-44b9-8068-2c7105c88715,2025-10-11T10:57:47.390406555Z,2025-10-11T10:57:47.440130651Z,2025-10-11T11:01:25.057925828Z,0.049724,217.617795,217.667519,6.11,25,0,90s
NGC7025,f13d0c0d-e0bf-4ec3-86b7-a666aa4befb7,2025-10-11T10:57:52.25746592Z,2025-10-11T10:57:52.369549104Z,2025-10-11T11:01:33.542249303Z,0.112083,221.172700,221.284783,6.10,25,0,90s
NGC7036,1676b064-fe2f-456d-854a-100ff952a9f6,2025-10-11T10:58:53.474118143Z,2025-10-11T10:58:53.54199702Z,2025-10-11T11:03:34.197500216Z,0.067879,280.655503,280.723382,6.10,25,0,90s
NGC7025,5dcc6ce5-89dd-40dd-8561-08089707aeb5,2025-10-11T10:58:58.064359781Z,2025-10-11T10:58:58.111929883Z,2025-10-11T11:02:32.695556824Z,0.047570,214.583627,214.631197,4.06,25,0,90s
NGC7032,9e5b1860-be1b-4f67-9e21-04bb9ee7e2a6,2025-10-11T10:59:10.243238862Z,2025-10-11T10:59:10.297241303Z,2025-10-11T11:03:48.018854448Z,0.054002,277.721613,277.775616,6.11,25,0,90s
NGC7036,8f40f5f2-02eb-4a6c-b740-6f229adc03f0,2025-10-11T10:59:33.070985237Z,2025-10-11T10:59:33.156518553Z,2025-10-11T11:02:37.064259663Z,0.085533,183.907741,183.993274,4.06,25,0,90s
NGC7032,e1c08676-52db-4157-ae6a-4c2fbc15a66d,2025-10-11T10:59:44.042195221Z,2025-10-11T10:59:44.185703962Z,2025-10-11T11:04:23.862756299Z,0.143509,279.677052,279.820561,6.10,25,0,90s
NGC7032,956df9fa-09e7-4db8-80f3-3bd4df3eef25,2025-10-11T11:00:15.423282658Z,2025-10-11T11:00:15.536418168Z,2025-10-11T11:03:39.062145829Z,0.113136,203.525728,203.638863,4.06,25,0,90s
NGC7029,cfa665a1-fec6-47b0-a212-7a17c8cd7426,2025-10-11T11:00:44.689895664Z,2025-10-11T11:00:44.828036568Z,2025-10-11T11:05:34.616188903Z,0.138141,289.788152,289.926293,6.11,25,0,90s
NGC7029,5aa5cdd5-b9e0-4c81-ab5b-ab844a2fa612,2025-10-11T11:01:36.887483259Z,2025-10-11T11:01:37.026240154Z,2025-10-11T11:06:46.796015179Z,0.138757,309.769775,309.908532,6.10,25,0,90s
NGC7035,bb14bc1b-38f4-4a07-a519-094153ab1be4,2025-10-11T11:02:15.314134716Z,2025-10-11T11:02:15.474502841Z,2025-10-11T11:07:32.115558004Z,0.160368,316.641055,316.801423,6.11,25,0,90s
NGC7029,ef9e01ea-d4ef-42b7-b498-294b7509aab6,2025-10-11T11:02:19.564302098Z,2025-10-11T11:02:19.848583424Z,2025-10-11T11:05:21.312745697Z,0.284281,181.464162,181.748444,4.06,25,0,90s
NGC7035,2063c432-72db-467a-92d5-ca6dd00d208e,2025-10-11T11:02:43.653013285Z,2025-10-11T11:02:43.760229508Z,2025-10-11T11:07:55.951414959Z,0.107216,312.191185,312.298402,6.10,25,0,90s
NGC7035,9df22c8f-b175-4d2f-9a3e-ff088063be4f,2025-10-11T11:03:11.970352212Z,2025-10-11T11:03:12.171563002Z,2025-10-11T11:06:36.799365596Z,0.201211,204.627803,204.829013,4.06,25,0,90s
NGC7038,970fd876-2bab-4249-b8cd-01abbf4e9b76,2025-10-11T11:03:41.335785637Z,2025-10-11T11:03:41.541266546Z,2025-10-11T11:10:51.324997067Z,0.205481,429.783731,429.989211,6.11,25,0,90s
NGC7038,0143feea-27a7-4dd0-90a2-8add533a8047,2025-10-11T11:04:18.583669233Z,2025-10-11T11:04:18.69241974Z,2025-10-11T11:11:25.439788288Z,0.108751,426.747369,426.856119,6.10,25,0,90s
NGC7038,7d1a8483-d6b7-4507-b9ff-a35bc2c083cc,2025-10-11T11:04:46.068155908Z,2025-10-11T11:04:46.25343467Z,2025-10-11T11:08:32.75061709Z,0.185279,226.497182,226.682461,4.06,25,0,90s
NGC7023,4bff16e8-a5cd-481d-8700-76ace78b8df0,2025-10-11T11:05:10.090453589Z,2025-10-11T11:05:10.379390009Z,2025-10-11T11:10:47.13841939Z,0.288936,336.759029,337.047966,6.11,25,0,90s
NGC7023,5356db44-405e-4919-8ed3-af3da9fe51bd,2025-10-11T11:05:41.682188286Z,2025-10-11T11:05:42.119437162Z,2025-10-11T11:11:09.352038625Z,0.437249,327.232601,327.669850,6.10,25,0,90s
NGC7023,4d2d91c7-6519-4ba6-81eb-7aae7d3dfcf2,2025-10-11T11:06:07.719457188Z,2025-10-11T11:06:07.758742749Z,2025-10-11T11:09:39.544400833Z,0.039286,211.785658,211.824944,4.06,25,0,90s
NGC7039,53471f0f-d89c-4810-b570-5814e43e75b7,2025-10-11T11:06:43.67649719Z,2025-10-11T11:06:43.740371534Z,2025-10-11T11:12:35.472959618Z,0.063874,351.732588,351.796462,6.11,25,0,90s
NGC7039,312ceee9-72d0-497a-bd68-8ceeafe3ca81,2025-10-11T11:07:19.526127352Z,2025-10-11T11:07:19.825259204Z,2025-10-11T11:12:13.55967866Z,0.299132,293.734419,294.033551,6.10,25,0,90s
NGC7039,2ab62723-6921-40e3-b941-2dac3f79b7c4,2025-10-11T11:08:06.14941305Z,2025-10-11T11:08:06.314576004Z,2025-10-11T11:11:34.002651686Z,0.165163,207.688076,207.853239,4.06,25,0,90s
NGC7033,a4b2b1c9-6a62-48d2-8fb2-7054c693fdcc,2025-10-11T11:08:12.885600951Z,2025-10-11T11:08:13.027120811Z,2025-10-11T11:12:39.165329288Z,0.141520,266.138208,266.279728,6.11,25,0,90s
NGC7033,fd065f3b-7c2a-48eb-9489-7e81187bc92c,2025-10-11T11:08:50.193793179Z,2025-10-11T11:08:50.445962299Z,2025-10-11T11:12:55.306881356Z,0.252169,244.860919,245.113088,6.10,25,0,90s
NGC7033,5a6b3194-5849-49a2-8282-25a12f9e53e2,2025-10-11T11:09:37.09063388Z,2025-10-11T11:09:37.287989754Z,2025-10-11T11:12:42.700876543Z,0.197356,185.412887,185.610243,4.06,25,0,90s
NGC7021,7f01d5b4-0965-4ea9-a72a-066f017c4fe9,2025-10-11T11:38:39.751706936Z,2025-10-11T11:38:40.014411085Z,2025-10-11T11:39:10.136686791Z,0.262704,30.122276,30.384980,0.60,1,0,60s
NGC7021,4b19427c-70f4-467c-a01c-021a01e44aec,2025-10-11T11:38:41.744559404Z,2025-10-11T11:39:10.094206073Z,2025-10-11T11:39:39.581272191Z,28.349647,29.487066,57.836713,0.60,1,0,60s
NGC7021,d28deaaf-a648-4936-9df1-862041c7eb04,2025-10-11T11:38:45.591621393Z,2025-10-11T11:39:42.177321489Z,2025-10-11T11:40:17.925534987Z,56.585700,35.748213,92.333914,0.60,1,1,60s
NGC7021,a334b7d5-e26b-443a-84fd-f405e6de349b,2025-10-11T11:38:48.323283353Z,2025-10-11T11:40:22.264894615Z,2025-10-11T11:40:54.231420061Z,93.941611,31.966525,125.908137,0.60,1,2,60s
NGC7021,6e14b879-b0d9-4fc5-9b4d-7e55cc1c7cb4,2025-10-11T11:38:52.00385519Z,2025-10-11T11:40:55.357781966Z,2025-10-11T11:41:25.542837561Z,123.353927,30.185056,153.538982,0.60,1,3,60s
NGC7021,ba669f3d-9aa5-4a3b-a141-f99c6656d4f2,2025-10-11T11:38:55.442889688Z,2025-10-11T11:41:28.447266526Z,2025-10-11T11:42:01.936134397Z,153.004377,33.488868,186.493245,0.60,1,4,60s
NGC7021,1c463dcf-1661-4869-9205-8fb1fc9e8c9b,2025-10-11T11:38:58.169000338Z,2025-10-11T11:42:05.525850782Z,2025-10-11T11:42:35.256000623Z,187.356850,29.730150,217.087000,0.60,1,5,60s
NGC7021,c54f4731-969f-4a96-92f9-021e7f3ad42d,2025-10-11T11:39:02.081070237Z,2025-10-11T11:42:37.608721644Z,2025-10-11T11:43:07.828045926Z,215.527651,30.219324,245.746976,0.60,1,6,60s
NGC7021,7ce7c651-78e9-43ce-9ce0-d998f7137ada,2025-10-11T11:39:03.546856219Z,2025-10-11T11:43:10.725949717Z,2025-10-11T11:43:40.235892031Z,247.179093,29.509942,276.689036,0.60,1,7,60s
NGC7021,ceeb343c-24df-4059-a3a7-b6015e3587d3,2025-10-11T11:39:06.475045989Z,2025-10-11T11:43:43.812164844Z,2025-10-11T11:44:14.761812947Z,277.337119,30.949648,308.286767,0.60,1,8,60s
NGC7021,0152679c-5976-4767-98e9-b59b29e55420,2025-10-11T11:39:12.5249605Z,2025-10-11T11:44:16.902130869Z,2025-10-11T11:44:48.15307793Z,304.377170,31.250947,335.628117,0.60,1,8,60s
NGC7021,25fb96c5-8056-4a8b-9128-800ae13db92b,2025-10-11T11:39:15.950497505Z,2025-10-11T11:44:50.994174086Z,2025-10-11T11:45:28.528752178Z,335.043677,37.534578,372.578255,0.60,1,9,60s
NGC7021,0b02721d-837f-4374-a5f9-ece3062a9fe9,2025-10-11T11:39:18.859269136Z,2025-10-11T11:45:32.076768627Z,2025-10-11T11:46:03.604221648Z,373.217499,31.527453,404.744953,0.60,1,10,60s
NGC7021,da5c1ff0-5499-4611-86b0-a71d6cbdd390,2025-10-11T11:39:21.736927134Z,2025-10-11T11:46:05.125582975Z,2025-10-11T11:46:35.981448568Z,403.388656,30.855866,434.244521,0.60,1,11,60s
NGC7021,889cc7cc-5742-4522-94ca-744cae59d9ad,2025-10-11T11:39:24.498084331Z,2025-10-11T11:46:39.182449134Z,2025-10-11T11:47:06.763511957Z,434.684365,27.581063,462.265428,0.60,1,12,60s
NGC7021,daf104a2-489e-486d-9d02-20e6bc3f8b41,2025-10-11T11:39:28.416232233Z,2025-10-11T11:47:10.258486154Z,2025-10-11T11:47:40.310380888Z,461.842254,30.051895,491.894149,0.60,1,13,60s
NGC7021,17c23e7c-f52b-480e-b650-14faa08585ee,2025-10-11T11:39:30.032266139Z,2025-10-11T11:47:42.339648844Z,2025-10-11T11:48:14.673953221Z,492.307383,32.334304,524.641687,0.59,1,14,60s
NGC7021,e2232389-4df9-4bbf-ba90-62a5db780b2e,2025-10-11T11:39:32.690312406Z,2025-10-11T11:48:17.415351535Z,2025-10-11T11:48:48.001921225Z,524.725039,30.586570,555.311609,0.60,1,15,60s
NGC7021,eac73c80-973d-4b2e-8de8-44e6789b0086,2025-10-11T11:39:37.224558792Z,2025-10-11T11:48:49.494553542Z,2025-10-11T11:49:21.001226619Z,552.269995,31.506673,583.776668,0.59,1,16,60s
NGC7024,e1ca7043-1434-43e4-9393-8a46a5e8103a,2025-10-11T11:39:43.810491164Z,2025-10-11T11:49:22.549567567Z,2025-10-11T11:49:54.487073646Z,578.739076,31.937506,610.676582,0.60,1,16,60s
NGC7021,d5c7a4f9-3daa-49b9-8724-3c5272fa2564,2025-10-11T11:39:43.892211367Z,2025-10-11T11:49:57.627420173Z,2025-10-11T11:50:30.290131325Z,613.735209,32.662711,646.397920,0.60,1,17,60s
NGC7021,d0754dc8-4055-40a7-80ed-b5832d8436de,2025-10-11T11:39:46.554705035Z,2025-10-11T11:50:32.684656207Z,2025-10-11T11:51:04.445583034Z,646.129951,31.760927,677.890878,0.60,1,18,60s
NGC7024,095ce3a1-7a7b-49c3-8dff-41bcd5c67db6,2025-10-11T11:39:47.900266272Z,2025-10-11T11:51:06.766667722Z,2025-10-11T11:51:37.905572675Z,678.866401,31.138905,710.005306,0.60,1,19,60s
NGC7021,0cfb004e-380a-470f-a362-08b38dedd2e2,2025-10-11T11:39:48.736050831Z,2025-10-11T11:51:40.849711038Z,2025-10-11T11:52:11.222556049Z,712.113660,30.372845,742.486505,0.60,1,20,60s
NGC7024,eab240ac-2d09-41ac-a980-7c31bc6ab6a0,2025-10-11T11:39:50.49002934Z,2025-10-11T11:52:12.939082084Z,2025-10-11T11:52:45.888792792Z,742.449053,32.949711,775.398763,0.60,1,21,60s
NGC7021,7706df62-303a-43d0-ade2-fc815fe606e7,2025-10-11T11:39:52.590915999Z,2025-10-11T11:52:48.011828927Z,2025-10-11T11:53:15.446426496Z,775.420913,27.434598,802.855510,0.60,1,22,60s
NGC7024,8b576b2a-3384-41f7-ad97-266c1b62c1b6,2025-10-11T11:39:54.644052886Z,2025-10-11T11:53:18.082180451Z,2025-10-11T11:53:49.791102204Z,803.438128,31.708922,835.147049,0.60,1,23,60s
NGC7021,86bd181b-751d-4af8-84b8-2662dc9d49aa,2025-10-11T11:39:58.442828867Z,2025-10-11T11:53:54.14731123Z,2025-10-11T11:54:25.922572309Z,835.704482,31.775261,867.479743,0.60,1,24,60s
NGC7024,c4d57e57-4c31-488e-8cab-e59577330b8d,2025-10-11T11:40:01.108289161Z,2025-10-11T11:54:28.231718464Z,2025-10-11T11:54:58.312981724Z,867.123429,30.081263,897.204693,0.60,1,25,60s
NGC7021,b9e8ffcc-8d5a-4147-bcf4-c9f3750b0b05,2025-10-11T11:40:01.702156915Z,2025-10-11T11:55:01.310061296Z,2025-10-11T11:55:29.628171693Z,899.607904,28.318110,927.926015,0.60,1,26,60s
NGC7024,5c4e6883-baf5-4f17-a1a7-976d28e68d2d,2025-10-11T11:40:03.691916542Z,2025-10-11T11:55:32.391404387Z,2025-10-11T11:56:04.976292222Z,928.699488,32.584888,961.284376,0.60,1,27,60s
NGC7021,f585707a-39cb-4119-a8f9-be1f04a56445,2025-10-11T11:40:04.426080289Z,2025-10-11T11:56:07.480163655Z,2025-10-11T11:56:40.908130459Z,963.054083,33.427967,996.482050,0.60,1,28,60s
NGC7024,aac5bc99-3278-474c-b9d8-291b0bd2d753,2025-10-11T11:40:05.202148422Z,2025-10-11T11:56:43.557415604Z,2025-10-11T11:57:14.289704839Z,998.355267,30.732289,1029.087556,0.60,1,29,60s
NGC7021,c458ab50-8fff-43d9-ab69-78c287c50c18,2025-10-11T11:40:07.282257912Z,2025-10-11T11:57:19.646029445Z,2025-10-11T11:57:48.720154541Z,1032.363772,29.074125,1061.437897,0.60,1,30,60s
NGC7024,9a70f4e5-9104-463a-a59c-9b813d059e14,2025-10-11T11:40:08.051781685Z,2025-10-11T11:57:51.694779051Z,2025-10-11T11:58:19.116011396Z,1063.642997,27.421232,1091.064230,0.60,1,31,60s
NGC7021,cdfd28de-a411-4d4e-8a0f-7b59724ccdd6,2025-10-11T11:40:08.715710076Z,2025-10-11T11:58:22.768905887Z,2025-10-11T11:58:39.273638852Z,1094.053196,16.504733,1110.557929,0.12,1,32,60s
NGC7024,48ad9e51-994c-440b-9213-284b9fcb5ac7,2025-10-11T11:40:10.25315629Z,2025-10-11T11:58:42.815406248Z,2025-10-11T11:59:13.821746803Z,1112.562250,31.006341,1143.568591,0.60,1,33,60s
NGC7024,4697c6b7-7112-4a92-b9f6-91c64a823c2d,2025-10-11T11:40:12.620489951Z,2025-10-11T11:59:17.890351138Z,2025-10-11T11:59:49.960731652Z,1145.269861,32.070381,1177.340242,0.60,1,34,60s
NGC7024,0e1182bc-3b03-41ce-b5a3-369a96b45255,2025-10-11T11:40:16.633490467Z,2025-10-11T11:59:49.986725332Z,2025-10-11T12:00:20.338252321Z,1173.353235,30.351527,1203.704762,0.60,1,35,60s
NGC7024,7e246619-dbf0-4fe2-8b71-3f0fd69d18bb,2025-10-11T11:40:18.919224301Z,2025-10-11T12:00:25.078774317Z,2025-10-11T12:00:56.072885598Z,1206.159550,30.994111,1237.153661,0.60,1,36,60s
NGC7024,ad9f3c58-ab07-45b1-81d4-d3eed918c5ae,2025-10-11T11:40:21.599690218Z,2025-10-11T12:01:01.164058495Z,2025-10-11T12:01:31.975324629Z,1239.564368,30.811266,1270.375634,0.60,1,37,60s
NGC7024,02bfb217-2bfe-4667-9730-657c125f7dca,2025-10-11T11:40:24.69848189Z,2025-10-11T12:01:33.24295176Z,2025-10-11T12:02:05.376907712Z,1268.544470,32.133956,1300.678426,0.60,1,37,60s
NGC7024,9cc44769-d126-45db-b045-7ef992bfd5f7,2025-10-11T11:40:27.835472513Z,2025-10-11T12:02:08.323154658Z,2025-10-11T12:03:03.887102401Z,1300.487682,55.563948,1356.051630,0.60,1,38,60s
NGC7024,24197833-5be6-46c7-b664-cb31d57c1372,2025-10-11T11:40:29.69481438Z,2025-10-11T12:02:40.40429636Z,2025-10-11T12:03:12.241467515Z,1330.709482,31.837171,1362.546653,0.60,1,39,60s
NGC7024,5df573c9-ba41-4437-9374-45439ed820bf,2025-10-11T11:40:35.754173277Z,2025-10-11T12:03:17.486970175Z,2025-10-11T12:03:50.432678837Z,1361.732797,32.945709,1394.678506,0.59,1,40,60s
NGC7029,aca539e3-f79e-4219-8394-97aa3d58ed34,2025-10-11T11:40:41.313431554Z,2025-10-11T12:03:52.569456109Z,2025-10-11T12:04:23.159718329Z,1391.256025,30.590262,1421.846287,0.60,1,41,60s
NGC7024,989c2196-d2a4-4212-a060-12049e026bd0,2025-10-11T11:40:41.340054662Z,2025-10-11T12:04:27.635364177Z,2025-10-11T12:04:58.489754767Z,1426.295310,30.854391,1457.149700,0.60,1,42,60s
NGC7024,4df4f7f3-8515-4275-be7d-e2ff9957bbce,2025-10-11T11:40:43.240537141Z,2025-10-11T12:05:01.709200105Z,2025-10-11T12:05:30.392439485Z,1458.468663,28.683239,1487.151902,0.59,1,43,60s
NGC7029,8bf59935-1c61-43a5-acd0-e4b9e464c64d,2025-10-11T11:40:46.445020727Z,2025-10-11T12:05:31.787021694Z,2025-10-11T12:06:01.617681912Z,1485.342001,29.830660,1515.172661,0.60,1,44,60s
NGC7024,f91743d2-e918-4119-8507-62fc39f2e0d7,2025-10-11T11:40:49.471358304Z,2025-10-11T12:06:02.862873923Z,2025-10-11T12:06:40.180046482Z,1513.391516,37.317173,1550.708688,0.60,1,45,60s
NGC7029,b9936100-ef8f-4761-8ce4-c526ffa29c39,2025-10-11T11:40:51.025956035Z,2025-10-11T12:06:37.938124721Z,2025-10-11T12:07:13.22926816Z,1546.912169,35.291143,1582.203312,0.60,1,46,60s
NGC7029,4b3efa08-4637-4d87-b2b8-34a4fe6ed1dc,2025-10-11T11:40:52.20290243Z,2025-10-11T12:07:12.015541066Z,2025-10-11T12:07:43.559319955Z,1579.812639,31.543779,1611.356418,0.60,1,47,60s
NGC7024,88f2c447-1f1f-438d-893c-a755cfc78c33,2025-10-11T11:40:52.50551379Z,2025-10-11T12:07:48.094765148Z,2025-10-11T12:08:22.641644398Z,1615.589251,34.546879,1650.136131,0.60,1,48,60s
NGC7024,338716ea-1836-4725-907e-a1a743931b0c,2025-10-11T11:40:57.774640004Z,2025-10-11T12:08:24.159267432Z,2025-10-11T12:08:52.458799083Z,1646.384627,28.299532,1674.684159,0.60,1,48,60s
NGC7029,69e09066-15e0-4964-8134-374c646c0ecd,2025-10-11T11:41:00.182516651Z,2025-10-11T12:08:56.240913242Z,2025-10-11T12:09:25.674491086Z,1676.058397,29.433578,1705.491974,0.60,1,49,60s
NGC7024,b9eec99c-b54c-4cbc-b55d-b4ca98982181,2025-10-11T11:41:01.470984705Z,2025-10-11T12:09:27.316212961Z,2025-10-11T12:10:03.189321491Z,1705.845228,35.873109,1741.718337,0.60,1,50,60s
NGC7029,6f5f5191-8ddf-402c-9442-bb4c9176da13,2025-10-11T11:41:02.223212914Z,2025-10-11T12:09:58.387094476Z,2025-10-11T12:10:35.222447291Z,1736.163882,36.835353,1772.999234,0.60,1,51,60s
NGC7024,ca1e0839-1f46-4554-9074-d1e3f43a3238,2025-10-11T11:41:03.183868074Z,2025-10-11T12:10:32.46468242Z,2025-10-11T12:11:12.696741746Z,1769.280814,40.232059,1809.512874,0.60,1,52,60s
NGC7029,1498a62c-6382-429d-90f7-b047d533f909,2025-10-11T11:41:04.407406805Z,2025-10-11T12:11:02.53847951Z,2025-10-11T12:11:48.649446814Z,1798.131073,46.110967,1844.242040,0.60,1,53,60s
NGC7024,e38accaa-c14f-4baf-912e-6648a20b7be1,2025-10-11T11:41:06.44110242Z,2025-10-11T12:11:38.653197007Z,2025-10-11T12:12:06.086834904Z,1832.212095,27.433638,1859.645732,0.60,1,54,60s
NGC7029,8d979011-b110-4711-b741-2a25f9634eb8,2025-10-11T11:41:06.80348813Z,2025-10-11T12:12:08.726746574Z,2025-10-11T12:12:39.97134829Z,1861.923258,31.244602,1893.167860,0.60,1,55,60s
NGC7024,39afb3b0-29de-4093-84f3-1b2198a975a0,2025-10-11T11:41:08.792641723Z,2025-10-11T12:12:42.78152849Z,2025-10-11T12:13:18.810269838Z,1893.988887,36.028741,1930.017628,0.60,1,56,60s
NGC7029,3f8235fb-0e4b-4e26-af40-34c3b9c8b3a5,2025-10-11T11:41:09.125433151Z,2025-10-11T12:13:21.866001811Z,2025-10-11T12:13:50.266101349Z,1932.740569,28.400100,1961.140668,0.60,1,57,60s
NGC7024,e673897f-5cf1-499c-aa5d-cd7b9550de38,2025-10-11T11:41:10.659261148Z,2025-10-11T12:13:54.945553615Z,2025-10-11T12:14:28.204245512Z,1964.286292,33.258692,1997.544984,0.60,1,58,60s
NGC7029,6423d369-1780-4b63-801c-c49ee8d4be81,2025-10-11T11:41:11.249132547Z,2025-10-11T12:14:30.015612674Z,2025-10-11T12:14:59.581495671Z,1998.766480,29.565883,2028.332363,0.60,1,59,60s
NGC7024,95745270-df41-466c-b893-d488f3e9c2bf,2025-10-11T11:41:12.602557297Z,2025-10-11T12:15:04.080422929Z,2025-10-11T12:15:22.746346808Z,2031.477866,18.665924,2050.143790,0.12,1,60,60s
NGC7029,13ffd400-6782-4efc-851c-5613dba4b4e1,2025-10-11T11:41:13.189738295Z,2025-10-11T12:15:27.127871436Z,2025-10-11T12:15:59.443273204Z,2053.938133,32.315402,2086.253535,0.60,1,61,60s
NGC7029,421d8197-7b4b-471f-9116-fb10fc8b0f58,2025-10-11T11:41:15.694021124Z,2025-10-11T12:16:07.227051598Z,2025-10-11T12:16:38.782122319Z,2091.533030,31.555071,2123.088101,0.60,1,62,60s
NGC7029,6d6080ef-5cd5-4bd8-bc94-c0d2c0a3b6e4,2025-10-11T11:41:17.26311387Z,2025-10-11T12:16:44.316053028Z,2025-10-11T12:17:13.079497384Z,2127.052939,28.763444,2155.816384,0.60,1,63,60s
NGC7029,c9e0dab5-f2a9-40b3-91d5-a7f5354a93e5,2025-10-11T11:41:19.8829145Z,2025-10-11T12:17:14.395983611Z,2025-10-11T12:17:48.385687919Z,2154.513069,33.989704,2188.502773,0.60,1,64,60s
NGC7029,48c3e818-f2bb-4fad-af08-2c779d18ad38,2025-10-11T11:41:27.097548388Z,2025-10-11T12:17:50.470341854Z,2025-10-11T12:18:17.779900695Z,2183.372793,27.309559,2210.682352,0.60,1,65,60s
NGC7029,2e6ded46-787c-45ae-89b1-9d2a5d7639ef,2025-10-11T11:41:30.531298998Z,2025-10-11T12:18:21.537066817Z,2025-10-11T12:18:56.352812995Z,2211.005768,34.815746,2245.821514,0.60,1,65,60s
NGC7029,232924fc-9a70-4aea-aeef-ccdf3cd3accb,2025-10-11T11:41:34.556126224Z,2025-10-11T12:19:01.627941234Z,2025-10-11T12:19:32.356396616Z,2247.071815,30.728455,2277.800270,0.59,1,66,60s
NGC7020,5c7b47d4-e7fd-4f6f-bb4b-837d260bed1c,2025-10-11T11:41:44.728720838Z,2025-10-11T12:19:35.708762941Z,2025-10-11T12:20:03.698295273Z,2270.980042,27.989532,2298.969574,0.60,1,67,60s
NGC7029,40c6776a-59df-4465-bead-e42c845be3a6,2025-10-11T11:41:45.629954523Z,2025-10-11T12:20:06.778480001Z,2025-10-11T12:20:38.608175288Z,2301.148525,31.829695,2332.978221,0.60,1,68,60s
NGC7020,b11e650f-f537-4cec-8cbf-cec84b26625c,2025-10-11T11:41:47.233199578Z,2025-10-11T12:20:39.914987121Z,2025-10-11T12:21:09.956878393Z,2332.681788,30.041891,2362.723679,0.60,1,69,60s
NGC7029,8df3d619-db75-4037-98b9-b886ef6de961,2025-10-11T11:41:47.967917446Z,2025-10-11T12:21:13.048988785Z,2025-10-11T12:21:40.310360895Z,2365.081071,27.261372,2392.342443,0.59,1,70,60s
NGC7020,5e7c936d-cd01-42d0-af9b-25a9444cba36,2025-10-11T11:41:49.098582098Z,2025-10-11T12:21:44.120572387Z,2025-10-11T12:22:15.57202591Z,2395.021990,31.451454,2426.473444,0.60,1,71,60s
NGC7029,632f1bea-94cd-4488-8ad6-b1a2b403fc0c,2025-10-11T11:41:49.699112829Z,2025-10-11T12:22:18.174276256Z,2025-10-11T12:22:48.366620606Z,2428.475163,30.192344,2458.667508,0.60,1,72,60s
NGC7020,19ca8ee1-1ff5-48a9-9c54-f58ad65e5d97,2025-10-11T11:41:51.578030694Z,2025-10-11T12:22:51.253547996Z,2025-10-11T12:23:20.789665893Z,2459.675517,29.536118,2489.211635,0.60,1,73,60s
NGC7029,9dc21011-4527-495c-a0af-f0d42a16b50f,2025-10-11T11:41:51.946316254Z,2025-10-11T12:23:24.331944497Z,2025-10-11T12:23:55.377194445Z,2492.385628,31.045250,2523.430878,0.60,1,74,60s
NGC7020,e77a190e-4105-4192-b1e1-029380d5c590,2025-10-11T11:41:53.324804915Z,2025-10-11T12:23:57.4108629Z,2025-10-11T12:24:28.801028755Z,2524.086058,31.390166,2555.476224,0.60,1,75,60s
NGC7029,e30d225f-9be2-4b7f-9629-fdcf6b6c970b,2025-10-11T11:41:53.954933744Z,2025-10-11T12:24:33.476582839Z,2025-10-11T12:25:38.331682238Z,2559.521649,64.855099,2624.376748,0.60,1,76,60s
NGC7020,d36d40fd-e815-4387-8e24-b319cc59b61a,2025-10-11T11:41:55.423156159Z,2025-10-11T12:25:08.562019667Z,2025-10-11T12:25:52.835239735Z,2593.138864,44.273220,2637.412084,0.60,1,77,60s
NGC7029,c57dc91f-a3ca-4c63-8def-a57aa00cb1d4,2025-10-11T11:41:55.914450083Z,2025-10-11T12:25:51.677154327Z,2025-10-11T12:26:26.187418538Z,2635.762704,34.510264,2670.272968,0.60,1,78,60s
NGC7020,5e45f490-ee7c-42c2-8633-8e8a2129a59d,2025-10-11T11:41:57.157700479Z,2025-10-11T12:26:30.760671156Z,2025-10-11T12:27:06.187875044Z,2673.602971,35.427204,2709.030175,0.60,1,79,60s
NGC7029,f7ac1234-6afc-4c9a-a4ba-0f0352564e12,2025-10-11T11:41:58.522624894Z,2025-10-11T12:27:06.845263713Z,2025-10-11T12:27:40.284847548Z,2708.322639,33.439584,2741.762223,0.60,1,80,60s
NGC7020,69917e51-00f4-48c8-bdd4-72604d0bdf2d,2025-10-11T11:42:00.677854621Z,2025-10-11T12:27:39.927850354Z,2025-10-11T12:28:15.88451146Z,2739.249996,35.956661,2775.206657,0.60,1,81,60s
NGC7029,399fe1cb-fd2a-4d82-b168-ddf559b39e17,2025-10-11T11:42:03.002605131Z,2025-10-11T12:28:15.000566857Z,2025-10-11T12:28:46.310814069Z,2771.997962,31.310247,2803.308209,0.60,1,82,60s
NGC7020,44efebd2-6bb8-4d29-854d-aea38b3bd2e5,2025-10-11T11:42:04.875617325Z,2025-10-11T12:28:50.077416631Z,2025-10-11T12:29:21.033332109Z,2805.201799,30.955915,2836.157715,0.60,1,83,60s
NGC7029,ccc36698-6b87-4c0d-848a-be79867f00fc,2025-10-11T11:42:05.491621893Z,2025-10-11T12:29:25.157979983Z,2025-10-11T12:30:00.071450907Z,2839.666358,34.913471,2874.579829,0.60,1,84,60s
NGC7020,8dd51d19-91e8-415e-b5b1-68e9b8040edb,2025-10-11T11:42:06.994823634Z,2025-10-11T12:30:03.240346315Z,2025-10-11T12:30:35.112425435Z,2876.245523,31.872079,2908.117602,0.60,1,84,60s
NGC7029,27d49d75-0c48-4b77-8fab-c1109a133cef,2025-10-11T11:42:08.294522135Z,2025-10-11T12:30:37.318699728Z,2025-10-11T12:31:08.44125517Z,2909.024178,31.122555,2940.146733,0.60,1,85,60s
NGC7020,c8fc5719-c7cf-49d4-931d-5802d1a6ae2f,2025-10-11T11:42:08.611208084Z,2025-10-11T12:31:11.393822363Z,2025-10-11T12:31:40.068727799Z,2942.782614,28.674905,2971.457520,0.60,1,86,60s
NGC7029,a982d4f6-3d44-461e-a38f-f5ab7624342c,2025-10-11T11:42:10.7094493Z,2025-10-11T12:31:41.46197764Z,2025-10-11T12:31:58.345786131Z,2970.752528,16.883808,2987.636337,0.12,1,87,60s
NGC7020,66ec235a-a0f3-432f-8ab6-f4ae146e896e,2025-10-11T11:42:11.489812024Z,2025-10-11T12:32:03.50225107Z,2025-10-11T12:32:33.722087726Z,2992.012439,30.219837,3022.232276,0.60,1,88,60s
NGC7020,86e02cc5-c92e-466b-9a29-444527ba8893,2025-10-11T11:42:13.15732028Z,2025-10-11T12:32:37.610944208Z,2025-10-11T12:33:09.616518686Z,3024.453624,32.005574,3056.459198,0.60,1,89,60s
NGC7020,6c8f7e48-43f5-4a0c-b0c0-17046cdda491,2025-10-11T11:42:21.567246064Z,2025-10-11T12:33:14.709302648Z,2025-10-11T12:33:46.023382139Z,3053.142057,31.314079,3084.456136,0.60,1,90,60s
NGC7020,d0d4758e-d471-49d1-b001-ee1eddd0d654,2025-10-11T11:42:23.900497822Z,2025-10-11T12:33:50.786719547Z,2025-10-11T12:34:18.528227767Z,3086.886222,27.741508,3114.627730,0.60,1,91,60s
NGC7020,e622809e-b0dc-4aad-92ca-b1601a385d1f,2025-10-11T11:42:27.185781604Z,2025-10-11T12:34:22.87021662Z,2025-10-11T12:34:55.070809233Z,3115.684435,32.200593,3147.885028,0.60,1,92,60s
NGC7020,9aadba0e-e057-4eec-b47e-5d47bc190401,2025-10-11T11:42:28.883694487Z,2025-10-11T12:34:58.955115991Z,2025-10-11T12:35:29.442186814Z,3150.071422,30.487071,3180.558492,0.59,1,93,60s
NGC7020,d2ff67bb-6a33-465c-a89e-10b6f161d188,2025-10-11T11:42:31.759356903Z,2025-10-11T12:35:30.03103514Z,2025-10-11T12:36:05.263110895Z,3178.271678,35.232076,3213.503754,0.60,1,94,60s
NGC7020,bd6b4ae0-7ec1-4f93-b74a-b0e8ff4d012b,2025-10-11T11:42:33.380463043Z,2025-10-11T12:36:05.149827694Z,2025-10-11T12:36:36.305760019Z,3211.769365,31.155932,3242.925297,0.59,1,95,60s
NGC7020,5e5e325d-2e28-4e2e-82cf-5190b52f961d,2025-10-11T11:42:37.483436939Z,2025-10-11T12:36:38.248706224Z,2025-10-11T12:37:08.699282414Z,3240.765269,30.450576,3271.215845,0.60,1,96,60s
NGC7020,7de07281-17b4-4617-a097-84ea606d9908,2025-10-11T11:42:39.21474294Z,2025-10-11T12:37:12.337834991Z,2025-10-11T12:37:43.168398722Z,3273.123092,30.830564,3303.953656,0.60,1,96,60s
NGC7022,34c491fa-e410-44c6-988f-923924633a02,2025-10-11T11:42:39.330644254Z,2025-10-11T12:37:44.41909357Z,2025-10-11T12:38:13.555316103Z,3305.088449,29.136223,3334.224672,0.60,1,97,60s
NGC7022,65b93ac8-467d-48af-af92-4aa167ca3d7a,2025-10-11T11:42:41.165467147Z,2025-10-11T12:38:17.496704009Z,2025-10-11T12:38:48.155807203Z,3336.331237,30.659103,3366.990340,0.60,1,98,60s
NGC7020,4a196477-24ee-4cc8-a5dc-6b281598aeaa,2025-10-11T11:42:41.352241854Z,2025-10-11T12:38:50.542264464Z,2025-10-11T12:39:24.922348225Z,3369.190023,34.380084,3403.570106,0.60,1,99,60s
NGC7022,deb3a544-8545-4ca0-8e49-48c55fcb627d,2025-10-11T11:42:43.228802475Z,2025-10-11T12:39:26.597710484Z,2025-10-11T12:39:58.293525381Z,3403.368908,31.695815,3435.064723,0.60,1,100,60s
NGC7020,8a734339-d8a1-4159-af83-40fccf48dab8,2025-10-11T11:42:44.751357368Z,2025-10-11T12:40:01.67883122Z,2025-10-11T12:40:32.672231191Z,3436.927474,30.993400,3467.920874,0.60,1,101,60s
NGC7022,0de06558-3afa-468d-967c-229ef4ec4ceb,2025-10-11T11:42:45.090528387Z,2025-10-11T12:40:36.766426609Z,2025-10-11T12:41:05.110088716Z,3471.675898,28.343662,3500.019560,0.60,1,102,60s
NGC7020,f95261e9-da6e-4a53-9d71-77a41b3176dd,2025-10-11T11:42:46.607281526Z,2025-10-11T12:41:09.839483274Z,2025-10-11T12:41:39.250392259Z,3503.232202,29.410909,3532.643111,0.60,1,103,60s
NGC7022,bceaaca6-6376-429a-882f-d8041ef63afd,2025-10-11T11:42:47.993532368Z,2025-10-11T12:41:40.914110208Z,2025-10-11T12:42:11.985851172Z,3532.920578,31.071741,3563.992319,0.60,1,104,60s
NGC7020,9a48272f-ade3-42fa-b620-776f7401deb2,2025-10-11T11:42:49.148847407Z,2025-10-11T12:42:16.997159534Z,2025-10-11T12:42:51.731822927Z,3567.848312,34.734663,3602.582976,0.60,1,105,60s
NGC7022,5f994a0d-5047-455c-b13d-9c7c3252991b,2025-10-11T11:42:50.428109364Z,2025-10-11T12:42:49.070385443Z,2025-10-11T12:43:22.107259194Z,3598.642276,33.036874,3631.679150,0.60,1,106,60s
NGC7020,10487e99-05a3-4857-beef-18613c4f08bf,2025-10-11T11:42:50.831490987Z,2025-10-11T12:43:29.128832593Z,2025-10-11T12:44:10.495475768Z,3638.297342,41.366643,3679.663985,0.60,1,107,60s
NGC7022,52a42469-0798-415c-9d9d-cfd48bf6d9a0,2025-10-11T11:42:52.383558245Z,2025-10-11T12:44:04.207519645Z,2025-10-11T12:44:38.938752268Z,3671.823961,34.731233,3706.555194,0.60,1,108,60s
NGC7020,62a86139-0a4c-4d01-adf9-fe1bb405ba9e,2025-10-11T11:42:52.630305827Z,2025-10-11T12:44:41.290226925Z,2025-10-11T12:45:13.544843156Z,3708.659921,32.254616,3740.914537,0.60,1,109,60s
NGC7020,dc63e6a7-c6bb-44e5-8847-98f3aaca4d09,2025-10-11T11:42:53.967707445Z,2025-10-11T12:45:15.37479741Z,2025-10-11T12:45:30.695544365Z,3741.407090,15.320747,3756.727837,0.12,1,110,60s
NGC7022,59613d38-b18e-4aa0-91a0-76241a5dded1,2025-10-11T11:42:54.02952163Z,2025-10-11T12:45:34.403722202Z,2025-10-11T12:46:04.152734203Z,3760.374201,29.749012,3790.123213,0.60,1,111,60s
NGC7022,25ced540-6186-48ef-9f8e-318d14998df2,2025-10-11T11:42:56.944665445Z,2025-10-11T12:46:05.477303806Z,2025-10-11T12:46:37.010788847Z,3788.532638,31.533485,3820.066123,0.60,1,112,60s
NGC7022,719dbdcf-076f-4b16-a00e-830e0dc9d67e,2025-10-11T11:43:03.26225378Z,2025-10-11T12:46:38.554635564Z,2025-10-11T12:47:08.57594663Z,3815.292382,30.021311,3845.313693,0.60,1,113,60s
NGC7022,855c18bb-f143-4ca7-9b1b-30439991f32e,2025-10-11T11:43:05.162565737Z,2025-10-11T12:47:11.630833503Z,2025-10-11T12:47:41.894852935Z,3846.468268,30.264019,3876.732287,0.60,1,114,60s
NGC7022,527682fd-5fe2-493d-b07f-4a2c59c5819e,2025-10-11T11:43:07.005916587Z,2025-10-11T12:47:46.711954068Z,2025-10-11T12:48:16.376487011Z,3879.706037,29.664533,3909.370570,0.60,1,115,60s
NGC7022,6833ce0c-62bf-410c-9882-e9095bf41549,2025-10-11T11:43:09.438904466Z,2025-10-11T12:48:21.799892001Z,2025-10-11T12:48:49.96895337Z,3912.360988,28.169061,3940.530049,0.60,1,116,60s
NGC7022,3a3e95fa-755f-46e6-8f28-0c2fa335f66c,2025-10-11T11:43:11.697632265Z,2025-10-11T12:48:52.904263824Z,2025-10-11T12:49:27.467394229Z,3941.206632,34.563130,3975.769762,0.60,1,116,60s
NGC7022,a444370b-bd74-4bfd-b716-6ea8ec02bb4f,2025-10-11T11:43:14.487761858Z,2025-10-11T12:49:29.989749437Z,2025-10-11T12:49:59.702738158Z,3975.501988,29.712989,4005.214976,0.60,1,117,60s
NGC7022,ded93da0-4214-49d7-9dcd-d29a2ee58429,2025-10-11T11:43:16.365395772Z,2025-10-11T12:50:01.059210608Z,2025-10-11T12:50:32.367812992Z,4004.693815,31.308602,4036.002417,0.60,1,118,60s
NGC7022,a7befc6d-45ab-48b9-9441-882154c0f9f1,2025-10-11T11:43:19.837390214Z,2025-10-11T12:50:34.13214955Z,2025-10-11T12:51:04.254242467Z,4034.294759,30.122093,4064.416852,0.59,1,119,60s
NGC7022,c0477b64-f7ab-443e-9e28-98c526ddbe16,2025-10-11T11:43:21.686141575Z,2025-10-11T12:51:05.207493533Z,2025-10-11T12:51:35.655522754Z,4063.521352,30.448029,4093.969381,0.60,1,120,60s
NGC7022,ce46249b-935d-4e1d-a81d-e07bfaf0c1a3,2025-10-11T11:43:27.699755556Z,2025-10-11T12:51:39.285193423Z,2025-10-11T12:52:07.128564372Z,4091.585438,27.843371,4119.428809,0.59,1,121,60s
NGC7022,8b3cc663-474b-40bd-8889-84ae9586ba60,2025-10-11T11:43:33.082889464Z,2025-10-11T12:52:11.369038873Z,2025-10-11T12:52:41.460537577Z,4118.286149,30.091499,4148.377648,0.60,1,122,60s
NGC7022,743936d9-28a2-4b22-aede-39477e0d6507,2025-10-11T11:43:35.982933214Z,2025-10-11T12:52:45.44603755Z,2025-10-11T12:53:15.961745599Z,4149.463104,30.515708,4179.978812,0.60,1,123,60s
NGC7022,abf53b41-f8eb-458c-aaa6-a4dc2ead92d1,2025-10-11T11:43:38.348322783Z,2025-10-11T12:53:21.527239702Z,2025-10-11T12:53:48.290562822Z,4183.178917,26.763323,4209.942240,0.60,1,124,60s
NGC7023,4e4a4aa4-dc97-42fd-a923-b2e5c1ecf438,2025-10-11T11:43:40.292615682Z,2025-10-11T12:53:52.604745666Z,2025-10-11T12:54:21.725758223Z,4212.312130,29.121013,4241.433143,0.60,1,125,60s
NGC7022,52ca0005-a62f-490a-8fee-b550c0bd0e50,2025-10-11T11:43:40.786011064Z,2025-10-11T12:54:25.694441485Z,2025-10-11T12:54:58.203300128Z,4244.908430,32.508859,4277.417289,0.60,1,126,60s
NGC7023,1e9edace-c252-42a0-9726-ddac9610934a,2025-10-11T11:43:41.776216962Z,2025-10-11T12:55:00.780857246Z,2025-10-11T12:55:28.594706569Z,4279.004640,27.813849,4306.818490,0.60,1,127,60s
NGC7022,22a96a18-fcfb-44f6-9992-c607a2d56136,2025-10-11T11:43:42.257425939Z,2025-10-11T12:55:30.856702835Z,2025-10-11T12:55:59.931939571Z,4308.599277,29.075237,4337.674514,0.60,1,128,60s
NGC7023,1e61f698-5c46-4e12-aafb-70177d362378,2025-10-11T11:43:45.155213025Z,2025-10-11T12:56:01.933286287Z,2025-10-11T12:56:39.885509928Z,4336.778073,37.952224,4374.730297,0.60,1,128,60s
NGC7022,002df3b1-5798-43f9-872d-4551015af0ac,2025-10-11T11:43:47.554690863Z,2025-10-11T12:56:38.019935521Z,2025-10-11T12:57:11.340330045Z,4370.465245,33.320395,4403.785639,0.60,1,129,60s
NGC7022,cb217a4b-629c-45d4-b82b-184f3a99ef94,2025-10-11T11:43:49.861553487Z,2025-10-11T12:57:14.093518594Z,2025-10-11T12:57:51.296129556Z,4404.231965,37.202611,4441.434576,0.60,1,130,60s
NGC7023,ee06e975-a661-4581-91ac-6b78fadbadc3,2025-10-11T11:43:50.158864611Z,2025-10-11T12:57:56.162279409Z,2025-10-11T12:58:27.880215051Z,4446.003415,31.717936,4477.721350,0.60,1,131,60s
NGC7022,9b313693-2b1e-4587-8aed-fdce29f12abe,2025-10-11T11:43:52.962435245Z,2025-10-11T12:58:30.251412759Z,2025-10-11T12:59:01.211524292Z,4477.288978,30.960112,4508.249089,0.60,1,132,60s
NGC7023,63da5b29-a3b8-45da-9b7c-42b002525372,2025-10-11T11:43:53.333682517Z,2025-10-11T12:59:04.32838578Z,2025-10-11T12:59:35.081425373Z,4510.994703,30.753040,4541.747743,0.60,1,133,60s
NGC7022,032064ca-4627-450b-af28-596ea8f04297,2025-10-11T11:43:54.154208549Z,2025-10-11T12:59:37.40447768Z,2025-10-11T12:59:53.239159541Z,4543.250269,15.834682,4559.084951,0.12,1,134,60s
NGC7023,00ebf0f4-64c0-49d5-8bef-c6b47a103add,2025-10-11T11:43:55.040144547Z,2025-10-11T12:59:56.445833208Z,2025-10-11T13:00:28.915347402Z,4561.405689,32.469514,4593.875203,0.60,1,135,60s
NGC7023,457eba39-0ff3-4835-ab0c-eef70567a928,2025-10-11T11:43:58.85403709Z,2025-10-11T13:00:31.528655292Z,2025-10-11T13:01:03.403237141Z,4592.674618,31.874582,4624.549200,0.60,1,136,60s
NGC7023,aba260b5-c310-4741-ab38-83ffeb4493c3,2025-10-11T11:44:01.452508647Z,2025-10-11T13:01:06.623979736Z,2025-10-11T13:01:36.865815495Z,4625.171471,30.241836,4655.413307,0.60,1,137,60s
NGC7023,6fe0ebdf-b93d-4724-a8f5-230ffa1df4c8,2025-10-11T11:44:07.049399865Z,2025-10-11T13:01:39.711324179Z,2025-10-11T13:02:10.794636874Z,4652.661924,31.083313,4683.745237,0.60,1,138,60s
NGC7023,fdafea35-69c2-4193-b29a-d42626a0d1ad,2025-10-11T11:44:08.836772591Z,2025-10-11T13:02:12.797110078Z,2025-10-11T13:02:44.349726664Z,4683.960337,31.552617,4715.512954,0.60,1,139,60s
NGC7023,8e458699-e28c-4d95-96fb-2dec87e08651,2025-10-11T11:44:12.349959685Z,2025-10-11T13:02:47.881954858Z,2025-10-11T13:03:15.690774716Z,4715.531995,27.808820,4743.340815,0.60,1,140,60s
NGC7023,49b3fbbf-b19e-4639-9f94-bec5f7806f6d,2025-10-11T11:44:16.572806786Z,2025-10-11T13:03:18.962151826Z,2025-10-11T13:03:53.098848332Z,4742.389345,34.136697,4776.526042,0.60,1,141,60s
NGC7023,4dabf83f-accd-47b7-b390-90d5ddb57dd6,2025-10-11T11:44:18.341815204Z,2025-10-11T13:03:53.050309616Z,2025-10-11T13:04:31.656153862Z,4774.708494,38.605844,4813.314339,0.60,1,141,60s
NGC7023,68cdcd1a-8208-46c8-9c0c-471786b580e7,2025-10-11T11:44:21.935547023Z,2025-10-11T13:04:25.140312582Z,2025-10-11T13:04:58.003134415Z,4803.204766,32.862822,4836.067587,0.60,1,142,60s
NGC7023,2f5bd32b-7ee5-483a-a5ba-2ec94b621e45,2025-10-11T11:44:27.255212071Z,2025-10-11T13:05:01.220534145Z,2025-10-11T13:05:33.198021121Z,4833.965322,31.977487,4865.942809,0.60,1,143,60s
NGC7023,8d4843bf-32e3-4f4f-ab61-37a659593860,2025-10-11T11:44:31.153888661Z,2025-10-11T13:05:35.30629375Z,2025-10-11T13:06:07.049337981Z,4864.152405,31.743044,4895.895449,0.60,1,144,60s
NGC7023,19e4641b-099f-4fd2-91cd-1fda31d33df2,2025-10-11T11:44:34.566232799Z,2025-10-11T13:06:08.389098573Z,2025-10-11T13:06:38.364969848Z,4893.822866,29.975871,4923.798737,0.59,1,145,60s
NGC7023,3caee1bb-45f0-4374-85bf-43c1cf90ff6a,2025-10-11T11:44:36.986837201Z,2025-10-11T13:06:41.46926741Z,2025-10-11T13:07:10.722399831Z,4924.482430,29.253132,4953.735563,0.60,1,146,60s
NGC7026,bca5371a-da2a-4cf6-97bc-e8cee81eaece,2025-10-11T11:44:39.418644081Z,2025-10-11T13:07:15.546699403Z,2025-10-11T13:07:44.02796527Z,4956.128055,28.481266,4984.609321,0.60,1,147,60s
NGC7023,bed3c5c2-570d-4f04-8f6c-63f65549742d,2025-10-11T11:44:39.470566059Z,2025-10-11T13:07:46.630579761Z,2025-10-11T13:08:19.366391311Z,4987.160014,32.735812,5019.895825,0.59,1,148,60s
NGC7023,97262a62-8eb9-47d9-b786-89092661caea,2025-10-11T11:44:41.139213811Z,2025-10-11T13:08:21.713432327Z,2025-10-11T13:08:52.8820741Z,5020.574219,31.168642,5051.742860,0.60,1,149,60s
NGC7026,6365fb89-0cba-49a4-a8e6-e12a62702032,2025-10-11T11:44:41.158023578Z,2025-10-11T13:08:55.80250984Z,2025-10-11T13:09:28.260800931Z,5054.644486,32.458291,5087.102777,0.60,1,150,60s
NGC7023,43a55beb-3bff-492a-aad0-1e3089da67ad,2025-10-11T11:44:43.73253954Z,2025-10-11T13:09:32.887512704Z,2025-10-11T13:10:02.490144262Z,5089.154973,29.602632,5118.757605,0.60,1,151,60s
NGC7026,82ef6d71-3f38-4602-8259-c8d25323fd2a,2025-10-11T11:44:43.738720906Z,2025-10-11T13:10:02.961568855Z,2025-10-11T13:10:37.435820144Z,5119.222848,34.474251,5153.697099,0.60,1,151,60s
NGC7023,87943d8e-1cf4-4e18-8229-fed95b50530d,2025-10-11T11:44:45.224389373Z,2025-10-11T13:10:39.013941495Z,2025-10-11T13:11:13.41142125Z,5153.789552,34.397480,5188.187032,0.60,1,153,60s
NGC7026,a52ef54e-1166-4ee7-a640-49655f9e8f56,2025-10-11T11:44:46.468318111Z,2025-10-11T13:11:13.075165449Z,2025-10-11T13:11:44.718327659Z,5186.606847,31.643162,5218.250010,0.60,1,154,60s
NGC7023,892aee97-1423-43c3-b883-66caa3df00b3,2025-10-11T11:44:49.079839867Z,2025-10-11T13:11:46.153978549Z,2025-10-11T13:12:18.076460093Z,5217.074139,31.922482,5248.996620,0.60,1,155,60s
NGC7026,a38a30bf-271e-4998-909c-06f0b50621f2,2025-10-11T11:44:53.905293478Z,2025-10-11T13:12:20.234405202Z,2025-10-11T13:12:49.47016886Z,5246.329112,29.235764,5275.564875,0.60,1,155,60s
NGC7023,5acdce94-5823-4ed9-bd52-a6ab9bd00fcb,2025-10-11T11:44:54.381719628Z,2025-10-11T13:12:50.30862243Z,2025-10-11T13:13:20.327177207Z,5275.926903,30.018555,5305.945458,0.60,1,156,60s
NGC7026,ca5d9eb4-642b-4fe3-a580-25bbefc61849,2025-10-11T11:44:56.948575229Z,2025-10-11T13:13:22.384264021Z,2025-10-11T13:13:56.954636467Z,5305.435689,34.570372,5340.006061,0.60,1,157,60s
NGC7023,ed05c443-c2d9-4ece-8ec8-23e7c564d387,2025-10-11T11:44:59.825543885Z,2025-10-11T13:13:57.442020797Z,2025-10-11T13:14:26.474741057Z,5337.616477,29.032720,5366.649197,0.60,1,158,60s
NGC7026,4f6c7ec8-415a-4443-aa0f-70d32f7d20cd,2025-10-11T11:45:00.342748413Z,2025-10-11T13:14:30.521211251Z,2025-10-11T13:15:00.469094945Z,5370.178463,29.947884,5400.126347,0.60,1,159,60s
NGC7023,a1107c28-a358-438c-993a-365b36acb8fb,2025-10-11T11:45:02.547043862Z,2025-10-11T13:15:03.616358341Z,2025-10-11T13:15:35.85266504Z,5401.069314,32.236307,5433.305621,0.60,1,160,60s
NGC7026,f7e5d4f4-3569-4a15-b348-d53ab2580cf5,2025-10-11T11:45:05.605820541Z,2025-10-11T13:15:38.705075686Z,2025-10-11T13:16:10.932358872Z,5433.099255,32.227283,5465.326538,0.60,1,161,60s
NGC7023,8e6d33bb-0b1f-4be5-bf93-78b043fec40e,2025-10-11T11:45:06.33583326Z,2025-10-11T13:16:12.790465385Z,2025-10-11T13:16:42.516899916Z,5466.454632,29.726435,5496.181067,0.60,1,162,60s
NGC7026,c62d5176-26fe-4459-bc8e-5a6be14c5da8,2025-10-11T11:45:08.392784974Z,2025-10-11T13:16:43.862897465Z,2025-10-11T13:17:13.844243456Z,5495.470112,29.981346,5525.451458,0.60,1,163,60s
NGC7023,7734e6ca-9a07-4ad0-894d-4071304930f5,2025-10-11T11:45:08.393510521Z,2025-10-11T13:17:17.940031088Z,2025-10-11T13:17:36.351800663Z,5529.546521,18.411770,5547.958290,0.12,1,163,60s
NGC7026,bc2ad93b-e6ff-4906-8aa2-628894db5f89,2025-10-11T11:45:10.279221008Z,2025-10-11T13:17:39.982288179Z,2025-10-11T13:18:09.846257343Z,5549.703067,29.863969,5579.567036,0.60,1,165,60s
NGC7026,54e71d3e-60b1-4e91-854d-ef71716b9a5c,2025-10-11T11:45:12.406110363Z,2025-10-11T13:18:13.061515586Z,2025-10-11T13:18:43.433584624Z,5580.655405,30.372069,5611.027474,0.60,1,166,60s
NGC7026,cdd969fc-64e0-443c-9c6f-3719e5eb22e3,2025-10-11T11:45:14.10715245Z,2025-10-11T13:18:46.14333257Z,2025-10-11T13:19:16.740242067Z,5612.036180,30.596909,5642.633090,0.60,1,167,60s
NGC7026,9ab1edb1-cddf-4568-8fc0-03429948d4c9,2025-10-11T11:45:20.323879118Z,2025-10-11T13:19:20.222648153Z,2025-10-11T13:19:53.155887182Z,5639.898769,32.933239,5672.832008,0.60,1,168,60s
NGC7026,008ef221-d794-494a-8b2c-15912b4abe91,2025-10-11T11:45:22.544292519Z,2025-10-11T13:19:57.307084082Z,2025-10-11T13:20:34.942575633Z,5674.762792,37.635492,5712.398283,0.60,1,169,60s
NGC7026,b56564bc-e0d4-41e0-a1d1-08ffa60ed3ba,2025-10-11T11:45:26.343389171Z,2025-10-11T13:20:36.394061374Z,2025-10-11T13:21:30.14919444Z,5710.050672,53.755133,5763.805805,0.60,1,170,60s
NGC7027,a7e2968a-551c-423e-9ffb-d677b47a6f19,2025-10-11T11:45:39.530660674Z,2025-10-11T13:21:11.463398529Z,2025-10-11T13:21:49.320347569Z,5731.932738,37.856949,5769.789687,0.60,1,170,60s
NGC7026,cd54f9ea-0342-4fd2-ba08-817c45640ecc,2025-10-11T11:45:42.650516842Z,2025-10-11T13:21:41.538525806Z,2025-10-11T13:22:12.643984415Z,5758.888009,31.105459,5789.993468,0.60,1,171,60s
NGC7027,7946ba56-aec0-4a5d-a724-b30aadd922b2,2025-10-11T11:45:43.869047761Z,2025-10-11T13:22:15.615648556Z,2025-10-11T13:22:44.121457728Z,5791.746601,28.505809,5820.252410,0.60,1,172,60s
NGC7026,3cbb7ed3-27fa-4239-9fe1-7c0ecee80fd7,2025-10-11T11:45:46.812496027Z,2025-10-11T13:22:46.690789305Z,2025-10-11T13:23:20.270896689Z,5819.878293,33.580107,5853.458401,0.59,1,173,60s
NGC7027,7e68fc19-657e-4070-a2fb-7fe3fc422e80,2025-10-11T11:45:48.674155599Z,2025-10-11T13:23:21.772736602Z,2025-10-11T13:23:53.85997918Z,5853.098581,32.087243,5885.185824,0.60,1,174,60s
NGC7026,a9c99e52-276c-4e61-92b4-3b5b05bc970e,2025-10-11T11:45:51.35592224Z,2025-10-11T13:23:55.85792164Z,2025-10-11T13:24:28.259260292Z,5884.501999,32.401339,5916.903338,0.60,1,175,60s
NGC7027,2ea777b5-e0e7-4771-8536-f6a0383dcebd,2025-10-11T11:45:52.284528324Z,2025-10-11T13:24:31.949520011Z,2025-10-11T13:25:06.062671446Z,5919.664992,34.113151,5953.778143,0.60,1,176,60s
NGC7027,32b0b885-5548-48c1-8ba4-c6e158384b26,2025-10-11T11:45:56.447181298Z,2025-10-11T13:25:06.033311842Z,2025-10-11T13:25:39.44723329Z,5949.586131,33.413921,5983.000052,0.60,1,177,60s
NGC7026,0d2e044e-3687-44ee-a22a-f9bc0c0c81bc,2025-10-11T11:45:56.759124758Z,2025-10-11T13:25:39.113605687Z,2025-10-11T13:26:05.838662524Z,5982.354481,26.725057,6009.079538,0.59,1,178,60s
NGC7026,ba846217-6ee5-4054-9e89-e3665ea06a8f,2025-10-11T11:45:58.364677797Z,2025-10-11T13:26:08.187195563Z,2025-10-11T13:26:39.369489139Z,6009.822518,31.182294,6041.004811,0.60,1,179,60s
NGC7027,8aa95449-473f-4848-9b80-27765e31ea0f,2025-10-11T11:45:58.412838407Z,2025-10-11T13:26:41.262408684Z,2025-10-11T13:27:13.860631767Z,6042.849570,32.598223,6075.447793,0.60,1,180,60s
NGC7026,cefd1a9b-458a-4c11-aacc-aa93a7b184d1,2025-10-11T11:46:01.208928618Z,2025-10-11T13:27:15.329240888Z,2025-10-11T13:27:43.551781994Z,6074.120312,28.222541,6102.342853,0.60,1,181,60s
NGC7027,63224740-cafc-4a95-ab7c-fcfa2f7722bd,2025-10-11T11:46:01.562786618Z,2025-10-11T13:27:46.389721826Z,2025-10-11T13:28:16.97794396Z,6104.826935,30.588222,6135.415157,0.60,1,182,60s
NGC7026,3cdf8034-7831-4bfd-b084-1db9bc3c5193,2025-10-11T11:46:07.087795Z,2025-10-11T13:28:19.461051278Z,2025-10-11T13:28:51.720006415Z,6132.373256,32.258955,6164.632211,0.60,1,182,60s
NGC7027,64732f56-82bd-455d-9994-b4108a8d8115,2025-10-11T11:46:08.102090495Z,2025-10-11T13:28:53.512155794Z,2025-10-11T13:29:24.104470691Z,6165.410065,30.592315,6196.002380,0.60,1,183,60s
NGC7026,5553edeb-e5d3-40c3-b70b-c28f4bf526cc,2025-10-11T11:46:10.905779954Z,2025-10-11T13:29:28.563071517Z,2025-10-11T13:29:57.56182417Z,6197.657292,28.998753,6226.656044,0.60,1,184,60s
NGC7027,23e73a49-0f26-413c-b375-2003d38508a3,2025-10-11T11:46:11.475585161Z,2025-10-11T13:30:02.642695056Z,2025-10-11T13:30:32.940203424Z,6231.167110,30.297508,6261.464618,0.60,1,185,60s
NGC7026,4a506334-16c2-4c4f-93c8-8873af574a44,2025-10-11T11:46:12.175379786Z,2025-10-11T13:30:35.723748245Z,2025-10-11T13:31:03.504766883Z,6263.548368,27.781019,6291.329387,0.60,1,186,60s
NGC7027,d1f95dff-6453-4f84-a19f-24617543bc3e,2025-10-11T11:46:12.88849193Z,2025-10-11T13:31:06.795452423Z,2025-10-11T13:31:37.002673698Z,6293.906960,30.207221,6324.114182,0.60,1,187,60s
NGC7026,34842319-b9f8-4c86-a879-9f26a436c7fc,2025-10-11T11:46:13.965950568Z,2025-10-11T13:31:38.874023036Z,2025-10-11T13:32:09.346113435Z,6324.908072,30.472090,6355.380163,0.60,1,188,60s
NGC7027,7542f218-fcdd-4385-a5c3-3e2221beda98,2025-10-11T11:46:18.768906711Z,2025-10-11T13:32:11.959798475Z,2025-10-11T13:32:41.741937435Z,6353.190892,29.782139,6382.973031,0.60,1,189,60s
NGC7026,02e03379-63b9-4821-9cb4-1161f6916973,2025-10-11T11:46:19.128666361Z,2025-10-11T13:32:45.03446577Z,2025-10-11T13:33:20.352335172Z,6385.905799,35.317869,6421.223669,0.60,1,190,60s
NGC7026,badedac9-f251-4657-9fcd-81a95d3c5789,2025-10-11T11:46:21.50045058Z,2025-10-11T13:33:24.130723058Z,2025-10-11T13:33:54.721866483Z,6422.630272,30.591143,6453.221416,0.60,1,191,60s
NGC7027,382e418c-9d37-4110-965b-a2f594b6f32e,2025-10-11T11:46:21.941769177Z,2025-10-11T13:33:58.216549862Z,2025-10-11T13:34:29.321096751Z,6456.274781,31.104547,6487.379328,0.60,1,192,60s
NGC7026,6da62d5b-a3d9-4131-8dc4-982e562c0158,2025-10-11T11:46:22.833832322Z,2025-10-11T13:34:32.296791691Z,2025-10-11T13:34:49.280314504Z,6489.462959,16.983523,6506.446482,0.12,1,193,60s
NGC7027,ec1d1498-83e3-4ed1-baaf-10d6db2cce66,2025-10-11T11:46:24.444784109Z,2025-10-11T13:34:50.327010796Z,2025-10-11T13:35:19.607289505Z,6505.882227,29.280279,6535.162505,0.60,1,194,60s
NGC7027,81d4e466-c8c3-491b-bbc2-d00fc6f71366,2025-10-11T11:46:26.926173148Z,2025-10-11T13:35:23.385917473Z,2025-10-11T13:35:57.522941133Z,6536.459744,34.137024,6570.596768,0.60,1,195,60s
NGC7027,281e82dd-7029-4ece-894a-c56555587377,2025-10-11T11:46:31.198501339Z,2025-10-11T13:35:58.471052162Z,2025-10-11T13:36:26.949860962Z,6567.272551,28.478809,6595.751360,0.60,1,196,60s
NGC7027,67a3c615-316d-4b46-899b-1041c1aed585,2025-10-11T11:46:38.65029901Z,2025-10-11T13:36:30.554310712Z,2025-10-11T13:37:01.718538895Z,6591.904012,31.164228,6623.068240,0.60,1,197,60s
NGC7028,81294675-e0a5-4578-bbab-2e75b5a4f80b,2025-10-11T11:46:39.374827944Z,2025-10-11T13:37:03.629082855Z,2025-10-11T13:37:31.144204343Z,6624.254255,27.515121,6651.769376,0.60,1,197,60s
NGC7027,f8e64178-033c-4cde-aa61-255dcb7c065c,2025-10-11T11:46:44.680424124Z,2025-10-11T13:37:33.708242081Z,2025-10-11T13:38:08.67143387Z,6649.027818,34.963192,6683.991010,0.59,1,198,60s
NGC7028,979425d9-4af8-4f90-9695-5a462d3d2259,2025-10-11T11:46:46.914663068Z,2025-10-11T13:38:06.791520099Z,2025-10-11T13:38:38.153226515Z,6679.876857,31.361706,6711.238563,0.60,1,199,60s
NGC7027,15e55d61-fe05-4c04-9370-6d0777964e06,2025-10-11T11:46:51.238859544Z,2025-10-11T13:38:42.878346727Z,2025-10-11T13:39:13.727640331Z,6711.639487,30.849294,6742.488781,0.60,1,200,60s
NGC7028,dea197f2-7992-4f91-9f21-b801205f3923,2025-10-11T11:46:51.451221262Z,2025-10-11T13:39:16.955553066Z,2025-10-11T13:39:48.050973434Z,6745.504332,31.095420,6776.599752,0.60,1,201,60s
NGC7028,b1ac3aa2-7d75-46e8-8bda-52e0522c03e0,2025-10-11T11:46:52.764808262Z,2025-10-11T13:39:49.033114399Z,2025-10-11T13:40:18.367434781Z,6776.268306,29.334320,6805.602627,0.60,1,202,60s
NGC7027,61f4d07a-1e78-4861-a842-57ab4245b3fc,2025-10-11T11:46:52.806887147Z,2025-10-11T13:40:20.103100417Z,2025-10-11T13:40:50.867876709Z,6807.296213,30.764776,6838.060990,0.59,1,203,60s
NGC7027,315d94f5-2cf2-4e5d-925c-1b842b76ef09,2025-10-11T11:46:54.775048689Z,2025-10-11T13:40:54.177348853Z,2025-10-11T13:41:24.480337073Z,6839.402300,30.302988,6869.705288,0.60,1,204,60s
NGC7028,0d0ed4da-f69b-4e64-819a-d5b54710d4e4,2025-10-11T11:46:54.832808808Z,2025-10-11T13:41:28.257369071Z,2025-10-11T13:42:01.361067953Z,6873.424560,33.103699,6906.528259,0.60,1,205,60s
NGC7027,e23bffb6-7257-4c92-b195-9217e20e21a4,2025-10-11T11:46:57.370389899Z,2025-10-11T13:42:04.366971597Z,2025-10-11T13:42:35.676046838Z,6906.996582,31.309075,6938.305657,0.60,1,206,60s
NGC7028,e6636bb9-9d80-4d7c-bf22-ef919aaea7c8,2025-10-11T11:46:58.082155622Z,2025-10-11T13:42:36.440733794Z,2025-10-11T13:43:07.048660696Z,6938.358578,30.607927,6968.966505,0.60,1,207,60s
NGC7027,d170b186-9f0d-4dc1-ad21-a7e1c1b61ae6,2025-10-11T11:46:59.157414903Z,2025-10-11T13:43:09.536513275Z,2025-10-11T13:43:40.448075474Z,6970.379098,30.911562,7001.290661,0.60,1,208,60s
NGC7028,bc2d04ce-cf7b-4e0b-b879-f27b53d699d0,2025-10-11T11:47:00.336827738Z,2025-10-11T13:43:44.613573797Z,2025-10-11T13:44:13.89495386Z,7004.276746,29.281380,7033.558126,0.60,1,209,60s
NGC7027,a1b74adb-eead-4ac7-aa31-61f704d1705e,2025-10-11T11:47:02.999697474Z,2025-10-11T13:44:16.694398585Z,2025-10-11T13:44:47.457389342Z,7033.694701,30.762991,7064.457692,0.60,1,210,60s
NGC7028,4a044bbf-6839-49d8-9019-02f78731cdb2,2025-10-11T11:47:06.425878717Z,2025-10-11T13:44:49.780422268Z,2025-10-11T13:45:18.805287933Z,7063.354544,29.024866,7092.379409,0.60,1,211,60s
NGC7027,6be15cb0-2da6-45bd-9660-57ea5368a1fa,2025-10-11T11:47:07.796268854Z,2025-10-11T13:45:21.860656371Z,2025-10-11T13:45:51.279061054Z,7094.064388,29.418405,7123.482792,0.60,1,212,60s
NGC7028,afae48ed-3d36-4a21-9ee7-8b010b93ecb2,2025-10-11T11:47:08.453072233Z,2025-10-11T13:45:51.941044833Z,2025-10-11T13:46:27.091257251Z,7123.487973,35.150212,7158.638185,0.60,1,213,60s
NGC7027,e50e37b1-cd1d-4b48-9a63-29921110db57,2025-10-11T11:47:10.427983468Z,2025-10-11T13:46:26.018355413Z,2025-10-11T13:46:55.436506167Z,7155.590372,29.418151,7185.008523,0.60,1,213,60s
NGC7028,df4fbc0a-ebeb-4e9e-8617-2e96133e7fe2,2025-10-11T11:47:13.96663753Z,2025-10-11T13:46:58.102998534Z,2025-10-11T13:47:28.017566072Z,7184.136361,29.914568,7214.050929,0.60,1,214,60s
NGC7027,d401d641-a36e-4bcf-bb9c-7faa7ea90d6d,2025-10-11T11:47:13.985385272Z,2025-10-11T13:47:30.177646514Z,2025-10-11T13:48:03.1634215Z,7216.192261,32.985775,7249.178036,0.60,1,215,60s
NGC7028,d5210bbc-0eda-4aee-96ae-a40427913d43,2025-10-11T11:47:15.942980524Z,2025-10-11T13:48:05.259914168Z,2025-10-11T13:48:34.551691149Z,7249.316934,29.291777,7278.608711,0.60,1,216,60s
NGC7027,737eaf99-2d64-4aef-b718-b0a72943cf21,2025-10-11T11:47:15.944110609Z,2025-10-11T13:48:37.330652943Z,2025-10-11T13:49:06.985986744Z,7281.386542,29.655334,7311.041876,0.60,1,216,60s
NGC7027,25a232bb-6be2-4137-bbf2-6939e849c369,2025-10-11T11:47:21.279833873Z,2025-10-11T13:49:10.405157218Z,2025-10-11T13:49:28.150747948Z,7309.125323,17.745591,7326.870914,0.12,1,218,60s
NGC7028,2047d047-c33e-409d-a40e-e6fde1e99060,2025-10-11T11:47:25.962154419Z,2025-10-11T13:49:31.438510443Z,2025-10-11T13:50:03.377118272Z,7325.476356,31.938608,7357.414964,0.60,1,219,60s
NGC7028,d17f7898-1932-4ffc-8237-d86658dd73f8,2025-10-11T11:47:28.8183869Z,2025-10-11T13:50:06.494392373Z,2025-10-11T13:50:37.773221425Z,7357.676005,31.278829,7388.954835,0.60,1,220,60s
NGC7028,61f4b579-b7e1-4a55-a9ea-f776c299317c,2025-10-11T11:47:35.308179769Z,2025-10-11T13:50:41.588573039Z,2025-10-11T13:51:16.146438077Z,7386.280393,34.557865,7420.838258,0.60,1,221,60s
NGC7028,4716dc53-0c2d-41f1-a887-7de87250df2e,2025-10-11T11:47:36.783045361Z,2025-10-11T13:51:20.680889203Z,2025-10-11T13:51:48.590466177Z,7423.897844,27.909577,7451.807421,0.60,1,222,60s
NGC7025,e07b66c2-4b1a-48f9-8d50-f79d07f86bd8,2025-10-11T11:47:39.378779794Z,2025-10-11T13:51:50.755346612Z,2025-10-11T13:52:17.969075821Z,7451.376567,27.213729,7478.590296,0.60,1,223,60s
NGC7028,a1a237ee-aa19-4395-b5ea-f732061dd029,2025-10-11T11:47:40.845915098Z,2025-10-11T13:52:20.835517202Z,2025-10-11T13:52:48.345561362Z,7479.989602,27.510044,7507.499646,0.60,1,224,60s
NGC7025,66725f92-9efe-4c4c-a2c0-f5e4f19cb8a7,2025-10-11T11:47:41.932553747Z,2025-10-11T13:52:50.908998824Z,2025-10-11T13:53:20.646572987Z,7508.976445,29.737574,7538.714019,0.60,1,225,60s
NGC7028,c18730c3-26f5-4a40-9bc8-652045a9fca0,2025-10-11T11:47:42.8320924Z,2025-10-11T13:53:23.999156757Z,2025-10-11T13:53:52.095779259Z,7541.167064,28.096623,7569.263687,0.59,1,225,60s
NGC7025,9d3195e0-1167-46b2-8c1f-9cd4d591d27e,2025-10-11T11:47:45.147729423Z,2025-10-11T13:53:55.072264417Z,2025-10-11T13:54:26.926343098Z,7569.924535,31.854079,7601.778614,0.60,1,226,60s
NGC7028,4b9bda13-7ace-4b88-91c6-461818310b9f,2025-10-11T11:47:47.077184059Z,2025-10-11T13:54:28.150432272Z,2025-10-11T13:55:02.107122051Z,7601.073248,33.956690,7635.029938,0.60,1,227,60s
NGC7025,1762e83f-7817-41ae-9645-963f08055aee,2025-10-11T11:47:48.641414436Z,2025-10-11T13:55:00.224486267Z,2025-10-11T13:55:32.488413106Z,7631.583072,32.263927,7663.846999,0.60,1,228,60s
NGC7028,ea046eaa-e63e-4bfe-a464-481963c61aed,2025-10-11T11:47:49.63856072Z,2025-10-11T13:55:36.308758183Z,2025-10-11T13:56:07.131656035Z,7666.670197,30.822898,7697.493095,0.59,1,229,60s
NGC7025,d40571c3-da33-4231-9187-ae59c8c71b4e,2025-10-11T11:47:50.741041033Z,2025-10-11T13:56:08.381847618Z,2025-10-11T13:56:38.767174861Z,7697.640807,30.385327,7728.026134,0.60,1,230,60s
NGC7028,24d95e5a-9008-4c9a-961f-972727f67cea,2025-10-11T11:47:54.188553632Z,2025-10-11T13:56:40.483187646Z,2025-10-11T13:57:12.104287063Z,7726.294634,31.621099,7757.915733,0.60,1,231,60s
NGC7025,b3f4e56f-3cca-46c4-8fc6-8d5d5c60ba87,2025-10-11T11:47:55.515394865Z,2025-10-11T13:57:15.563469073Z,2025-10-11T13:57:51.671858469Z,7760.048074,36.108389,7796.156464,0.60,1,232,60s
NGC7028,6904932b-0c23-45b0-82ab-c36b9d6436eb,2025-10-11T11:47:58.565423942Z,2025-10-11T13:57:55.641747635Z,2025-10-11T13:58:30.282199438Z,7797.076324,34.640452,7831.716775,0.60,1,233,60s
NGC7025,dc397dac-7930-4202-9bbe-c61d6dde7c92,2025-10-11T11:47:59.88837011Z,2025-10-11T13:58:29.729988178Z,2025-10-11T13:59:03.084222901Z,7829.841618,33.354235,7863.195853,0.60,1,234,60s
NGC7028,26692c5f-a072-4bb3-93d2-6c27b069ebe8,2025-10-11T11:48:00.324093474Z,2025-10-11T13:59:03.814673495Z,2025-10-11T13:59:34.7087141Z,7863.490580,30.894041,7894.384621,0.60,1,235,60s
NGC7025,acc1a710-845d-404e-a919-6723e0e61dbe,2025-10-11T11:48:01.579214536Z,2025-10-11T13:59:35.895839525Z,2025-10-11T14:00:04.629910286Z,7894.316625,28.734071,7923.050696,0.60,1,236,60s
NGC7028,e1aef8aa-5237-4677-932e-0de99578e00e,2025-10-11T11:48:02.75831284Z,2025-10-11T14:00:07.97888499Z,2025-10-11T14:00:39.346978606Z,7925.220572,31.368094,7956.588666,0.60,1,237,60s
NGC7025,69e4e4d9-0305-4cb5-8ee2-eea4e17eb893,2025-10-11T11:48:03.729318188Z,2025-10-11T14:00:45.061240986Z,2025-10-11T14:01:17.70634147Z,7961.331923,32.645100,7993.977023,0.60,1,238,60s
NGC7028,a55e739e-facf-4b1f-9aa6-f53491695fa3,2025-10-11T11:48:05.032452344Z,2025-10-11T14:01:20.149229625Z,2025-10-11T14:01:49.03220292Z,7995.116777,28.882973,8023.999751,0.60,1,239,60s
NGC7025,c76ca464-8dc6-4b95-bad3-2f954b163dfb,2025-10-11T11:48:06.026059631Z,2025-10-11T14:01:51.22553022Z,2025-10-11T14:02:20.532081389Z,8025.199471,29.306551,8054.506022,0.60,1,240,60s
NGC7028,a8a2808a-be0d-4f87-84be-8bd58bcb092d,2025-10-11T11:48:06.929449665Z,2025-10-11T14:02:23.310075854Z,2025-10-11T14:02:55.863027727Z,8056.380626,32.552952,8088.933578,0.60,1,241,60s
NGC7025,46848400-df01-4dff-9e86-737284c06fa0,2025-10-11T11:48:07.468691431Z,2025-10-11T14:02:54.405486051Z,2025-10-11T14:03:23.675446084Z,8086.936795,29.269960,8116.206755,0.60,1,242,60s
NGC7028,caff67c2-7cf7-40f6-bd79-1f5f9491f19d,2025-10-11T11:48:08.86156215Z,2025-10-11T14:03:26.485520115Z,2025-10-11T14:03:59.097801921Z,8117.623958,32.612282,8150.236240,0.60,1,243,60s
NGC7025,72364f38-2fef-40fa-a2ec-3dcaaba078c0,2025-10-11T11:48:09.255800123Z,2025-10-11T14:04:01.551583215Z,2025-10-11T14:04:31.499742134Z,8152.295783,29.948159,8182.243942,0.60,1,244,60s
NGC7025,54913d59-a039-41d0-8bac-a6be4f8aba86,2025-10-11T11:48:12.203854545Z,2025-10-11T14:04:34.645133536Z,2025-10-11T14:05:13.880183779Z,8182.441279,39.235050,8221.676329,0.60,1,245,60s
NGC7028,cd30e685-894d-4049-bc6e-6999f5cb23cd,2025-10-11T11:48:12.572708307Z,2025-10-11T14:05:07.73153093Z,2025-10-11T14:05:41.287695372Z,8215.158823,33.556164,8248.714987,0.60,1,246,60s
NGC7025,c05b3b67-15f4-42b2-950f-6bd6ce5a171b,2025-10-11T11:48:14.296781726Z,2025-10-11T14:05:43.812821806Z,2025-10-11T14:06:22.10870922Z,8249.516040,38.295887,8287.811927,0.60,1,247,60s
NGC7028,60211eab-25ed-4b21-b3d0-81a942e77aeb,2025-10-11T11:48:14.536482634Z,2025-10-11T14:06:22.005562274Z,2025-10-11T14:06:38.910348806Z,8287.469080,16.904787,8304.373866,0.12,1,248,60s
NGC7025,0db2ce09-095e-4673-a013-e508bc710cea,2025-10-11T11:48:15.659519234Z,2025-10-11T14:06:41.085836341Z,2025-10-11T14:07:13.346011724Z,8305.426317,32.260175,8337.686492,0.60,1,249,60s
NGC7025,63cacc47-a9ab-4f7c-8714-095a1962f720,2025-10-11T11:48:17.115950265Z,2025-10-11T14:07:17.179312362Z,2025-10-11T14:07:48.792534644Z,8340.063362,31.613222,8371.676584,0.60,1,250,60s
NGC7025,348b0200-eb00-484c-8138-f9f72cfdce91,2025-10-11T11:48:22.58514953Z,2025-10-11T14:07:52.260026496Z,2025-10-11T14:08:21.1208516Z,8369.674877,28.860825,8398.535702,0.59,1,250,60s
NGC7025,28127e98-c88d-46a8-ad16-03b917e83712,2025-10-11T11:48:25.995837081Z,2025-10-11T14:08:23.3314542Z,2025-10-11T14:08:53.566022421Z,8397.335617,30.234568,8427.570185,0.60,1,251,60s
NGC7025,d56301ee-0035-476c-9697-694cbe077bf9,2025-10-11T11:48:30.089257832Z,2025-10-11T14:08:56.390839929Z,2025-10-11T14:09:26.416837588Z,8426.301582,30.025998,8456.327580,0.59,1,252,60s
NGC7025,6d70d3d8-7abf-4efa-9b44-388875915bc5,2025-10-11T11:48:36.717201832Z,2025-10-11T14:09:28.469933959Z,2025-10-11T14:10:01.322115746Z,8451.752732,32.852182,8484.604914,0.60,1,253,60s
NGC7025,c9d5b066-8fdd-4c42-9606-0baa272b857f,2025-10-11T11:48:42.514887868Z,2025-10-11T14:10:04.542346875Z,2025-10-11T14:10:34.90210452Z,8482.027459,30.359758,8512.387217,0.60,1,254,60s
NGC7025,51723b5a-2e3b-4ceb-93ed-45723b6c7b52,2025-10-11T11:48:46.815493736Z,2025-10-11T14:10:38.633757298Z,2025-10-11T14:11:10.356396983Z,8511.818264,31.722640,8543.540903,0.60,1,255,60s
NGC7025,5b055a2b-c378-43fc-9d76-96a0f59266dc,2025-10-11T11:48:48.44550562Z,2025-10-11T14:11:13.713641959Z,2025-10-11T14:11:42.756149367Z,8545.268136,29.042507,8574.310644,0.60,1,256,60s
NGC7025,ba547700-f92d-4dd0-ac41-4196e8c21a83,2025-10-11T11:48:51.438457121Z,2025-10-11T14:11:44.78908634Z,2025-10-11T14:12:14.111458981Z,8573.350629,29.322373,8602.673002,0.60,1,256,60s
NGC7025,cdc61d53-9f29-4775-8eef-35d7dfd71267,2025-10-11T11:48:53.046881329Z,2025-10-11T14:12:15.842395908Z,2025-10-11T14:12:44.294398417Z,8602.795515,28.452003,8631.247517,0.60,1,257,60s
NGC7025,83b8a3f5-5dc6-46ea-a7f9-fe58b8bfe04d,2025-10-11T11:48:56.795466895Z,2025-10-11T14:12:45.904542453Z,2025-10-11T14:13:18.933959988Z,8629.109076,33.029418,8662.138493,0.60,1,258,60s
NGC7025,54fd7ec2-7917-453b-9bb0-e709349a0d1e,2025-10-11T11:48:58.864563172Z,2025-10-11T14:13:20.979017622Z,2025-10-11T14:13:51.475170858Z,8662.114454,30.496153,8692.610608,0.60,1,259,60s
NGC7025,e635b299-9aa6-4e5c-8e90-cf16242df6bc,2025-10-11T11:49:00.23270081Z,2025-10-11T14:13:54.053816047Z,2025-10-11T14:14:10.628985396Z,8693.821115,16.575169,8710.396285,0.12,1,260,60s
NGC7032,54651fba-13e4-4a3f-b941-f482bc52682f,2025-10-11T17:29:38.391935931Z,2025-10-11T17:29:38.457321919Z,2025-10-11T17:30:50.388830613Z,0.065386,71.931509,71.996895,2.03,5,0,45s
NGC7032,bfc8a03f-9c09-42b5-8c6f-4a9818baeac8,2025-10-11T17:29:48.019014659Z,2025-10-11T17:29:48.600525579Z,2025-10-11T17:31:08.093123953Z,0.581511,79.492598,80.074109,2.04,5,0,45s
NGC7032,2920cca4-63ae-4bc6-bdb4-d6f1031db93b,2025-10-11T17:29:59.49490151Z,2025-10-11T17:29:59.79001211Z,2025-10-11T17:31:10.016311481Z,0.295111,70.226299,70.521410,2.03,5,0,45s
NGC7025,a7010715-f856-496f-9f15-1f93d1b7390d,2025-10-11T17:30:23.432529202Z,2025-10-11T17:30:23.898565632Z,2025-10-11T17:31:29.933849049Z,0.466036,66.035283,66.501320,2.03,5,0,45s
NGC7032,6895e6ee-1108-48ef-a9e7-73ab06b1640f,2025-10-11T17:30:23.956483599Z,2025-10-11T17:30:24.914744741Z,2025-10-11T17:31:33.82897974Z,0.958261,68.914235,69.872496,2.03,5,0,45s
NGC7025,a08deaca-de0a-48c8-98bd-258d5a1aff88,2025-10-11T17:30:31.445728336Z,2025-10-11T17:30:54.655314418Z,2025-10-11T17:32:09.561890154Z,23.209586,74.906576,98.116162,2.04,5,0,45s
NGC7032,93ee669c-c9d5-419c-99f8-cac731095d0e,2025-10-11T17:30:32.446144209Z,2025-10-11T17:31:10.819301874Z,2025-10-11T17:32:25.994060525Z,38.373158,75.174759,113.547916,2.03,5,1,45s
NGC7025,98f53610-b91f-46fa-8ab0-311b06831da6,2025-10-11T17:30:37.689819037Z,2025-10-11T17:31:11.013964576Z,2025-10-11T17:32:20.35486699Z,33.324146,69.340902,102.665048,2.03,5,2,45s
NGC7032,b043b328-10ae-404e-b439-ca0a234a1f3c,2025-10-11T17:30:39.9117784Z,2025-10-11T17:31:32.024221654Z,2025-10-11T17:32:48.41069722Z,52.112443,76.386476,128.498919,2.03,5,3,45s
NGC7025,843aa19b-b483-495e-ba21-7e65ee735369,2025-10-11T17:30:42.043877404Z,2025-10-11T17:31:33.05719697Z,2025-10-11T17:32:42.675460519Z,51.013320,69.618264,120.631583,2.03,5,4,45s
NGC7032,dee06d3c-d7b2-4321-a6b1-d794ec2bebf7,2025-10-11T17:30:44.445816479Z,2025-10-11T17:32:10.806211442Z,2025-10-11T17:33:17.122141605Z,86.360395,66.315930,152.676325,2.03,5,5,45s
NGC7025,db86d330-e749-415e-a6d4-b38209c395ce,2025-10-11T17:30:46.470724086Z,2025-10-11T17:32:24.212353057Z,2025-10-11T17:33:36.851203226Z,97.741629,72.638850,170.380479,2.03,5,6,45s
NGC7032,44630576-a86c-475d-97fb-462a1456cc84,2025-10-11T17:30:49.242718488Z,2025-10-11T17:32:27.002843431Z,2025-10-11T17:33:38.500681668Z,97.760125,71.497838,169.257963,2.03,5,7,45s
NGC7025,3a1ed0fd-f36e-4294-ab71-fd14eadc1793,2025-10-11T17:30:51.045493527Z,2025-10-11T17:32:46.206572648Z,2025-10-11T17:34:01.205200961Z,115.161079,74.998628,190.159707,2.03,5,8,45s
NGC7025,14730d6e-6a43-43a1-b9f3-eb30d7f4e807,2025-10-11T17:31:02.830961871Z,2025-10-11T17:32:50.19274925Z,2025-10-11T17:33:57.341899086Z,107.361787,67.149150,174.510937,2.03,5,8,45s
NGC7028,8f2d6749-ea37-4b8b-b24d-c4fc313df471,2025-10-11T17:31:07.944274473Z,2025-10-11T17:33:21.944091124Z,2025-10-11T17:34:36.210044051Z,133.999817,74.265953,208.265770,2.03,5,9,45s
NGC7025,393a29d2-997f-4917-84ab-443bc43a5a39,2025-10-11T17:31:13.275020271Z,2025-10-11T17:33:38.32575118Z,2025-10-11T17:35:03.515115627Z,145.050731,85.189364,230.240095,2.03,5,8,45s
NGC7028,d90c2ef7-5b83-4bdc-888f-76f32a36d2f0,2025-10-11T17:31:18.896776282Z,2025-10-11T17:33:39.150741525Z,2025-10-11T17:35:10.362844262Z,140.253965,91.212103,231.466068,2.04,5,9,45s
NGC7028,e8ad30f7-ba25-4f02-af98-e949894f9886,2025-10-11T17:31:29.981674485Z,2025-10-11T17:34:00.307817887Z,2025-10-11T17:35:30.839675365Z,150.326143,90.531857,240.858001,2.03,5,10,45s
NGC7028,3dda6f2b-5cad-432f-8f8b-5930742658a2,2025-10-11T17:31:42.161148004Z,2025-10-11T17:34:02.328424969Z,2025-10-11T17:35:33.462385996Z,140.167277,91.133961,231.301238,2.03,5,9,45s
NGC7029,0941fcbf-f54d-49db-b616-97234bf39d3a,2025-10-11T17:31:52.973262168Z,2025-10-11T17:34:34.09789023Z,2025-10-11T17:35:57.90345606Z,161.124628,83.805566,244.930194,2.03,5,10,45s
NGC7028,b9115e58-60d4-44b8-bc9d-3e88a217d700,2025-10-11T17:31:56.539413261Z,2025-10-11T17:35:05.472078292Z,2025-10-11T17:36:27.687187415Z,188.932665,82.215109,271.147774,2.03,5,11,45s
NGC7029,654d945a-9f5b-4346-901c-67e6238b57e0,2025-10-11T17:32:02.571981463Z,2025-10-11T17:35:10.296858976Z,2025-10-11T17:36:36.512430635Z,187.724878,86.215572,273.940449,2.04,5,12,45s
NGC7028,a4b0ba02-ddfc-4aef-a0ca-d28d095971ca,2025-10-11T17:32:06.845696855Z,2025-10-11T17:35:34.471201403Z,2025-10-11T17:36:47.817230303Z,207.625505,73.346029,280.971533,2.03,5,13,45s
NGC7029,5bc4b233-7a5b-47b7-ac4c-ec86858dcfeb,2025-10-11T17:32:09.401758603Z,2025-10-11T17:35:36.487495712Z,2025-10-11T17:36:51.458149153Z,207.085737,74.970653,282.056391,2.03,5,14,45s
NGC7028,05eaea94-65f9-4cec-840b-d3605ab8dfa7,2025-10-11T17:32:11.160049662Z,2025-10-11T17:35:59.348164038Z,2025-10-11T17:37:20.534385301Z,228.188114,81.186221,309.374336,2.03,5,14,45s
NGC7029,59d9f036-ef60-4ab6-818e-bf21adefd774,2025-10-11T17:32:13.372066129Z,2025-10-11T17:36:28.763567909Z,2025-10-11T17:37:39.330689634Z,255.391502,70.567122,325.958624,2.03,5,15,45s
NGC7028,a86f5ede-95b5-4f4d-9112-a9106a5a613b,2025-10-11T17:32:15.601744729Z,2025-10-11T17:36:39.500784761Z,2025-10-11T17:37:56.603126055Z,263.899040,77.102341,341.001381,2.03,5,16,45s
NGC7029,260ff8b4-c6ed-4315-99e5-cf8f391ead75,2025-10-11T17:32:18.922877477Z,2025-10-11T17:36:49.637447482Z,2025-10-11T17:38:11.046203779Z,270.714570,81.408756,352.123326,2.03,5,17,45s
NGC7029,15054907-2ad8-4ee6-a874-60734821d3ce,2025-10-11T17:32:30.239949465Z,2025-10-11T17:36:51.715520404Z,2025-10-11T17:37:59.630877629Z,261.475571,67.915357,329.390928,2.03,5,16,45s
NGC7023,60c94bf2-055e-4f3d-8339-d638c6e5eb16,2025-10-11T17:32:37.925915179Z,2025-10-11T17:37:24.521751101Z,2025-10-11T17:38:41.994934058Z,286.595836,77.473183,364.069019,2.03,5,17,45s
NGC7029,e6b5aac2-5205-4ff7-95f4-a700e3674044,2025-10-11T17:32:40.972812447Z,2025-10-11T17:37:41.898673556Z,2025-10-11T17:38:54.775031586Z,300.925861,72.876358,373.802219,2.03,5,18,45s
NGC7023,7ab46ed8-18e9-4bd7-bf3f-31cbafb7d26b,2025-10-11T17:32:42.440327442Z,2025-10-11T17:37:48.630577717Z,2025-10-11T17:39:10.03073619Z,306.190250,81.400158,387.590409,2.04,5,19,45s
NGC7029,5ac80c8b-98b7-4208-a808-6603121375d0,2025-10-11T17:32:47.118912049Z,2025-10-11T17:38:05.872056916Z,2025-10-11T17:39:17.728570611Z,318.753145,71.856514,390.609659,2.03,5,19,45s
NGC7023,0ac087f8-0acb-41dc-bdc2-f181d49c2407,2025-10-11T17:32:53.984502353Z,2025-10-11T17:38:08.829669073Z,2025-10-11T17:39:22.420573496Z,314.845167,73.590904,388.436071,2.03,5,19,45s
NGC7023,ae1ef078-1dd9-4b9f-ab49-81f59d4097c6,2025-10-11T17:33:01.144938594Z,2025-10-11T17:38:43.73348987Z,2025-10-11T17:39:57.698508453Z,342.588551,73.965019,416.553570,2.03,5,20,45s
NGC7023,b69cce82-31c9-4647-bced-dfc1e173f963,2025-10-11T17:33:10.599701844Z,2025-10-11T17:38:57.099277621Z,2025-10-11T17:40:11.276980203Z,346.499576,74.177703,420.677278,2.03,5,21,45s
NGC7023,284e15af-fa78-42c0-a6b0-dd9e49de920a,2025-10-11T17:33:15.558473934Z,2025-10-11T17:39:11.827067175Z,2025-10-11T17:40:22.592762757Z,356.268593,70.765696,427.034289,2.03,5,22,45s
NGC7023,4a725eed-d048-4a3b-8fc8-27a457a724fb,2025-10-11T17:33:21.687133155Z,2025-10-11T17:39:21.010673227Z,2025-10-11T17:40:27.373684978Z,359.323540,66.363012,425.686552,2.03,5,23,45s
NGC7033,733da496-8871-444b-955d-c6334ffad65f,2025-10-11T17:33:23.314661632Z,2025-10-11T17:39:23.982865636Z,2025-10-11T17:40:33.133531801Z,360.668204,69.150666,429.818870,2.03,5,23,45s
NGC7023,cd39d5d7-cc10-45f4-89a8-b6796f9e4b65,2025-10-11T17:33:27.345392199Z,2025-10-11T17:39:57.864032776Z,2025-10-11T17:41:14.340973385Z,390.518641,76.476941,466.995581,2.03,5,24,45s
NGC7033,28823345-62fd-4a12-8eae-dde06989a13d,2025-10-11T17:33:32.977026323Z,2025-10-11T17:40:13.217635014Z,2025-10-11T17:41:31.061301175Z,400.240609,77.843666,478.084275,2.04,5,25,45s
NGC7033,6795ae13-9a6f-408d-a446-abc6fc77e852,2025-10-11T17:33:43.393163183Z,2025-10-11T17:40:24.948350849Z,2025-10-11T17:41:36.535002904Z,401.555188,71.586652,473.141840,2.03,5,24,45s
NGC7033,cd0c10e1-3781-4819-82ca-80d417a3f7a0,2025-10-11T17:33:54.41221304Z,2025-10-11T17:40:29.196838663Z,2025-10-11T17:41:51.226131887Z,394.784626,82.029293,476.813919,2.03,5,25,45s
NGC7030,89293b2e-6826-423a-98d3-caf56fb4d362,2025-10-11T17:34:08.045645637Z,2025-10-11T17:40:35.114246172Z,2025-10-11T17:41:48.374385027Z,387.068601,73.260139,460.328739,2.03,5,24,45s
NGC7033,d875ec2b-09fc-473e-9ebb-8decf385b557,2025-10-11T17:34:08.349684427Z,2025-10-11T17:41:17.000887144Z,2025-10-11T17:42:30.924707496Z,428.651203,73.923820,502.575023,2.03,5,25,45s
NGC7030,73da0e68-be78-44c3-98d0-fca100d7d9ca,2025-10-11T17:34:40.103354538Z,2025-10-11T17:41:34.356363491Z,2025-10-11T17:42:47.137643648Z,414.253009,72.781280,487.034289,2.04,5,25,45s
NGC7033,ca7c77ed-11df-46af-b517-fee790b01566,2025-10-11T17:34:40.726851616Z,2025-10-11T17:41:37.064226481Z,2025-10-11T17:42:45.01613282Z,416.337375,67.951906,484.289281,2.03,5,26,45s
NGC7030,37aa5d15-04d7-464c-81ba-a9b64eed5771,2025-10-11T17:34:50.716336749Z,2025-10-11T17:41:47.244718194Z,2025-10-11T17:42:52.984320561Z,416.528381,65.739602,482.267984,2.03,5,27,45s
NGC7033,522bbb3c-3b10-465d-a96c-d0fb926d7cd5,2025-10-11T17:34:52.587790392Z,2025-10-11T17:41:49.37116775Z,2025-10-11T17:42:56.795172922Z,416.783377,67.424005,484.207383,2.03,5,28,45s
NGC7021,0dc1e567-68d7-446d-bbb5-b9c00666edbc,2025-10-11T17:34:54.950873421Z,2025-10-11T17:42:28.126479576Z,2025-10-11T17:43:40.935974645Z,453.175606,72.809495,525.985101,2.03,5,29,45s
NGC7030,b51cc348-4afb-41e6-a6cc-0e3da4ca59a0,2025-10-11T17:35:04.275263092Z,2025-10-11T17:42:46.182462242Z,2025-10-11T17:44:09.871936198Z,461.907199,83.689474,545.596673,2.03,5,30,45s
NGC7033,e46a9e82-3921-476f-ba6d-9cb9f82bc24f,2025-10-11T17:35:08.114899539Z,2025-10-11T17:42:47.472170484Z,2025-10-11T17:44:01.598947889Z,459.357271,74.126777,533.484048,2.03,5,30,45s
NGC7021,bd6a26df-c624-4fa0-8402-2e108f2c9199,2025-10-11T17:35:08.449355024Z,2025-10-11T17:42:55.359933818Z,2025-10-11T17:44:14.994982222Z,466.910579,79.635048,546.545627,2.04,5,31,45s
NGC7030,b38de723-309b-44eb-bb27-3605485172a4,2025-10-11T17:35:14.901261356Z,2025-10-11T17:42:58.544922898Z,2025-10-11T17:44:17.635484012Z,463.643662,79.090561,542.734223,2.03,5,31,45s
NGC7021,b383154b-fe1e-43b4-8e32-a24da74d2972,2025-10-11T17:35:15.911394024Z,2025-10-11T17:43:42.286128055Z,2025-10-11T17:44:58.153316065Z,506.374734,75.867188,582.241922,2.03,5,32,45s
NGC7030,8c898dac-ac5c-4319-b898-61c0261d899b,2025-10-11T17:35:21.237200352Z,2025-10-11T17:44:01.602927696Z,2025-10-11T17:45:31.179161475Z,520.365727,89.576234,609.941961,2.03,5,33,45s
NGC7021,a543d1b6-fca4-48ba-b12d-298d4abb520f,2025-10-11T17:35:23.634480803Z,2025-10-11T17:44:11.350685296Z,2025-10-11T17:45:42.174478463Z,527.716204,90.823793,618.539998,2.03,5,34,45s
NGC7030,c9d4990e-74a8-48a2-8ddc-678bda82f241,2025-10-11T17:35:34.178106368Z,2025-10-11T17:44:14.5197231Z,2025-10-11T17:45:40.329293574Z,520.341617,85.809570,606.151187,2.03,5,35,45s
NGC7021,a8b36c0c-9825-41c8-889e-26aa5a52993c,2025-10-11T17:35:37.388355174Z,2025-10-11T17:44:15.744153856Z,2025-10-11T17:45:45.753781813Z,518.355799,90.009628,608.365427,2.03,5,34,45s
NGC7034,daf3c8ea-23ad-4244-8a1f-46d77ca624c8,2025-10-11T17:35:38.115338121Z,2025-10-11T17:45:00.436941375Z,2025-10-11T17:46:17.853278865Z,562.321603,77.416337,639.737941,2.03,5,35,45s
NGC7030,b6c9a096-9fbc-4b03-86fd-e5d028779584,2025-10-11T17:35:41.815918748Z,2025-10-11T17:45:31.761933341Z,2025-10-11T17:46:45.252656497Z,589.946015,73.490723,663.436738,2.03,5,36,45s
NGC7021,bf4bb339-009d-4d4c-9c16-434a2474ce55,2025-10-11T17:35:43.346893749Z,2025-10-11T17:45:41.742195711Z,2025-10-11T17:46:49.056412564Z,598.395302,67.314217,665.709519,2.03,5,37,45s
NGC7034,9eec4354-927e-4fcb-bd6f-fcb4389157f0,2025-10-11T17:35:43.963571412Z,2025-10-11T17:45:42.501692287Z,2025-10-11T17:46:54.15582787Z,598.538121,71.654136,670.192256,2.04,5,38,45s
NGC7034,6eb67009-c721-4116-bab6-cac67162a70a,2025-10-11T17:35:50.682346175Z,2025-10-11T17:45:46.968185569Z,2025-10-11T17:46:52.2376705Z,596.285839,65.269485,661.555324,2.03,5,39,45s
NGC7021,5d17e599-de1d-4765-a7b7-5aaf691375c6,2025-10-11T17:35:50.721106347Z,2025-10-11T17:46:18.622604775Z,2025-10-11T17:47:28.02141448Z,627.901498,69.398810,697.300308,2.03,5,40,45s
NGC7034,b2a5aa0c-fe12-412c-87f6-55d0aa08e890,2025-10-11T17:36:00.792521211Z,2025-10-11T17:46:43.930378511Z,2025-10-11T17:48:06.721225139Z,643.137857,82.790847,725.928704,2.03,5,40,45s
NGC7021,5816bfd0-d2ae-4ec7-a6ae-d0b2d32460ea,2025-10-11T17:36:08.854769454Z,2025-10-11T17:46:48.942818918Z,2025-10-11T17:48:03.858253452Z,640.088049,74.915435,715.003484,2.03,5,41,45s
NGC7034,e0b7aca9-00e3-425d-ae05-dc9b7e1aa78d,2025-10-11T17:36:09.390840069Z,2025-10-11T17:46:53.106872164Z,2025-10-11T17:48:12.323270396Z,643.716032,79.216398,722.932430,2.03,5,42,45s
NGC7034,a1e19225-d195-4fbd-87a5-1a5ea68cb9e5,2025-10-11T17:36:18.326029958Z,2025-10-11T17:46:55.649564645Z,2025-10-11T17:48:08.397581081Z,637.323535,72.748016,710.071551,2.03,5,43,45s
NGC7031,9c3c3dc4-f23a-4a42-8483-49e7505d8859,2025-10-11T17:36:24.02020382Z,2025-10-11T17:47:29.739243521Z,2025-10-11T17:48:42.7049735Z,665.719040,72.965730,738.684770,2.03,5,44,45s
NGC7034,7b10d83f-6cf4-4ca1-b07a-652eebe74fe4,2025-10-11T17:36:27.136850719Z,2025-10-11T17:48:04.127993364Z,2025-10-11T17:49:09.532434075Z,696.991143,65.404441,762.395583,2.03,5,45,45s
NGC7031,0315911b-69a9-461f-96d3-1c7a3ade2fdb,2025-10-11T17:36:36.046720822Z,2025-10-11T17:48:09.148189732Z,2025-10-11T17:49:24.49572859Z,693.101469,75.347539,768.449008,2.04,5,45,45s
NGC7034,1c85a02d-6f2b-49d8-91f6-823504723df1,2025-10-11T17:36:42.580440899Z,2025-10-11T17:48:09.797281847Z,2025-10-11T17:49:16.284102922Z,687.216841,66.486821,753.703662,2.03,5,45,45s
NGC7031,39daf2f3-e8cf-41b8-967f-acaa668832ea,2025-10-11T17:36:43.876171627Z,2025-10-11T17:48:16.252477992Z,2025-10-11T17:49:22.641118184Z,692.376306,66.388640,758.764947,2.03,5,46,45s
NGC7031,4aedc4b6-c5d1-43ac-b2de-3e8a10f3e06a,2025-10-11T17:36:51.960355671Z,2025-10-11T17:48:42.920404653Z,2025-10-11T17:49:51.699904701Z,710.960049,68.779500,779.739549,2.03,5,45,45s
NGC7031,25f5a959-33e1-4e55-bc52-0539009d73e8,2025-10-11T17:37:07.242551432Z,2025-10-11T17:49:12.260123366Z,2025-10-11T17:50:27.520141517Z,725.017572,75.260018,800.277590,2.03,5,46,45s
NGC7022,0072241e-853a-4a96-b231-91601f790493,2025-10-11T17:37:09.363009553Z,2025-10-11T17:49:17.964490912Z,2025-10-11T17:50:30.328021497Z,728.601481,72.363531,800.965012,2.03,5,47,45s
NGC7031,760fdab6-f75f-442d-bec0-50ac905fff16,2025-10-11T17:37:21.614738982Z,2025-10-11T17:49:23.442031733Z,2025-10-11T17:50:33.762649334Z,721.827293,70.320618,792.147910,2.03,5,48,45s
NGC7022,1b02b717-129b-40f8-8e80-fb8ccdb5d047,2025-10-11T17:37:28.405846837Z,2025-10-11T17:49:25.331426395Z,2025-10-11T17:50:42.432243144Z,716.925580,77.100817,794.026396,2.04,5,48,45s
NGC7031,2ba60a9f-dc61-422e-9a7e-0637309daf42,2025-10-11T17:37:38.706089324Z,2025-10-11T17:49:53.056942888Z,2025-10-11T17:50:59.331851488Z,734.350854,66.274909,800.625762,2.03,5,49,45s
NGC7022,f00c6526-a27b-4e3c-b13f-e45f5a9a7a20,2025-10-11T17:37:45.004945594Z,2025-10-11T17:50:29.384747593Z,2025-10-11T17:51:39.30018286Z,764.379802,69.915435,834.295237,2.03,5,49,45s
NGC7031,8d1a1c1e-4644-401c-a8dd-8097f2c85bde,2025-10-11T17:37:59.590936953Z,2025-10-11T17:50:30.146878268Z,2025-10-11T17:51:41.600821503Z,750.555941,71.453943,822.009885,2.03,5,49,45s
NGC7024,c8b1e762-26c9-45ae-aedb-31b74b530535,2025-10-11T17:38:02.363025129Z,2025-10-11T17:50:34.616720422Z,2025-10-11T17:51:44.317314698Z,752.253695,69.700594,821.954290,2.03,5,50,45s
NGC7022,e54cf53e-bb74-497d-b7ae-f568947f22ad,2025-10-11T17:38:10.698078431Z,2025-10-11T17:50:43.478066351Z,2025-10-11T17:52:00.636638276Z,752.779988,77.158572,829.938560,2.03,5,49,45s
NGC7024,d26baf75-0ec6-4545-bbee-f9dc473e9faf,2025-10-11T17:38:17.00009862Z,2025-10-11T17:51:01.169978626Z,2025-10-11T17:52:17.647876678Z,764.169880,76.477898,840.647778,2.04,5,50,45s
NGC7022,fe6b49ba-0374-4c3b-b990-47c07a0673d8,2025-10-11T17:38:20.182577773Z,2025-10-11T17:51:40.512629534Z,2025-10-11T17:52:54.181910743Z,800.330052,73.669281,873.999333,2.03,5,51,45s
NGC7024,457fc8e5-3fb0-48e8-9870-a81b1a6383db,2025-10-11T17:38:28.115509737Z,2025-10-11T17:51:42.27445532Z,2025-10-11T17:52:49.472514054Z,794.158946,67.198059,861.357004,2.03,5,52,45s
NGC7022,dce6ff18-5ca0-449d-8b88-d55d043bde77,2025-10-11T17:38:29.935972102Z,2025-10-11T17:51:45.735552477Z,2025-10-11T17:52:51.552762145Z,795.799580,65.817210,861.616790,2.03,5,53,45s
NGC7024,8549fc25-fc9b-40cc-9481-e0a88be404d5,2025-10-11T17:38:34.720481504Z,2025-10-11T17:52:00.631941492Z,2025-10-11T17:53:18.005413759Z,805.911460,77.373472,883.284932,2.03,5,54,45s
NGC7022,ad23bd07-f644-4ebf-8f59-c17963c32462,2025-10-11T17:38:37.878516689Z,2025-10-11T17:52:19.335063861Z,2025-10-11T17:53:31.208245173Z,821.456547,71.873181,893.329728,2.03,5,55,45s
NGC7027,f82dc8fe-d066-4b6f-bb33-114d94e33dea,2025-10-11T17:38:38.250109021Z,2025-10-11T17:52:51.397566254Z,2025-10-11T17:54:03.907152074Z,853.147457,72.509586,925.657043,2.03,5,56,45s
NGC7024,a4a832f2-fb91-4645-8205-77b947853778,2025-10-11T17:38:43.488217846Z,2025-10-11T17:52:51.862333706Z,2025-10-11T17:54:10.04284078Z,848.374116,78.180507,926.554623,2.03,5,57,45s
NGC7022,5a0775ac-4c93-46d3-8f2b-858a473deb3c,2025-10-11T17:38:44.974464421Z,2025-10-11T17:52:52.641727492Z,2025-10-11T17:54:07.882555912Z,847.667263,75.240828,922.908091,2.03,5,57,45s
NGC7027,9c6d4021-1df1-4073-9a5d-8d5af683c5a7,2025-10-11T17:38:46.50486803Z,2025-10-11T17:53:19.770572693Z,2025-10-11T17:54:37.952192141Z,873.265705,78.181619,951.447324,2.04,5,58,45s
NGC7024,80a231be-4cc2-423f-b539-bbea05e3e77d,2025-10-11T17:38:51.479994854Z,2025-10-11T17:53:30.519643879Z,2025-10-11T17:54:45.431813628Z,879.039649,74.912170,953.951819,2.03,5,59,45s
NGC7027,b33ba602-1ef1-4d57-a216-5299ca7965ea,2025-10-11T17:38:52.544666161Z,2025-10-11T17:54:02.523904847Z,2025-10-11T17:55:17.534920025Z,909.979239,75.011015,984.990254,2.03,5,60,45s
NGC7024,bfde7583-b8e9-4096-aa61-649bae62ddd7,2025-10-11T17:38:59.349560871Z,2025-10-11T17:54:04.790098393Z,2025-10-11T17:55:20.572501356Z,905.440538,75.782403,981.222940,2.03,5,60,45s
NGC7027,4018a1a1-53e8-4481-b983-e81798daab96,2025-10-11T17:39:01.332120922Z,2025-10-11T17:54:08.086461951Z,2025-10-11T17:55:29.793386957Z,906.754341,81.706925,988.461266,2.03,5,61,45s
NGC7027,b76c325e-7ae7-42f5-a8c0-50d4cea1c585,2025-10-11T17:39:09.037178891Z,2025-10-11T17:54:40.963412542Z,2025-10-11T17:55:58.6221401Z,931.926234,77.658728,1009.584961,2.03,5,62,45s
NGC7024,36e3fe92-107d-4114-9bbb-5c7bf4c7d6b7,2025-10-11T17:39:13.123009377Z,2025-10-11T17:54:45.77779884Z,2025-10-11T17:56:01.253004373Z,932.654789,75.475206,1008.129995,2.03,5,62,45s
NGC7027,23daa565-85b4-46fa-bcaf-382ef7e8970e,2025-10-11T17:39:15.163317697Z,2025-10-11T17:55:18.673045858Z,2025-10-11T17:56:31.220361847Z,963.509728,72.547316,1036.057044,2.03,5,63,45s
NGC7027,0f545931-5dc7-427c-9df1-c8f3c07a7fe7,2025-10-11T17:39:21.299524448Z,2025-10-11T17:55:20.014879844Z,2025-10-11T17:56:27.057840381Z,958.715355,67.042961,1025.758316,2.03,5,63,45s
NGC7020,8603bf09-b52b-4f2b-84e3-891d6e8fe750,2025-10-11T17:39:23.984098091Z,2025-10-11T17:55:30.312855505Z,2025-10-11T17:56:37.58854578Z,966.328757,67.275690,1033.604448,2.03,5,64,45s
NGC7020,417f93b2-d8fe-4a33-b043-c752ae064614,2025-10-11T17:39:30.525438767Z,2025-10-11T17:55:57.995140577Z,2025-10-11T17:57:12.93839065Z,987.469702,74.943250,1062.412952,2.04,5,64,45s
NGC7027,5596c56d-e209-4833-9927-3987d9918d99,2025-10-11T17:39:35.854903187Z,2025-10-11T17:55:58.133971375Z,2025-10-11T17:57:10.087251528Z,982.279068,71.953280,1054.232348,2.03,5,65,45s
NGC7020,e01b7044-ad4d-40fc-b0ce-6530d326eaa2,2025-10-11T17:39:36.910225816Z,2025-10-11T17:56:28.148865475Z,2025-10-11T17:57:35.484228624Z,1011.238640,67.335363,1078.574003,2.03,5,66,45s
NGC7020,4d7090b1-993b-46b7-a68a-2078ccb7d15e,2025-10-11T17:39:43.747745974Z,2025-10-11T17:56:30.793791223Z,2025-10-11T17:57:40.040184703Z,1007.046045,69.246393,1076.292439,2.03,5,67,45s
NGC7020,bc1fb894-b3af-424a-b775-3c416f75f07c,2025-10-11T17:39:49.772205376Z,2025-10-11T17:56:39.499462887Z,2025-10-11T17:57:52.709973317Z,1009.727258,73.210510,1082.937768,2.03,5,68,45s
NGC7020,9699214f-d43a-4b0a-a74d-3ae31775a9bd,2025-10-11T17:39:58.264278026Z,2025-10-11T17:57:05.248784995Z,2025-10-11T17:58:15.868216799Z,1026.984507,70.619432,1097.603939,2.03,5,68,45s
NGC7026,5bd44401-9e7d-4495-947b-00f8f2b93f60,2025-10-11T17:40:11.249572148Z,2025-10-11T17:57:11.125254816Z,2025-10-11T17:58:32.728385635Z,1019.875683,81.603131,1101.478813,2.03,5,69,45s
NGC7020,8f1c7ea0-b7c5-453e-b38a-207cc6cb2a5c,2025-10-11T17:40:17.219835912Z,2025-10-11T17:57:36.34915363Z,2025-10-11T17:59:03.762069976Z,1039.129318,87.412916,1126.542234,2.03,5,69,45s
NGC7020,08e56983-3b70-4b87-bab5-9dd967e81441,2025-10-11T17:40:30.995160264Z,2025-10-11T17:57:39.959906529Z,2025-10-11T17:59:06.456528212Z,1028.964746,86.496622,1115.461368,2.03,5,68,45s
NGC7026,cb38d99d-a5e5-4d22-8034-38a87d2a7258,2025-10-11T17:40:34.014355869Z,2025-10-11T17:57:53.637935836Z,2025-10-11T17:59:22.163936879Z,1039.623580,88.526001,1128.149581,2.04,5,69,45s
NGC7026,0f489199-d9f4-4a68-bcd4-31c6a4283249,2025-10-11T17:40:47.383841615Z,2025-10-11T17:58:19.406250238Z,2025-10-11T17:59:33.555907961Z,1052.022409,74.149658,1126.172066,2.03,5,69,45s
NGC7026,e963c649-bc18-4120-b3bb-be011b95d2df,2025-10-11T17:41:04.646350058Z,2025-10-11T17:58:32.283228179Z,2025-10-11T17:59:44.260284083Z,1047.636878,71.977056,1119.613934,2.03,5,70,45s
NGC7026,c0c8a47a-99af-4dae-baac-95aed48cca3d,2025-10-11T17:41:11.098963456Z,2025-10-11T17:58:58.478287795Z,2025-10-11T18:00:14.518733425Z,1067.379324,76.040446,1143.419770,2.03,5,71,45s
NGC7026,08d616f0-6dd2-4c2c-857d-522a0c98ed34,2025-10-11T17:41:25.783283736Z,2025-10-11T17:59:02.187256804Z,2025-10-11T18:00:21.062578081Z,1056.403973,78.875321,1135.279294,2.03,5,71,45s
NGC7026,75009f14-5489-425d-9a22-2027e8ddedcb,2025-10-11T17:41:37.25174597Z,2025-10-11T17:59:23.793080756Z,2025-10-11T18:00:31.826475372Z,1066.541335,68.033395,1134.574729,2.03,5,70,45s
NGC7026,548e8b73-260a-49c3-bcb8-1fb1599ffeac,2025-10-11T17:41:51.596996973Z,2025-10-11T17:59:35.697137813Z,2025-10-11T18:00:42.560804374Z,1064.100141,66.863667,1130.963807,2.03,5,69,45s
NGC7020,95cfadce-e9e4-46e0-b42a-6424aa092c0f,2025-10-11T18:59:35.989297046Z,2025-10-11T18:59:36.488820831Z,2025-10-11T19:00:57.419909144Z,0.499524,80.931088,81.430612,2.39,12,0,30s
NGC7020,3e346b21-f2d1-4fcd-8c8b-8d877de4be2a,2025-10-11T18:59:52.059526153Z,2025-10-11T18:59:52.519338868Z,2025-10-11T19:01:35.873178547Z,0.459813,103.353840,103.813652,2.40,12,0,30s
NGC7024,b7931bbd-bf59-41de-bcaa-b35706f9357d,2025-10-11T19:00:06.823457158Z,2025-10-11T19:00:06.939554148Z,2025-10-11T19:02:08.140955438Z,0.116097,121.201401,121.317498,2.39,12,0,30s
NGC7020,f1fc2ceb-0650-4acb-946d-68a07590d1a5,2025-10-11T19:00:08.344941709Z,2025-10-11T19:00:08.552315571Z,2025-10-11T19:01:47.852290938Z,0.207374,99.299975,99.507349,2.39,12,0,30s
NGC7020,b5ec9434-5996-4efc-a064-7cbc956d921b,2025-10-11T19:00:35.533798245Z,2025-10-11T19:00:35.59023756Z,2025-10-11T19:02:32.493220544Z,0.056439,116.902983,116.959422,2.39,12,0,30s
NGC7025,e62c1d0b-911a-40b8-95fd-28e9e34a2889,2025-10-11T19:00:36.258438568Z,2025-10-11T19:00:36.614037774Z,2025-10-11T19:02:25.213398948Z,0.355599,108.599361,108.954960,2.39,12,0,30s
NGC7024,fce604e9-c4a6-4734-a72e-5bd590d45327,2025-10-11T19:00:39.228462347Z,2025-10-11T19:00:39.635436305Z,2025-10-11T19:02:34.401288373Z,0.406974,114.765852,115.172826,2.40,12,0,30s
NGC7020,6407a429-6010-4c9f-826c-4f0e4dd020ec,2025-10-11T19:00:57.777150997Z,2025-10-11T19:00:58.087263624Z,2025-10-11T19:02:41.08199711Z,0.310113,102.994733,103.304846,2.39,12,0,30s
NGC7025,bb5f6fcc-75fa-452d-84bb-c7e12ee6a31d,2025-10-11T19:01:00.300747411Z,2025-10-11T19:01:00.728222213Z,2025-10-11T19:02:58.543775276Z,0.427475,117.815553,118.243028,2.40,12,0,30s
NGC7024,b209a868-63c5-4418-966f-a7d738aeec8d,2025-10-11T19:01:02.5223339Z,2025-10-11T19:01:03.119416512Z,2025-10-11T19:02:54.469403762Z,0.597083,111.349987,111.947070,2.39,12,0,30s
NGC7026,67bee4d2-f573-4477-a2df-375f80d67808,2025-10-11T19:01:07.258134313Z,2025-10-11T19:01:07.749805138Z,2025-10-11T19:03:02.138993519Z,0.491671,114.389188,114.880859,2.39,12,0,30s
NGC7020,f55e9a86-d0c6-44b9-b043-7bc6507ec04c,2025-10-11T19:01:08.440480063Z,2025-10-11T19:01:09.153447194Z,2025-10-11T19:02:49.362784155Z,0.712967,100.209337,100.922304,2.39,12,0,30s
NGC7025,482bf8bc-7775-4fa6-91b5-bb0d58ce29ce,2025-10-11T19:01:08.491211012Z,2025-10-11T19:01:09.18758519Z,2025-10-11T19:02:51.605517729Z,0.696374,102.417933,103.114307,2.39,12,1,30s
NGC7024,175cf259-4934-400f-9ca4-a53f26c1473f,2025-10-11T19:01:10.493340152Z,2025-10-11T19:01:41.783265529Z,2025-10-11T19:03:40.243672451Z,31.289925,118.460407,149.750332,2.39,12,0,30s
NGC7026,1f3fe423-46fa-4397-8831-b86e0d2a574a,2025-10-11T19:01:15.924879442Z,2025-10-11T19:01:54.781233032Z,2025-10-11T19:03:53.710886654Z,38.856354,118.929654,157.786007,2.40,12,1,30s
NGC7025,7b332d26-6d29-43f0-b129-f2a382027ee6,2025-10-11T19:01:18.099295398Z,2025-10-11T19:02:14.308569922Z,2025-10-11T19:04:10.652290569Z,56.209275,116.343721,172.552995,2.39,12,2,30s
NGC7020,e60926d7-fd6d-483a-9ce6-8ede1ed6b1e2,2025-10-11T19:01:18.843536885Z,2025-10-11T19:02:36.989745279Z,2025-10-11T19:04:57.081478848Z,78.146208,140.091734,218.237942,1.91,12,3,30s
NGC7024,fa192572-ecdf-48a4-a5a9-dbba8287194c,2025-10-11T19:01:21.723008506Z,2025-10-11T19:02:38.910086062Z,2025-10-11T19:04:31.930812627Z,77.187078,113.020727,190.207804,2.39,12,4,30s
NGC7026,1882d8ee-93dd-4aea-9b89-9139d6e6b564,2025-10-11T19:01:28.90240038Z,2025-10-11T19:02:39.813786794Z,2025-10-11T19:04:28.941246088Z,70.911386,109.127459,180.038846,2.39,12,5,30s
NGC7025,72a7d6ac-e5b4-489d-9d9f-47ccf28b6809,2025-10-11T19:01:33.824970042Z,2025-10-11T19:02:45.384600062Z,2025-10-11T19:04:34.823463247Z,71.559630,109.438863,180.998493,2.39,12,6,30s
NGC7029,f84b575f-4704-4db6-b9e8-1cc4c414c796,2025-10-11T19:01:37.439389969Z,2025-10-11T19:02:56.514425838Z,2025-10-11T19:04:45.47212899Z,79.075036,108.957703,188.032739,2.39,12,7,30s
NGC7024,eb2df500-c200-40fb-9773-2af4b03f394b,2025-10-11T19:01:37.659267827Z,2025-10-11T19:02:57.544263508Z,2025-10-11T19:04:47.322129972Z,79.884996,109.777866,189.662862,2.39,12,8,30s
NGC7026,5cbc149b-3c11-4bd6-beef-48ed6ea36ebf,2025-10-11T19:01:59.366238943Z,2025-10-11T19:02:57.633456762Z,2025-10-11T19:04:51.293439701Z,58.267218,113.659983,171.927201,2.39,12,7,30s
NGC7025,d5000b79-7fae-417c-a544-d21b48666467,2025-10-11T19:01:59.587717772Z,2025-10-11T19:02:59.082933228Z,2025-10-11T19:04:49.286324284Z,59.495215,110.203391,169.698607,2.39,12,8,30s
NGC7029,fd72ec9d-e4c2-47a0-a454-49b862891340,2025-10-11T19:02:03.05882693Z,2025-10-11T19:03:00.082506544Z,2025-10-11T19:05:01.948192801Z,57.023680,121.865686,178.889366,2.40,12,9,30s
NGC7024,113acba1-075e-437e-a485-6cb52551639a,2025-10-11T19:02:04.287803312Z,2025-10-11T19:03:46.17722721Z,2025-10-11T19:06:05.039268592Z,101.889424,138.862041,240.751465,1.91,12,10,30s
NGC7030,42def2a3-559f-48e5-8bfe-9e072c2c430d,2025-10-11T19:02:08.653146434Z,2025-10-11T19:03:59.048560523Z,2025-10-11T19:05:58.232041998Z,110.395414,119.183481,229.578896,2.39,12,11,30s
NGC7025,b81a0b8a-b8ec-4602-b021-b0745d426b08,2025-10-11T19:02:12.961125948Z,2025-10-11T19:04:17.616948616Z,2025-10-11T19:05:51.928599897Z,124.655823,94.311651,218.967474,1.91,12,12,30s
NGC7026,44c7ed76-702a-4318-ace7-0c20b9b31d82,2025-10-11T19:02:14.3168744Z,2025-10-11T19:04:34.124357346Z,2025-10-11T19:06:23.948869211Z,139.807483,109.824512,249.631995,2.39,12,13,30s
NGC7029,92ce8b48-19a1-4c22-a643-e1afaea3e7e0,2025-10-11T19:02:15.967305669Z,2025-10-11T19:04:38.214395093Z,2025-10-11T19:06:30.48134011Z,142.247089,112.266945,254.514034,2.39,12,13,30s
NGC7030,249e75b1-36d1-42a5-8eba-5db92c8606d7,2025-10-11T19:02:19.524416753Z,2025-10-11T19:04:38.681237856Z,2025-10-11T19:06:35.429452915Z,139.156821,116.748215,255.905036,2.40,12,14,30s
NGC7026,39c0f9d9-2fe7-40c9-a04b-4159f2f79459,2025-10-11T19:02:22.140643766Z,2025-10-11T19:04:53.769134226Z,2025-10-11T19:07:34.041703018Z,151.628490,160.272569,311.901059,2.39,12,15,30s
NGC7029,563aeaac-f98d-481c-bc9d-61518e02955e,2025-10-11T19:02:22.339852332Z,2025-10-11T19:04:53.876029178Z,2025-10-11T19:07:36.660494313Z,151.536177,162.784465,314.320642,2.39,12,16,30s
NGC7030,e574039b-462e-42fd-be09-cc88ba0f068f,2025-10-11T19:02:28.16542727Z,2025-10-11T19:04:54.902299673Z,2025-10-11T19:06:45.560785072Z,146.736872,110.658485,257.395358,2.39,12,17,30s
NGC7026,4f35af31-a3e1-4f16-8ca4-d7aa794da089,2025-10-11T19:02:31.292477104Z,2025-10-11T19:04:56.353040985Z,2025-10-11T19:06:27.651750983Z,145.060564,91.298710,236.359274,1.91,12,18,30s
NGC7029,47db1532-e51c-4c5c-8bd6-cb8c44ec1489,2025-10-11T19:02:32.422086952Z,2025-10-11T19:05:06.332898863Z,2025-10-11T19:06:55.374041986Z,153.910812,109.041143,262.951955,2.39,12,19,30s
NGC7030,5ae3acb3-d940-4ade-96c0-3fc3696ad3f7,2025-10-11T19:02:35.959081109Z,2025-10-11T19:05:08.431300675Z,2025-10-11T19:07:00.909538119Z,152.472220,112.478237,264.950457,2.39,12,20,30s
NGC7021,e13bda05-07e7-4b02-9334-2a7abaa1434a,2025-10-11T19:02:36.275346262Z,2025-10-11T19:05:56.838060094Z,2025-10-11T19:07:50.646918608Z,200.562714,113.808859,314.371572,2.39,12,21,30s
NGC7029,1bc53931-618c-4c0d-8fe4-6432bb0d7009,2025-10-11T19:02:38.619116428Z,2025-10-11T19:05:59.373505545Z,2025-10-11T19:07:52.639277649Z,200.754389,113.265772,314.020161,2.39,12,21,30s
NGC7030,922df612-72c3-40d3-bb2c-6b4ec45f4eb7,2025-10-11T19:02:44.280702046Z,2025-10-11T19:06:10.511170527Z,2025-10-11T19:08:02.038840422Z,206.230468,111.527670,317.758138,2.39,12,20,30s
NGC7021,dd2ee016-250f-4199-a34a-7398f5f544ce,2025-10-11T19:02:44.34635564Z,2025-10-11T19:06:28.421927482Z,2025-10-11T19:08:27.192212087Z,224.075572,118.770285,342.845856,2.40,12,21,30s
NGC7029,5d22c0bc-62a7-4f0c-967e-51f6c3799de4,2025-10-11T19:02:46.10394776Z,2025-10-11T19:06:32.574423912Z,2025-10-11T19:08:08.99438481Z,226.470476,96.419961,322.890437,1.91,12,21,30s
NGC7030,ca864c8e-a2ef-4664-afbd-95cfb3d67396,2025-10-11T19:02:54.553640862Z,2025-10-11T19:06:34.534192987Z,2025-10-11T19:08:29.064246572Z,219.980552,114.530054,334.510606,2.39,12,22,30s
NGC7021,476cd823-f3b0-4653-92a7-2b1899f2e4c5,2025-10-11T19:02:55.319208649Z,2025-10-11T19:06:44.998347746Z,2025-10-11T19:09:26.157359288Z,229.679139,161.159012,390.838151,2.39,12,23,30s
NGC7023,0158fe49-6a3c-4da2-b1d9-936382f830b8,2025-10-11T19:03:06.257023965Z,2025-10-11T19:06:51.178666775Z,2025-10-11T19:09:29.637643375Z,224.921643,158.458977,383.380619,2.39,12,19,30s
NGC7030,368a60ef-af89-4174-aec3-11f9483601fc,2025-10-11T19:03:15.501912939Z,2025-10-11T19:07:01.572067927Z,2025-10-11T19:08:43.563032048Z,226.070155,101.990964,328.061119,1.91,12,20,30s
NGC7021,f8838e15-0ee8-4a10-b713-d24d4015be62,2025-10-11T19:03:17.969803463Z,2025-10-11T19:07:07.758824401Z,2025-10-11T19:09:02.040105897Z,229.789021,114.281281,344.070302,2.39,12,21,30s
NGC7023,87521eab-1711-45ff-8b88-32d59638b676,2025-10-11T19:03:30.271623546Z,2025-10-11T19:07:41.207869679Z,2025-10-11T19:09:43.263152871Z,250.936246,122.055283,372.991529,2.40,12,22,30s
NGC7028,8b190f0a-1ce2-41c6-aabc-829cd57968e4,2025-10-11T19:03:37.259731257Z,2025-10-11T19:07:42.081216797Z,2025-10-11T19:10:28.397820016Z,244.821486,166.316603,411.138089,2.39,12,23,30s
NGC7021,b55c51a8-9db4-4764-b952-0452e7296d70,2025-10-11T19:03:38.254462116Z,2025-10-11T19:07:56.109459689Z,2025-10-11T19:10:41.456758358Z,257.854998,165.347299,423.202296,2.39,12,24,30s
NGC7023,de4dbb98-c159-42d4-9f9e-b83d614f3548,2025-10-11T19:03:46.562826371Z,2025-10-11T19:07:56.682431679Z,2025-10-11T19:09:50.170831463Z,250.119605,113.488400,363.608005,2.39,12,24,30s
NGC7028,4e8a572e-fe87-4230-8c6d-ba2a117032f5,2025-10-11T19:03:47.870739783Z,2025-10-11T19:08:06.858341269Z,2025-10-11T19:10:05.701970333Z,258.987601,118.843629,377.831231,2.40,12,25,30s
NGC7021,aca35c7f-4664-4d4f-970b-2618d5fc92c8,2025-10-11T19:03:49.866323404Z,2025-10-11T19:08:13.793479129Z,2025-10-11T19:10:11.132112743Z,263.927156,117.338634,381.265789,2.39,12,26,30s
NGC7023,e9be5f6a-6bf6-487b-b627-16a226ffe6ff,2025-10-11T19:03:53.191853185Z,2025-10-11T19:08:30.778547487Z,2025-10-11T19:11:12.597139651Z,277.586694,161.818592,439.405286,2.39,12,27,30s
NGC7028,e43e7deb-4ab6-4bd1-aa99-c9cfb933666c,2025-10-11T19:03:55.30170808Z,2025-10-11T19:08:30.819178945Z,2025-10-11T19:10:24.471638501Z,275.517471,113.652460,389.169930,2.39,12,28,30s
NGC7021,e80ec3e5-357b-46a3-b5db-9c558943d068,2025-10-11T19:03:58.718021081Z,2025-10-11T19:08:46.824203789Z,2025-10-11T19:10:20.037454621Z,288.106183,93.213251,381.319434,1.91,12,29,30s
NGC7023,3595d4a1-470b-4fb3-a243-62c7d84fdc68,2025-10-11T19:04:06.655386191Z,2025-10-11T19:09:06.078760851Z,2025-10-11T19:11:02.471870055Z,299.423375,116.393109,415.816484,2.39,12,29,30s
NGC7022,837e4e0a-146d-4535-996a-653ed6c6f038,2025-10-11T19:04:07.10920769Z,2025-10-11T19:09:31.344723032Z,2025-10-11T19:11:27.657139849Z,324.235515,116.312417,440.547932,2.39,12,30,30s
NGC7028,11b8221c-af7d-44dc-a9ce-18ee55683768,2025-10-11T19:04:08.770637328Z,2025-10-11T19:09:36.545969172Z,2025-10-11T19:11:36.818949995Z,327.775332,120.272981,448.048313,2.39,12,31,30s
NGC7022,caecd5f0-c456-42b5-b81a-7f90fa9de4c0,2025-10-11T19:04:12.788701679Z,2025-10-11T19:09:52.580358018Z,2025-10-11T19:11:56.980165919Z,339.791656,124.399808,464.191464,2.40,12,32,30s
NGC7023,5038f674-6afa-4fd1-a534-028daefc5a32,2025-10-11T19:04:12.825213325Z,2025-10-11T19:09:59.97687649Z,2025-10-11T19:11:55.155429879Z,347.151663,115.178553,462.330217,2.39,12,32,30s
NGC7028,3608a19d-ff13-496e-b46d-aa7b8a73fa2e,2025-10-11T19:04:15.13727317Z,2025-10-11T19:10:14.068394644Z,2025-10-11T19:12:15.807213708Z,358.931121,121.738819,480.669941,2.39,12,34,30s
NGC7023,84116604-4085-41a5-bce4-a75899ee2a1c,2025-10-11T19:04:18.75149031Z,2025-10-11T19:10:17.165940147Z,2025-10-11T19:11:52.716322428Z,358.414450,95.550382,453.964832,1.91,12,34,30s
NGC7022,9933504d-abab-485b-8179-02b00e9d206b,2025-10-11T19:04:19.140198827Z,2025-10-11T19:10:32.038747771Z,2025-10-11T19:13:15.272214658Z,372.898549,163.233467,536.132016,2.39,12,35,30s
NGC7028,8e2da532-6d34-41a1-b154-b83925379d39,2025-10-11T19:04:22.708621891Z,2025-10-11T19:10:36.178322199Z,2025-10-11T19:12:28.554871887Z,373.469700,112.376550,485.846250,2.39,12,36,30s
NGC7022,0a6e2562-bf0f-4bdb-9b7e-3b1e84e55170,2025-10-11T19:04:28.99055367Z,2025-10-11T19:10:36.412858953Z,2025-10-11T19:12:32.529857507Z,367.422305,116.116999,483.539304,2.39,12,37,30s
NGC7028,accc7092-c7ef-40ae-a78c-8720fa4af033,2025-10-11T19:04:35.233533326Z,2025-10-11T19:10:49.522511571Z,2025-10-11T19:13:09.66652636Z,374.288978,140.144015,514.432993,1.91,12,37,30s
NGC7027,3ecfec49-59c3-4065-83dc-6f30180908a0,2025-10-11T19:04:36.167404152Z,2025-10-11T19:11:06.322072149Z,2025-10-11T19:13:03.534309892Z,390.154668,117.212238,507.366906,2.39,12,38,30s
NGC7022,15051b18-d1c0-475a-b367-09447f2415c9,2025-10-11T19:04:39.509176967Z,2025-10-11T19:11:18.096906291Z,2025-10-11T19:13:17.102761157Z,398.587729,119.005855,517.593584,2.39,12,37,30s
NGC7027,28f2a800-a0cf-4647-87b8-f6181c84996a,2025-10-11T19:04:49.788706481Z,2025-10-11T19:11:34.60511077Z,2025-10-11T19:13:48.210303495Z,404.816404,133.605193,538.421597,2.40,12,38,30s
NGC7022,237f7a6f-70b3-4292-af2b-fcfb96459019,2025-10-11T19:04:51.67856012Z,2025-10-11T19:11:43.906784269Z,2025-10-11T19:13:43.963712952Z,412.228224,120.056929,532.285153,2.39,12,39,30s
NGC7022,046fdafb-3aac-42a4-9ea2-b0eba9f8626f,2025-10-11T19:05:06.697935038Z,2025-10-11T19:12:01.01575113Z,2025-10-11T19:13:32.968768453Z,414.317816,91.953017,506.270833,1.91,12,35,30s
NGC7031,5fc5544f-6cd8-4b5b-bf08-a52620db386c,2025-10-11T19:05:06.889910516Z,2025-10-11T19:12:01.375842082Z,2025-10-11T19:14:46.087203495Z,414.485932,164.711361,579.197293,2.39,12,36,30s
NGC7027,9ab90f4d-dcbe-4de5-b2d8-0c1eaa9097a1,2025-10-11T19:05:08.701267619Z,2025-10-11T19:12:04.463200716Z,2025-10-11T19:13:54.653794099Z,415.761933,110.190593,525.952526,2.39,12,36,30s
NGC7031,e431c231-5b42-4c3e-85e6-7f0a50785ddd,2025-10-11T19:05:20.29734067Z,2025-10-11T19:12:18.375053159Z,2025-10-11T19:14:12.584826624Z,418.077712,114.209773,532.287486,2.40,12,37,30s
NGC7027,20ae1dd8-e94c-48b7-ac95-e36ca0f32684,2025-10-11T19:05:21.358031664Z,2025-10-11T19:12:33.462601525Z,2025-10-11T19:14:21.564388627Z,432.104570,108.101787,540.206357,2.39,12,38,30s
NGC7031,8151ec0c-a78a-4d02-8862-7c9a8a80b3a8,2025-10-11T19:05:36.352452047Z,2025-10-11T19:12:39.790209776Z,2025-10-11T19:14:26.866932565Z,423.437758,107.076723,530.514481,2.39,12,39,30s
NGC7027,e821a238-c5e7-4e44-82ca-4460f60ae1bd,2025-10-11T19:05:36.923798485Z,2025-10-11T19:13:05.580655028Z,2025-10-11T19:15:13.897538708Z,448.656857,128.316884,576.973740,2.39,12,40,30s
NGC7031,2cffe2dc-1676-457a-a6c7-290539237757,2025-10-11T19:05:46.393009494Z,2025-10-11T19:13:10.848656303Z,2025-10-11T19:15:16.585154444Z,444.455647,125.736498,570.192145,2.39,12,41,30s
NGC7027,77b6b3c5-1b5a-4cc4-b7c7-5e2385448ff9,2025-10-11T19:05:49.228224443Z,2025-10-11T19:13:16.366329176Z,2025-10-11T19:15:21.433759879Z,447.138105,125.067431,572.205535,2.39,12,42,30s
NGC7031,a99bfd21-2469-4bf5-9a64-98e5f6cf8a8b,2025-10-11T19:05:58.614267319Z,2025-10-11T19:13:16.427480234Z,2025-10-11T19:15:49.19706646Z,437.813213,152.769586,590.582799,2.39,12,42,30s
NGC7027,e508b2f6-5ede-4978-878e-f3c5387e152e,2025-10-11T19:06:03.188427243Z,2025-10-11T19:13:39.306204808Z,2025-10-11T19:15:27.335276435Z,456.117778,108.029072,564.146849,1.91,12,42,30s
NGC7031,4554878a-9db5-4959-9225-b151c61780f2,2025-10-11T19:06:07.770391127Z,2025-10-11T19:13:43.219849371Z,2025-10-11T19:15:36.314358604Z,455.449458,113.094509,568.543967,2.39,12,43,30s
NGC7031,389078a3-114f-4318-b7b8-e5c3d2b552fe,2025-10-11T19:06:18.865381161Z,2025-10-11T19:13:44.901797012Z,2025-10-11T19:15:30.280035009Z,446.036416,105.378238,551.414654,1.91,12,43,30s
NGC7020,c916da0e-7a44-46fa-a377-26b44df19a18,2025-10-11T21:13:53.074846011Z,2025-10-11T21:13:53.296332658Z,2025-10-11T21:14:57.332399586Z,0.221487,64.036067,64.257554,1.43,22,0,10s
NGC7021,5c54bdb2-759b-4ebe-9a1f-230dde23aa61,2025-10-11T21:14:03.769343773Z,2025-10-11T21:14:03.790300727Z,2025-10-11T21:15:12.871293393Z,0.020957,69.080993,69.101950,1.43,22,0,10s
NGC7020,f068ff1d-4e5f-49b5-9b8e-da2cf111918e,2025-10-11T21:14:09.761703902Z,2025-10-11T21:14:09.78271666Z,2025-10-11T21:15:14.731941351Z,0.021013,64.949225,64.970237,1.44,22,0,10s
NGC7022,8db5e76c-33c8-4fd3-9750-cf465df01dd7,2025-10-11T21:14:12.921914563Z,2025-10-11T21:14:12.97348059Z,2025-10-11T21:15:26.418355491Z,0.051566,73.444875,73.496441,1.43,22,0,10s
NGC7021,1d521cd6-72c0-44a7-acfc-9fd63ccbf662,2025-10-11T21:14:27.539299283Z,2025-10-11T21:14:27.597299291Z,2025-10-11T21:15:39.531853121Z,0.058000,71.934554,71.992554,1.44,22,0,10s
NGC7020,086f2836-061b-49aa-9d38-2ed6304edf16,2025-10-11T21:14:31.270606729Z,2025-10-11T21:14:31.445426632Z,2025-10-11T21:15:51.088694279Z,0.174820,79.643268,79.818088,1.44,22,0,10s
NGC7022,fd4e9eaa-193d-41b0-b465-4880f0ae1bd7,2025-10-11T21:14:32.061932509Z,2025-10-11T21:14:32.112307074Z,2025-10-11T21:15:45.993813541Z,0.050375,73.881506,73.931881,1.44,22,0,10s
NGC7021,2ca8cd9e-e3b7-4e47-a128-aef37a499448,2025-10-11T21:14:40.151061938Z,2025-10-11T21:14:40.501872642Z,2025-10-11T21:16:05.854040062Z,0.350811,85.352167,85.702978,1.44,22,0,10s
NGC7020,09f47850-c7e7-41bd-8a50-e81f39621be1,2025-10-11T21:14:43.966936166Z,2025-10-11T21:14:44.10105455Z,2025-10-11T21:16:03.758562146Z,0.134118,79.657508,79.791626,1.44,22,0,10s
NGC7022,96514571-8bd6-4b63-9b69-501d91b4e5d6,2025-10-11T21:14:44.940829315Z,2025-10-11T21:14:45.10595494Z,2025-10-11T21:16:22.470320674Z,0.165126,97.364366,97.529491,1.44,22,0,10s
NGC7021,11954d84-7bdd-4ce7-86db-43be367c1cda,2025-10-11T21:15:09.68033185Z,2025-10-11T21:15:09.779658279Z,2025-10-11T21:16:27.820273459Z,0.099326,78.040615,78.139942,1.44,22,0,10s
NGC7020,35a69160-188b-4e07-870b-4b2914509458,2025-10-11T21:15:15.771189736Z,2025-10-11T21:15:15.802208635Z,2025-10-11T21:16:24.194149843Z,0.031019,68.391941,68.422960,1.44,22,0,10s
NGC7022,a81a376e-dfc5-473b-bc2b-c4d739c52656,2025-10-11T21:15:38.660228104Z,2025-10-11T21:15:38.841835962Z,2025-10-11T21:17:32.83632207Z,0.181608,113.994486,114.176094,1.44,22,0,10s
NGC7021,918ee644-44da-4ba6-a689-7a2113bf4056,2025-10-11T21:15:39.133643248Z,2025-10-11T21:15:39.142654674Z,2025-10-11T21:17:05.707709507Z,0.009011,86.565055,86.574066,1.44,22,0,10s
NGC7020,7ad8b557-274a-4149-ae74-aab06c4544e8,2025-10-11T21:15:51.542663697Z,2025-10-11T21:15:51.646735183Z,2025-10-11T21:17:36.66549445Z,0.104071,105.018759,105.122831,1.44,22,0,10s
NGC7021,04a1aa48-c674-4fc5-8223-70663cb1d202,2025-10-11T21:16:07.479118345Z,2025-10-11T21:16:07.740224503Z,2025-10-11T21:17:39.800749904Z,0.261106,92.060525,92.321632,1.44,22,0,10s
NGC7022,99490aeb-eea2-4495-b9d8-1cd4f14b7750,2025-10-11T21:16:07.823335246Z,2025-10-11T21:16:07.845965393Z,2025-10-11T21:17:34.681138146Z,0.022630,86.835173,86.857803,1.44,22,0,10s
NGC7020,850b2bba-6fa5-4e00-94b3-235de8bfbc2a,2025-10-11T21:16:09.73143527Z,2025-10-11T21:16:09.753918028Z,2025-10-11T21:17:42.573425992Z,0.022483,92.819508,92.841991,1.43,22,0,10s
NGC7021,00b19260-3d8d-4382-8a82-258acf7ef735,2025-10-11T21:16:16.061446653Z,2025-10-11T21:16:16.250199881Z,2025-10-11T21:17:46.380082237Z,0.188753,90.129882,90.318636,1.43,22,0,10s
NGC7022,748824b6-a530-4bf7-a8ef-ad20bb9fdfb0,2025-10-11T21:16:17.138135665Z,2025-10-11T21:16:17.266989617Z,2025-10-11T21:17:44.149502741Z,0.128854,86.882513,87.011367,1.44,22,0,10s
NGC7020,655522b2-dade-45c1-a427-472a62e35467,2025-10-11T21:16:22.142403335Z,2025-10-11T21:16:22.274574121Z,2025-10-11T21:17:48.007837985Z,0.132171,85.733264,85.865435,1.43,22,0,10s
NGC7022,05249b1a-6837-4a48-87a0-6925e105344d,2025-10-11T21:16:36.754842063Z,2025-10-11T21:16:36.96781892Z,2025-10-11T21:17:52.544180389Z,0.212977,75.576361,75.789338,1.43,22,0,10s
NGC7020,0b9b0bfe-b267-4ef8-b556-3200c62e039b,2025-10-11T21:16:41.779134316Z,2025-10-11T21:16:42.052517457Z,2025-10-11T21:17:54.242182218Z,0.273383,72.189665,72.463048,1.43,22,0,10s
NGC7021,cf3220c6-7bd8-490a-a5ef-29e4f0d99a9f,2025-10-11T21:16:43.756950317Z,2025-10-11T21:16:44.095997244Z,2025-10-11T21:17:59.121675114Z,0.339047,75.025678,75.364725,1.43,22,0,10s
NGC7022,876186cc-27c9-41ce-9f1b-5038013cc36e,2025-10-11T21:16:45.673362828Z,2025-10-11T21:16:46.174378798Z,2025-10-11T21:17:56.894936587Z,0.501016,70.720558,71.221574,1.43,22,0,10s
NGC7022,d1a5e9c0-527c-40ab-9a62-1f81975ff837,2025-10-11T21:17:02.722284887Z,2025-10-11T21:17:03.248809006Z,2025-10-11T21:18:26.879956686Z,0.526524,83.631148,84.157672,1.43,22,0,10s
NGC7021,7b6e8a3b-f4b8-4c12-a70d-fceec5820500,2025-10-11T21:17:03.067221145Z,2025-10-11T21:17:03.246535281Z,2025-10-11T21:18:30.72824832Z,0.179314,87.481713,87.661027,1.43,22,1,10s
NGC7020,115bb968-d4a7-4d20-b4f4-8ec0736a6b34,2025-10-11T21:17:20.221170972Z,2025-10-11T21:17:20.435441464Z,2025-10-11T21:19:11.974707917Z,0.214270,111.539266,111.753537,1.43,22,0,10s
NGC7022,ff448853-2348-478e-a72c-03b3ad35a896,2025-10-11T21:17:43.004028448Z,2025-10-11T21:17:43.053787617Z,2025-10-11T21:19:06.785746594Z,0.049759,83.731959,83.781718,1.43,22,0,10s
NGC7021,f6508883-ca18-4cfd-bb3b-1fb59d208c6c,2025-10-11T21:17:43.347615397Z,2025-10-11T21:17:43.525370569Z,2025-10-11T21:19:15.953409559Z,0.177755,92.428039,92.605794,1.43,22,0,10s
NGC7020,37c691d8-d058-4d54-9f95-26acc0bda26b,2025-10-11T21:17:43.761797886Z,2025-10-11T21:17:43.922887973Z,2025-10-11T21:19:17.563709009Z,0.161090,93.640821,93.801911,1.44,22,0,10s
NGC7020,848a69da-5185-4d7b-a66c-ca40491ffce8,2025-10-11T21:17:59.028083952Z,2025-10-11T21:17:59.060112857Z,2025-10-11T21:18:40.97603229Z,0.032029,41.915919,41.947948,0.48,22,0,10s
NGC7022,fdf38d37-a371-4cde-bd20-b48c68befdb9,2025-10-11T21:18:02.744856972Z,2025-10-11T21:18:03.026432128Z,2025-10-11T21:19:24.46544395Z,0.281575,81.439012,81.720587,1.44,22,0,10s
NGC7021,6bcb1873-5881-4834-984c-4be9d7b858c9,2025-10-11T21:18:02.998275482Z,2025-10-11T21:18:03.034470272Z,2025-10-11T21:19:22.801734436Z,0.036195,79.767264,79.803459,1.44,22,1,10s
NGC7022,57a7aa1c-87c3-41b6-be41-af2c7e9886c7,2025-10-11T21:18:31.573442158Z,2025-10-11T21:18:31.942858913Z,2025-10-11T21:18:56.544772428Z,0.369417,24.601914,24.971330,0.48,22,0,10s
NGC7021,095dd5b6-88f1-42cc-b0d3-bb893561b571,2025-10-11T21:18:34.660221505Z,2025-10-11T21:18:34.958261664Z,2025-10-11T21:19:01.048328443Z,0.298040,26.090067,26.388107,0.48,22,0,10s
NGC7020,533873d3-fbc7-4b37-be54-ddeb37c8204c,2025-10-11T21:38:37.652774377Z,2025-10-11T21:38:37.945537857Z,2025-10-11T21:43:05.438640711Z,0.292763,267.493103,267.785866,8.14,20,0,0s
NGC7020,3e7daa4c-a306-46bb-93ac-1fcd02b5b59e,2025-10-11T21:42:43.541471001Z,2025-10-11T21:42:43.717125756Z,2025-10-11T21:47:49.614076295Z,0.175655,305.896951,306.072605,8.13,20,0,0s
NGC7022,9a3ab0c8-79bd-4687-8352-b1a68e02da0a,2025-10-11T22:09:10.387001884Z,2025-10-11T22:09:10.827718594Z,2025-10-11T22:10:54.342632776Z,0.440717,103.514914,103.955631,2.75,15,0,30s
NGC7020,7c2f94bb-7e0a-44d0-a377-6caaa3a301fc,2025-10-11T22:09:40.499421685Z,2025-10-11T22:09:40.577515615Z,2025-10-11T22:11:15.755475852Z,0.078094,95.177960,95.256054,2.75,15,0,30s
NGC7021,4677a8da-54d3-4593-930b-4b48e4718265,2025-10-11T22:10:11.550732606Z,2025-10-11T22:10:11.629524962Z,2025-10-11T22:11:56.677426495Z,0.078792,105.047902,105.126694,2.75,15,0,30s
NGC7022,bee5318b-61d5-4cf6-8cd3-655db9cea47c,2025-10-11T22:11:17.349064369Z,2025-10-11T22:11:17.440736522Z,2025-10-11T22:13:42.18590073Z,0.091672,144.745164,144.836836,2.76,15,0,30s
NGC7020,192598d3-d3cd-40f4-8c39-095838173b4e,2025-10-11T22:11:36.291020372Z,2025-10-11T22:11:36.473535642Z,2025-10-11T22:14:32.008887018Z,0.182515,175.535351,175.717867,2.76,15,0,30s
NGC7021,dc305e8d-cb16-4b79-b3c2-309755486155,2025-10-11T22:11:37.253701145Z,2025-10-11T22:11:37.499868827Z,2025-10-11T22:14:37.43105093Z,0.246168,179.931182,180.177350,2.76,15,0,30s
NGC7022,b63a9e9a-5219-4ab0-8b39-dda4c13649cc,2025-10-11T22:13:59.06724459Z,2025-10-11T22:13:59.100127457Z,2025-10-11T22:15:44.702750305Z,0.032883,105.602623,105.635506,2.75,15,0,30s
NGC7021,dfe0ef6e-7160-4b94-b1c8-b531c71c98f9,2025-10-11T22:15:10.623768297Z,2025-10-11T22:15:10.716217907Z,2025-10-11T22:16:54.05288205Z,0.092450,103.336664,103.429114,2.75,15,0,30s
NGC7020,758aa97a-6c27-47fd-83e2-4ff506c2d190,2025-10-11T22:15:22.187675932Z,2025-10-11T22:15:22.196780168Z,2025-10-11T22:17:07.068966647Z,0.009104,104.872186,104.881291,2.75,15,0,30s
NGC7022,02dc2863-7711-420a-be88-d406b2127435,2025-10-11T22:16:44.052839368Z,2025-10-11T22:16:44.255114539Z,2025-10-11T22:18:25.882038305Z,0.202275,101.626924,101.829199,2.74,15,0,30s
NGC7020,40b6e427-de55-4638-b48d-aec29e6c11d1,2025-10-11T22:17:14.464425632Z,2025-10-11T22:17:14.512238983Z,2025-10-11T22:18:56.533159444Z,0.047813,102.020920,102.068734,2.74,15,0,30s
NGC7021,3c55e77f-c01a-466c-83d4-ee0025426ed2,2025-10-11T22:17:28.575705833Z,2025-10-11T22:17:28.997173024Z,2025-10-11T22:19:03.23615236Z,0.421467,94.238979,94.660447,2.74,15,0,30s
NGC7022,373bc965-e0e7-47ee-b375-677beb8d35e7,2025-10-11T22:17:54.989122049Z,2025-10-11T22:17:55.057139175Z,2025-10-11T22:19:26.581572259Z,0.068017,91.524433,91.592450,2.75,15,0,30s
NGC7020,5a8f13de-6ca8-47d9-9807-387b123e6708,2025-10-11T22:18:21.158037592Z,2025-10-11T22:18:21.413435462Z,2025-10-11T22:19:45.851929174Z,0.255398,84.438494,84.693892,2.75,15,0,30s
NGC7021,59ac0680-fc2e-4b37-af7b-478a35fc2439,2025-10-11T22:18:32.580350816Z,2025-10-11T22:18:32.631793307Z,2025-10-11T22:19:48.978538925Z,0.051442,76.346746,76.398188,2.75,15,0,30s
NGC7022,6582199f-fd70-4f2c-8920-01ca5b7f5291,2025-10-11T22:18:42.811692996Z,2025-10-11T22:18:43.128490306Z,2025-10-11T22:20:21.555569255Z,0.316797,98.427079,98.743876,2.51,15,0,30s
NGC7020,94724067-2a33-4bcd-b13f-7f625a6002c7,2025-10-11T22:19:11.274817061Z,2025-10-11T22:19:11.465597715Z,2025-10-11T22:20:42.951815459Z,0.190781,91.486218,91.676998,2.51,15,0,30s
NGC7021,223c0122-71c7-44b0-941d-584c07d807d4,2025-10-11T22:19:20.460175127Z,2025-10-11T22:19:20.486573936Z,2025-10-11T22:20:57.520241613Z,0.026399,97.033668,97.060066,2.51,15,0,30s
NGC7026,aca29bc3-2111-443d-95aa-de74ba2bcef0,2025-10-11T23:57:52.498943555Z,2025-10-11T23:57:52.623987665Z,2025-10-11T23:58:40.555230896Z,0.125044,47.931243,48.056287,0.96,8,0,60s
NGC7026,fc79d42f-e47c-4735-860c-f089570dd417,2025-10-11T23:58:05.919940711Z,2025-10-11T23:58:06.062738427Z,2025-10-11T23:58:42.840036813Z,0.142798,36.777298,36.920096,0.96,8,0,60s
NGC7026,bc911ff5-4562-4fde-893c-f27d39f86948,2025-10-11T23:58:22.01841309Z,2025-10-11T23:58:22.085068967Z,2025-10-11T23:59:02.428701874Z,0.066656,40.343633,40.410289,0.96,8,0,60s
NGC7027,7d33d0bd-0691-4061-b622-04fc13a0e066,2025-10-11T23:58:47.709046742Z,2025-10-11T23:58:47.762193917Z,2025-10-11T23:59:27.060006164Z,0.053147,39.297812,39.350959,0.96,8,0,60s
NGC7026,341e6710-e9b2-459f-bf88-6c79eb1f0b45,2025-10-11T23:58:52.272055719Z,2025-10-11T23:58:52.418928525Z,2025-10-11T23:59:33.167253863Z,0.146873,40.748325,40.895198,0.96,8,0,60s
NGC7026,95b3ec37-aa1f-4322-8126-ba0d48f21af2,2025-10-11T23:59:09.790234569Z,2025-10-11T23:59:09.850743848Z,2025-10-11T23:59:57.766014295Z,0.060509,47.915270,47.975780,0.96,8,0,60s
NGC7027,e84cb5d5-ca96-4b10-830c-49b386e935a0,2025-10-11T23:59:10.672781079Z,2025-10-11T23:59:10.922935826Z,2025-10-11T23:59:48.711569691Z,0.250155,37.788634,38.038789,0.96,8,0,60s
NGC7026,58d559cc-4a7c-4af8-ba44-bce0e6839f4e,2025-10-11T23:59:15.829287332Z,2025-10-11T23:59:15.936419435Z,2025-10-11T23:59:53.271198975Z,0.107132,37.334780,37.441912,0.96,8,0,60s
NGC7026,121e01b6-8249-4664-9159-3a49ba4f9771,2025-10-11T23:59:26.763931113Z,2025-10-11T23:59:27.187249657Z,2025-10-12T00:00:02.922792147Z,0.423319,35.735542,36.158861,0.96,8,0,60s
NGC7029,dd8040af-fbe9-4ab5-8be0-e2358649fb9d,2025-10-11T23:59:49.552299451Z,2025-10-11T23:59:49.942172255Z,2025-10-12T00:00:34.011623972Z,0.389873,44.069452,44.459325,0.96,8,0,60s
NGC7026,09e7afe9-af08-4eb0-b199-663594bf65a4,2025-10-11T23:59:54.107125021Z,2025-10-11T23:59:54.371908075Z,2025-10-12T00:00:35.874265799Z,0.264783,41.502358,41.767141,0.96,8,0,60s
NGC7029,fac0f696-d084-4b65-8cc1-44dd89a15699,2025-10-12T00:00:07.196878068Z,2025-10-12T00:00:07.273635771Z,2025-10-12T00:00:47.359908524Z,0.076758,40.086273,40.163030,0.96,8,0,60s
NGC7026,e34f252f-99cf-42e5-885e-0ccd9d65fc8f,2025-10-12T00:00:34.003905279Z,2025-10-12T00:00:34.047263235Z,2025-10-12T00:01:58.305556906Z,0.043358,84.258294,84.301652,0.96,8,0,60s
NGC7027,e4a4e8b7-e6e3-443b-9b48-236167ed7c44,2025-10-12T00:00:34.832220809Z,2025-10-12T00:00:35.054029056Z,2025-10-12T00:01:30.29698247Z,0.221808,55.242953,55.464762,0.96,8,0,60s
NGC7029,864e753b-e08b-43e8-9a64-d20320583683,2025-10-12T00:00:40.745426807Z,2025-10-12T00:00:41.083328694Z,2025-10-12T00:01:27.568531269Z,0.337902,46.485203,46.823104,0.96,8,0,60s
NGC7021,4c791370-dc14-4f07-b75f-f4030679dfb0,2025-10-12T00:01:11.4451081Z,2025-10-12T00:01:11.505318695Z,2025-10-12T00:02:00.601771494Z,0.060211,49.096453,49.156663,0.96,8,0,60s
NGC7027,8259135b-1b50-41b7-ba72-9faf809a54f6,2025-10-12T00:01:12.060250076Z,2025-10-12T00:01:12.233709064Z,2025-10-12T00:02:06.601415704Z,0.173459,54.367707,54.541166,0.96,8,0,60s
NGC7026,2c1054bc-adcd-49c9-a67a-17d325ef38e0,2025-10-12T00:01:19.843357639Z,2025-10-12T00:01:20.137890101Z,2025-10-12T00:02:08.774204793Z,0.294532,48.636315,48.930847,0.96,8,0,60s
NGC7027,e6e493d8-78cc-4f09-9d08-f5a5bfd775f4,2025-10-12T00:02:01.707640228Z,2025-10-12T00:02:01.821110799Z,2025-10-12T00:02:53.275858711Z,0.113471,51.454748,51.568218,0.96,8,0,60s
NGC7021,19fa7c30-3985-4ecc-a488-063c6a787f0a,2025-10-12T00:02:05.126172513Z,2025-10-12T00:02:05.231939402Z,2025-10-12T00:03:15.749641006Z,0.105767,70.517702,70.623468,0.96,8,0,60s
NGC7024,ff66d3c7-3629-4e9f-be14-8d98217cdee7,2025-10-12T00:02:08.618352419Z,2025-10-12T00:02:08.643180755Z,2025-10-12T00:03:17.22600748Z,0.024828,68.582827,68.607655,0.96,8,0,60s
NGC7026,2e99f7e5-a2d9-4513-a9e6-e66118f69cce,2025-10-12T00:02:16.525829012Z,2025-10-12T00:02:16.618681959Z,2025-10-12T00:03:35.335480619Z,0.092853,78.716799,78.809652,0.95,8,0,60s
NGC7029,55f0cc7a-6713-4415-863f-4a62cb724009,2025-10-12T00:02:17.522518678Z,2025-10-12T00:02:18.2693702Z,2025-10-12T00:03:40.440284676Z,0.746852,82.170914,82.917766,0.96,8,0,60s
NGC7024,4f984b66-c742-400d-99bd-bf6de0fe8caf,2025-10-12T00:02:31.451787415Z,2025-10-12T00:02:31.556093108Z,2025-10-12T00:03:43.568427545Z,0.104306,72.012334,72.116640,0.96,8,0,60s
NGC7021,3369f6a4-c70e-46c0-985b-59a51baa9b8d,2025-10-12T00:02:34.444264198Z,2025-10-12T00:02:35.325851544Z,2025-10-12T00:04:04.60832558Z,0.881587,89.282474,90.164061,0.96,8,0,60s
NGC7027,fb839658-6139-465c-b2f4-4c60befaa9d1,2025-10-12T00:02:40.565767683Z,2025-10-12T00:02:41.418084843Z,2025-10-12T00:03:44.930189303Z,0.852317,63.512104,64.364422,0.96,8,0,60s
NGC7028,ac32fdfd-27a2-41ab-85c1-1fc7ab37adb8,2025-10-12T00:02:51.33612535Z,2025-10-12T00:03:03.038090875Z,2025-10-12T00:04:26.067338923Z,11.701966,83.029248,94.731214,0.96,8,0,60s
NGC7026,153edc1d-66c2-4c0d-97b1-62e9cc4d42b5,2025-10-12T00:02:54.670101253Z,2025-10-12T00:03:06.414356899Z,2025-10-12T00:04:43.03798719Z,11.744256,96.623630,108.367886,0.95,8,1,60s
NGC7029,ce059e4f-7849-4941-99bf-45e798e5acbd,2025-10-12T00:02:58.799220168Z,2025-10-12T00:03:09.733169527Z,2025-10-12T00:04:48.683674987Z,10.933949,98.950505,109.884455,0.96,8,2,60s
NGC7024,b6ce4a2a-4f87-4c1e-9f33-c2a59e2e6594,2025-10-12T00:03:01.79478213Z,2025-10-12T00:03:13.746703781Z,2025-10-12T00:04:57.265110876Z,11.951922,103.518407,115.470329,0.96,8,3,60s
NGC7028,41d90a4d-f718-4644-953e-082cf23a4d6c,2025-10-12T00:03:20.328824203Z,2025-10-12T00:03:22.439373824Z,2025-10-12T00:05:05.299289505Z,2.110550,102.859916,104.970465,0.96,8,0,60s
NGC7027,df2c54f3-7840-44a2-ab5a-b981b9c601a6,2025-10-12T00:03:24.043385208Z,2025-10-12T00:03:27.703843445Z,2025-10-12T00:05:15.888645934Z,3.660458,108.184802,111.845261,0.96,8,0,60s
NGC7021,a93e1862-2465-4c01-a4a8-70ff7f534c0c,2025-10-12T00:03:56.794018593Z,2025-10-12T00:03:57.126016175Z,2025-10-12T00:05:18.744827106Z,0.331998,81.618811,81.950809,0.96,8,0,60s
NGC7033,fa662a62-3994-4233-a6d2-d137a6dbb3bb,2025-10-12T00:04:02.443400305Z,2025-10-12T00:04:02.537228508Z,2025-10-12T00:05:27.556168199Z,0.093828,85.018940,85.112768,0.96,8,0,60s
NGC7028,4b03e685-d398-4585-906d-787e1f22dc8b,2025-10-12T00:04:05.795504451Z,2025-10-12T00:04:05.819637397Z,2025-10-12T00:05:28.984694018Z,0.024133,83.165057,83.189190,0.96,8,0,60s
NGC7026,c970880a-1d3a-4d41-8036-2ee70faee190,2025-10-12T00:04:07.521599512Z,2025-10-12T00:04:07.560442133Z,2025-10-12T00:05:58.424159794Z,0.038843,110.863718,110.902560,0.96,8,0,60s
NGC7024,1ecce6a8-2839-46fe-8a4c-728527ff598a,2025-10-12T00:04:14.056183948Z,2025-10-12T00:04:14.624997004Z,2025-10-12T00:06:35.168927404Z,0.568813,140.543930,141.112743,0.96,8,0,60s
NGC7029,a6cd8728-e2c7-444a-bbd2-62a54052d0be,2025-10-12T00:04:15.784355654Z,2025-10-12T00:04:15.87127094Z,2025-10-12T00:06:21.940736596Z,0.086915,126.069466,126.156381,0.96,8,0,60s
NGC7027,86ce1bc6-a58a-4f48-914e-7ae5183fd3ef,2025-10-12T00:04:26.303695325Z,2025-10-12T00:04:26.712128401Z,2025-10-12T00:06:40.010770435Z,0.408433,133.298642,133.707075,0.96,8,0,60s
NGC7028,16c7aa3d-7a50-4af3-af9c-ca37231aecf7,2025-10-12T00:04:34.040035198Z,2025-10-12T00:04:34.871381033Z,2025-10-12T00:06:43.331721072Z,0.831346,128.460340,129.291686,0.96,8,0,60s
NGC7021,cf10bf60-94b9-4d63-bab0-5b73be6a2eb9,2025-10-12T00:04:43.231715082Z,2025-10-12T00:04:54.217913483Z,2025-10-12T00:06:46.080361003Z,10.986198,111.862448,122.848646,0.96,8,0,60s
NGC7024,d63501a2-962d-4167-8a09-0205c3b55ee7,2025-10-12T00:04:47.875106212Z,2025-10-12T00:05:08.644676035Z,2025-10-12T00:06:49.583701978Z,20.769570,100.939026,121.708596,0.96,8,1,60s
NGC7027,dd9153b3-f02c-4f96-b97b-a6ba6787cceb,2025-10-12T00:04:50.376466596Z,2025-10-12T00:05:24.969532373Z,2025-10-12T00:06:51.183755867Z,34.593066,86.214223,120.807289,0.96,8,2,60s
NGC7026,b5f12eb2-d6df-4b50-a564-f1602b0d4413,2025-10-12T00:04:53.553240167Z,2025-10-12T00:05:29.670258955Z,2025-10-12T00:06:53.507152631Z,36.117019,83.836894,119.953912,0.96,8,3,60s
NGC7022,323edabb-4eae-4a18-a8ec-f2efc466f7ec,2025-10-12T00:04:57.500306661Z,2025-10-12T00:05:30.818719769Z,2025-10-12T00:07:02.573075421Z,33.318413,91.754356,125.072769,0.96,8,3,60s
NGC7028,cb3a171e-d7cf-4ac1-b437-af5c1b51eaea,2025-10-12T00:04:58.20199344Z,2025-10-12T00:05:30.990273967Z,2025-10-12T00:07:05.373347292Z,32.788281,94.383073,127.171354,0.96,8,4,60s
NGC7033,b965cdfd-4d9c-4cd8-a74e-bfa1fe3aef7c,2025-10-12T00:05:09.058258187Z,2025-10-12T00:05:32.876502762Z,2025-10-12T00:06:57.270934859Z,23.818245,84.394432,108.212677,0.96,8,4,60s
NGC7029,6e402605-4ce7-48b0-a0c3-5ee393587af1,2025-10-12T00:05:12.343425782Z,2025-10-12T00:05:47.028764176Z,2025-10-12T00:07:08.251359548Z,34.685338,81.222595,115.907934,0.96,8,5,60s
NGC7027,59410b88-a197-4fec-9750-ac0fcd79b364,2025-10-12T00:05:18.487368057Z,2025-10-12T00:06:16.363273655Z,2025-10-12T00:07:10.204819597Z,57.875906,53.841546,111.717452,0.96,8,6,60s
NGC7028,a5747ae9-f28f-4d0a-b357-004f4bb985a3,2025-10-12T00:05:26.021881168Z,2025-10-12T00:06:23.82685148Z,2025-10-12T00:07:17.383345962Z,57.804970,53.556494,111.361465,0.96,8,6,60s
NGC7021,5fa2932e-08de-43a8-86b2-652f0070cf1e,2025-10-12T00:05:42.375996152Z,2025-10-12T00:06:32.107223514Z,2025-10-12T00:07:28.544730456Z,49.731227,56.437507,106.168734,0.96,8,3,60s
NGC7022,3e50f81e-b0c5-4523-a076-db7dbcd3b796,2025-10-12T00:05:44.29971653Z,2025-10-12T00:06:36.774794963Z,2025-10-12T00:07:33.453826005Z,52.475078,56.679031,109.154109,0.96,8,4,60s
NGC7024,cc1f018c-bfbc-4564-949c-22b2e03f9a27,2025-10-12T00:05:44.405361099Z,2025-10-12T00:06:36.960318384Z,2025-10-12T00:07:36.054573235Z,52.554957,59.094255,111.649212,0.96,8,5,60s
NGC7027,5f42fb31-8be6-4fa2-84f7-76431b8e4f40,2025-10-12T00:06:01.456287981Z,2025-10-12T00:06:37.908246267Z,2025-10-12T00:07:43.559777268Z,36.451958,65.651531,102.103489,0.95,8,5,60s
NGC7026,3bd12964-d54a-4204-93ad-cb92f550a0cc,2025-10-12T00:06:19.086156966Z,2025-10-12T00:06:41.101240356Z,2025-10-12T00:07:45.370011442Z,22.015083,64.268771,86.283854,0.96,8,5,60s
NGC7027,55a3f111-5012-4621-803e-9734765cadb8,2025-10-12T00:06:24.690652315Z,2025-10-12T00:06:44.168382691Z,2025-10-12T00:07:48.51306066Z,19.477730,64.344678,83.822408,0.95,8,5,60s
NGC7028,81a4aab5-f374-449c-9c5b-9fb57ef6b2bf,2025-10-12T00:06:28.304411649Z,2025-10-12T00:07:19.525498457Z,2025-10-12T00:08:28.021538508Z,51.221087,68.496040,119.717127,0.96,8,6,60s
NGC7023,e4a9c2e4-a447-460f-ada8-a51c1b6c440a,2025-10-12T00:06:28.328423602Z,2025-10-12T00:07:22.93900026Z,2025-10-12T00:08:32.375541545Z,54.610577,69.436541,124.047118,0.96,8,7,60s
NGC7033,d6896569-33ee-49bb-a718-17937b24991b,2025-10-12T00:06:39.791676397Z,2025-10-12T00:07:30.244000438Z,2025-10-12T00:08:39.960768565Z,50.452324,69.716768,120.169092,0.96,8,4,60s
NGC7021,ed874701-1846-4c8c-8db2-3eef11e6c41f,2025-10-12T00:06:39.865000862Z,2025-10-12T00:07:34.864037476Z,2025-10-12T00:08:44.130111956Z,54.999037,69.266074,124.265111,0.96,8,5,60s
NGC7029,ac92c843-9886-4131-b0b4-7db7179ad031,2025-10-12T00:06:40.169919362Z,2025-10-12T00:07:35.001090511Z,2025-10-12T00:08:42.397183587Z,54.831171,67.396093,122.227264,0.96,8,6,60s
NGC7024,94669074-e9f7-454c-993e-f9367726ef04,2025-10-12T00:06:43.810667022Z,2025-10-12T00:07:35.04690864Z,2025-10-12T00:08:48.177330424Z,51.236242,73.130422,124.366663,0.96,8,6,60s
NGC7026,70239526-162f-4af1-99c8-b454c111a5b5,2025-10-12T00:06:47.813379389Z,2025-10-12T00:07:40.234715502Z,2025-10-12T00:08:49.597629806Z,52.421336,69.362914,121.784250,0.96,8,6,60s
NGC7030,1f79f771-625e-4b7f-8f72-d923cc338e07,2025-10-12T00:06:47.891112072Z,2025-10-12T00:07:43.263374318Z,2025-10-12T00:08:54.274410976Z,55.372262,71.011037,126.383299,0.96,8,7,60s
NGC7033,73459006-8cf8-4fdb-b5ea-a2239a5cf73a,2025-10-12T00:06:48.669039508Z,2025-10-12T00:08:29.696469036Z,2025-10-12T00:09:43.766912937Z,101.027430,74.070444,175.097873,0.96,8,8,60s
NGC7021,fb843812-cebd-4c33-b66f-07d28d95fb39,2025-10-12T00:06:49.560845872Z,2025-10-12T00:08:31.14394274Z,2025-10-12T00:09:42.416311939Z,101.583097,71.272369,172.855466,0.96,8,9,60s
NGC7029,1b26cf1a-3502-46cc-a16a-3bd3382878c7,2025-10-12T00:06:50.399530403Z,2025-10-12T00:08:40.384040494Z,2025-10-12T00:09:46.161638548Z,109.984510,65.777598,175.762108,0.96,8,10,60s
NGC7024,b32a5ba9-aaae-4d47-b1d3-e81f4a5d228f,2025-10-12T00:06:53.309118849Z,2025-10-12T00:08:41.100498613Z,2025-10-12T00:09:47.915834698Z,107.791380,66.815336,174.606716,0.96,8,11,60s
NGC7027,bc73da64-e99f-4b4d-bbc5-8cd3aa02e495,2025-10-12T00:06:53.742324572Z,2025-10-12T00:08:42.050607753Z,2025-10-12T00:09:56.224156195Z,108.308283,74.173548,182.481832,0.96,8,12,60s
NGC7023,2d09bb95-0ede-46d6-acb7-1f61e814a024,2025-10-12T00:06:54.261444491Z,2025-10-12T00:08:42.259943502Z,2025-10-12T00:10:02.998809407Z,107.998499,80.738866,188.737365,0.96,8,13,60s
NGC7030,05278cc3-7bba-43f8-9756-324e3c527813,2025-10-12T00:06:55.02847972Z,2025-10-12T00:08:44.39563497Z,2025-10-12T00:10:08.416398962Z,109.367155,84.020764,193.387919,0.96,8,14,60s
NGC7033,15e3fc8d-8408-401a-bae5-2b79adfdb10b,2025-10-12T00:06:55.393416961Z,2025-10-12T00:08:45.378844268Z,2025-10-12T00:10:14.549239259Z,109.985427,89.170395,199.155822,0.96,8,15,60s
NGC7021,8c05bec0-2f5e-4bc9-8b0f-fe9c9a9e635c,2025-10-12T00:06:57.302071016Z,2025-10-12T00:09:40.294843009Z,2025-10-12T00:10:36.939820792Z,162.992772,56.644978,219.637750,0.96,8,16,60s
NGC7029,d2c2f751-838e-41b2-8149-b0bea2505cef,2025-10-12T00:06:57.312917477Z,2025-10-12T00:09:40.858188075Z,2025-10-12T00:10:41.116092604Z,163.545271,60.257905,223.803175,0.96,8,16,60s
NGC7026,dbc2e0a3-a574-4130-b0a4-fd64e385c477,2025-10-12T00:06:58.207558127Z,2025-10-12T00:09:48.567157583Z,2025-10-12T00:10:44.100126449Z,170.359599,55.532969,225.892568,0.96,8,18,60s
NGC7028,8035e05c-f1e5-489c-a3d2-29415d0bdf4f,2025-10-12T00:07:00.368082211Z,2025-10-12T00:09:49.181329887Z,2025-10-12T00:10:59.006012495Z,168.813248,69.824683,238.637930,0.96,8,19,60s
NGC7022,0c394b53-2efa-4a0a-9308-dbee7fe69de2,2025-10-12T00:07:00.912272922Z,2025-10-12T00:09:49.233571838Z,2025-10-12T00:10:57.304921252Z,168.321299,68.071349,236.392648,0.96,8,20,60s
NGC7027,721cc5a6-a776-4c8d-a720-8a63990e2f3e,2025-10-12T00:07:04.888098048Z,2025-10-12T00:09:49.357310218Z,2025-10-12T00:10:42.718856094Z,164.469212,53.361546,217.830758,0.96,8,21,60s
NGC7021,eaf9f173-e377-4c73-9901-679c4917c865,2025-10-12T00:07:07.788813305Z,2025-10-12T00:09:50.481952196Z,2025-10-12T00:11:03.030927679Z,162.693139,72.548975,235.242114,0.96,8,22,60s
NGC7033,d184f65d-602e-4168-a667-85dc54e6d78a,2025-10-12T00:07:09.545373568Z,2025-10-12T00:09:51.474351608Z,2025-10-12T00:10:50.596119424Z,161.928978,59.121768,221.050746,0.96,8,23,60s
NGC7023,b9b60e6d-d897-4155-87c0-0026b97f80a7,2025-10-12T00:07:09.774455287Z,2025-10-12T00:10:37.420917767Z,2025-10-12T00:11:40.522700265Z,207.646462,63.101782,270.748245,0.96,8,24,60s
NGC7030,2090e62a-32b0-45b9-bd24-2400b1dadd4b,2025-10-12T00:07:09.783572158Z,2025-10-12T00:10:38.990542876Z,2025-10-12T00:11:46.331287012Z,209.206971,67.340744,276.547715,0.96,8,24,60s
NGC7029,c7e708ab-c316-4e35-ab76-9276d51bf6b2,2025-10-12T00:07:10.353169057Z,2025-10-12T00:10:42.482776712Z,2025-10-12T00:11:47.701325507Z,212.129608,65.218549,277.348156,0.95,8,26,60s
NGC7028,89334e56-366e-42a0-96b4-af7a7bc17122,2025-10-12T00:07:11.842208024Z,2025-10-12T00:10:42.662988182Z,2025-10-12T00:11:49.179734868Z,210.820780,66.516747,277.337527,0.96,8,27,60s
NGC7024,59808385-8e38-4edf-a39d-08b03cd2676d,2025-10-12T00:07:11.847025743Z,2025-10-12T00:10:43.571903298Z,2025-10-12T00:11:50.755008607Z,211.724878,67.183105,278.907983,0.96,8,27,60s
NGC7022,51c17b3d-f0c8-4892-b806-30e74e1c668c,2025-10-12T00:07:19.504604913Z,2025-10-12T00:10:44.366623208Z,2025-10-12T00:11:59.560488156Z,204.862018,75.193865,280.055883,0.96,8,29,60s
NGC7027,28fd17be-bb8c-4ced-9871-0200c90a7d24,2025-10-12T00:07:19.935031504Z,2025-10-12T00:10:46.56355448Z,2025-10-12T00:11:52.676001011Z,206.628523,66.112447,272.740970,0.96,8,29,60s
NGC7023,112c105b-014f-4d51-925f-c5166c1a6c11,2025-10-12T00:07:21.363467428Z,2025-10-12T00:10:47.317725695Z,2025-10-12T00:12:06.218572292Z,205.954258,78.900847,284.855105,0.96,8,30,60s
NGC7021,cddd326d-cf9d-4da6-aea3-e20f6127226a,2025-10-12T00:07:23.949823371Z,2025-10-12T00:11:43.563649791Z,2025-10-12T00:13:22.063858914Z,259.613826,98.500209,358.114036,0.95,8,30,60s
NGC7033,a4565adc-179a-4673-a8a7-b34d67ddb65e,2025-10-12T00:07:24.67579525Z,2025-10-12T00:11:45.088206527Z,2025-10-12T00:12:54.208435579Z,260.412411,69.120229,329.532640,0.96,8,31,60s
NGC7029,01f18a93-fbfa-4dd7-b5e9-df808d3599c2,2025-10-12T00:07:27.011323969Z,2025-10-12T00:11:45.61682269Z,2025-10-12T00:12:58.554971906Z,258.605499,72.938149,331.543648,0.95,8,32,60s
NGC7024,9ede0ec4-5de3-47cf-99cc-719ecf6ce6c2,2025-10-12T00:07:29.445726671Z,2025-10-12T00:11:46.679827048Z,2025-10-12T00:13:02.423865116Z,257.234100,75.744038,332.978138,0.96,8,33,60s
NGC7030,66f350cf-30c3-49a0-a839-ef108ae0fe87,2025-10-12T00:07:31.688950994Z,2025-10-12T00:11:46.687023337Z,2025-10-12T00:13:00.442551187Z,254.998072,73.755528,328.753600,0.96,8,33,60s
NGC7028,e0491f2e-d048-410d-a792-7d93bd3f863e,2025-10-12T00:07:32.731273899Z,2025-10-12T00:11:46.787398793Z,2025-10-12T00:13:12.853985915Z,254.056125,86.066587,340.122712,0.96,8,34,60s
NGC7022,fc8ad6d8-038d-409b-9371-edd90f7bf19b,2025-10-12T00:07:41.374087239Z,2025-10-12T00:11:47.474548157Z,2025-10-12T00:13:14.681464089Z,246.100461,87.206916,333.307377,0.96,8,31,60s
NGC7023,b5918804-8f7a-4f4e-8836-129a5f3307aa,2025-10-12T00:07:41.793074876Z,2025-10-12T00:11:49.467653727Z,2025-10-12T00:13:17.837227764Z,247.674579,88.369574,336.044153,0.96,8,32,60s
NGC7027,fa71ed53-319d-4f7a-b441-5df9fbbbf643,2025-10-12T00:07:44.483020238Z,2025-10-12T00:12:59.250722741Z,2025-10-12T00:14:20.869711019Z,314.767703,81.618988,396.386691,0.96,8,32,60s
NGC7036,0edf81f8-28fc-4c57-a8c1-4eba39e76c1c,2025-10-12T00:07:48.706491615Z,2025-10-12T00:13:00.731290812Z,2025-10-12T00:14:23.165162112Z,312.024799,82.433871,394.458670,0.96,8,33,60s
NGC7033,c2272e34-983a-4031-9314-9c027b5deca2,2025-10-12T00:07:49.245142908Z,2025-10-12T00:13:01.864370596Z,2025-10-12T00:14:33.876701783Z,312.619228,92.012331,404.631559,0.96,8,34,60s
NGC7030,8cd5ce92-fa99-4dab-8a6c-2bcf5c76c6f1,2025-10-12T00:07:50.143365265Z,2025-10-12T00:13:01.902276838Z,2025-10-12T00:14:36.845686603Z,311.758912,94.943410,406.702321,0.96,8,35,60s
NGC7029,ff7e916b-d26d-4d7a-a19b-37fc63f33de3,2025-10-12T00:07:50.264121005Z,2025-10-12T00:13:01.912558792Z,2025-10-12T00:14:26.332576811Z,311.648438,84.420018,396.068456,0.96,8,36,60s
NGC7024,1b8c5ecb-1765-41ce-a2eb-d4028d6dc9a8,2025-10-12T00:07:55.66984969Z,2025-10-12T00:13:02.613484506Z,2025-10-12T00:14:31.292085074Z,306.943635,88.678601,395.622235,0.95,8,37,60s
NGC7021,2e6584a3-604f-41aa-8909-e1fd73ac1f61,2025-10-12T00:07:58.247838338Z,2025-10-12T00:13:03.610923906Z,2025-10-12T00:14:27.907170456Z,305.363086,84.296247,389.659332,0.95,8,38,60s
NGC7023,2e38b34f-84c6-4bc6-accd-c024372108ea,2025-10-12T00:07:58.676107863Z,2025-10-12T00:13:04.683720627Z,2025-10-12T00:14:29.353865084Z,306.007613,84.670144,390.677757,0.96,8,39,60s
NGC7022,8c04dbf3-6a4b-4b19-991d-5cb7bb42fbf4,2025-10-12T00:08:02.600726046Z,2025-10-12T00:14:25.367112225Z,2025-10-12T00:15:31.691780174Z,382.766386,66.324668,449.091054,0.96,8,40,60s
NGC7028,fa51ff2f-20c6-45cb-b5b0-8dd9ccf42d49,2025-10-12T00:08:07.578180743Z,2025-10-12T00:14:25.729003713Z,2025-10-12T00:15:40.161138338Z,378.150823,74.432135,452.582958,0.95,8,41,60s
NGC7027,c6185142-23ea-4ecc-817c-525c6191b9f7,2025-10-12T00:08:07.912105555Z,2025-10-12T00:14:25.858447964Z,2025-10-12T00:15:45.675461669Z,377.946342,79.817014,457.763356,0.96,8,42,60s
NGC7033,84c27a16-24d5-4f2c-bb73-45eeacf4ba4c,2025-10-12T00:08:09.497407078Z,2025-10-12T00:14:26.084759872Z,2025-10-12T00:15:54.395734802Z,376.587353,88.310975,464.898328,0.96,8,43,60s
NGC7036,dd38a073-5ab5-4e80-96b1-e4f3129bd274,2025-10-12T00:08:09.759419251Z,2025-10-12T00:14:26.79863336Z,2025-10-12T00:15:35.652052402Z,377.039214,68.853419,445.892633,0.96,8,44,60s
NGC7030,1c8123ed-e0ad-4e1e-bb4d-09be417ea2e7,2025-10-12T00:08:14.627886634Z,2025-10-12T00:14:27.08473502Z,2025-10-12T00:15:42.622502598Z,372.456848,75.537768,447.994616,0.96,8,45,60s
NGC7021,283e685d-a9a5-497f-ba53-eac8f5b529e0,2025-10-12T00:08:16.46915273Z,2025-10-12T00:14:27.74269319Z,2025-10-12T00:15:52.313966374Z,371.273540,84.571273,455.844814,0.96,8,46,60s
NGC7024,7cdf3cc7-d7e2-454d-a85a-ee84b3154ca5,2025-10-12T00:08:17.587867773Z,2025-10-12T00:14:28.154820663Z,2025-10-12T00:15:47.56335179Z,370.566953,79.408531,449.975484,0.95,8,47,60s
NGC7029,f3a3e1dc-47bd-45f4-a7b6-8a2539c37bf1,2025-10-12T00:08:19.884020674Z,2025-10-12T00:15:33.481354787Z,2025-10-12T00:16:35.165254842Z,433.597334,61.683900,495.281234,0.96,8,48,60s
NGC7022,1a9c078a-bcdf-4e09-9aa3-6b84cf9278cf,2025-10-12T00:08:20.529237431Z,2025-10-12T00:15:34.867914561Z,2025-10-12T00:17:00.817787644Z,434.338677,85.949873,520.288550,0.96,8,49,60s
NGC7028,a2a41926-1899-4f2b-a2d5-cfdf73f39a56,2025-10-12T00:08:24.471710918Z,2025-10-12T00:15:34.935096291Z,2025-10-12T00:17:08.334769931Z,430.463385,93.399674,523.863059,0.95,8,50,60s
NGC7033,deb6c022-d8cf-42a2-8672-a3d4f312d3ea,2025-10-12T00:08:27.989424932Z,2025-10-12T00:15:35.011194854Z,2025-10-12T00:17:04.738830983Z,427.021770,89.727636,516.749406,0.96,8,51,60s
NGC7023,b74c6691-6512-43d3-8d48-5cab68709b57,2025-10-12T00:08:28.269044183Z,2025-10-12T00:15:35.182848934Z,2025-10-12T00:16:41.161344272Z,426.913805,65.978495,492.892300,0.96,8,52,60s
NGC7022,30cdac80-0f96-431d-af8d-e7fd0f3b28b5,2025-10-12T00:08:32.468258141Z,2025-10-12T00:15:35.948530601Z,2025-10-12T00:16:49.273519031Z,423.480272,73.324988,496.805261,0.96,8,51,60s
NGC7029,abda181e-888f-42be-b591-9451175d5729,2025-10-12T00:08:33.218723333Z,2025-10-12T00:15:36.298225974Z,2025-10-12T00:16:58.269668114Z,423.079503,81.971442,505.050945,0.96,8,52,60s
NGC7030,c2763f7f-6dab-4e18-aeca-df8229b2041c,2025-10-12T00:08:33.307719024Z,2025-10-12T00:15:37.234918035Z,2025-10-12T00:17:03.348080143Z,423.927199,86.113162,510.040361,0.96,8,53,60s
NGC7036,cf940755-7f56-42e1-9c3b-1efdf02a365a,2025-10-12T00:08:33.413256744Z,2025-10-12T00:16:39.604994315Z,2025-10-12T00:17:59.938729917Z,486.191738,80.333736,566.525473,0.96,8,54,60s
NGC7024,ec553514-3cf2-4fba-8de8-df94d3f772fd,2025-10-12T00:08:37.743643338Z,2025-10-12T00:16:40.070155415Z,2025-10-12T00:17:36.864975286Z,482.326512,56.794820,539.121332,0.96,8,55,60s
NGC7022,284e4338-60b8-4b06-af5e-1467f4c91bd3,2025-10-12T00:08:44.489508722Z,2025-10-12T00:16:40.301013029Z,2025-10-12T00:17:49.529772836Z,475.811504,69.228760,545.040264,0.96,8,51,60s
NGC7023,6060bb2b-7c07-4c1e-89c3-925ebe50f428,2025-10-12T00:08:44.920848314Z,2025-10-12T00:16:41.000491886Z,2025-10-12T00:17:47.966224575Z,476.079644,66.965733,543.045376,0.96,8,52,60s
NGC7033,a8b4671a-a0ae-49d8-b692-9caae77e0c89,2025-10-12T00:08:49.004273799Z,2025-10-12T00:16:41.559925819Z,2025-10-12T00:17:40.773364492Z,472.555652,59.213439,531.769091,0.95,8,52,60s
NGC7021,2df87b22-05a7-4832-9476-f9bd6072c388,2025-10-12T00:08:49.630596181Z,2025-10-12T00:16:42.395298285Z,2025-10-12T00:17:53.934630739Z,472.764702,71.539332,544.304035,0.96,8,53,60s
NGC7028,715b2c9e-dd51-4401-8882-66f103aba815,2025-10-12T00:08:49.737523388Z,2025-10-12T00:16:43.166654223Z,2025-10-12T00:17:57.461209825Z,473.429131,74.294556,547.723686,0.96,8,54,60s
NGC7034,d38c4705-8520-4415-9aa7-3c20275956e1,2025-10-12T00:08:49.738405897Z,2025-10-12T00:16:53.08807896Z,2025-10-12T00:18:04.20791828Z,483.349673,71.119839,554.469512,0.96,8,54,60s
NGC7030,8dab70f3-93b2-46a4-8ddb-fe31f71b6b9c,2025-10-12T00:08:53.300433472Z,2025-10-12T00:17:41.163736453Z,2025-10-12T00:19:01.29927356Z,527.863303,80.135537,607.998840,0.96,8,56,60s
NGC7036,00bd076c-5823-443e-b0f9-a2bb10acd9de,2025-10-12T00:08:56.779113938Z,2025-10-12T00:17:41.705381683Z,2025-10-12T00:19:23.2590406Z,524.926268,101.553659,626.479927,0.96,8,57,60s
NGC7023,3466c534-9fd9-4e96-bc42-25325cef1d87,2025-10-12T00:08:57.45547242Z,2025-10-12T00:17:42.107114778Z,2025-10-12T00:18:57.005136955Z,524.651642,74.898022,599.549665,0.96,8,58,60s
NGC7024,20b86a00-7774-423f-b45a-0dac415d0425,2025-10-12T00:08:57.747190061Z,2025-10-12T00:17:42.398241565Z,2025-10-12T00:18:54.261716394Z,524.651052,71.863475,596.514526,0.96,8,59,60s
NGC7022,92285511-7ae8-4d3d-adb1-0c35a5b67ae7,2025-10-12T00:08:59.200102063Z,2025-10-12T00:17:42.510983258Z,2025-10-12T00:19:24.67747095Z,523.310881,102.166488,625.477369,0.96,8,60,60s
NGC7029,4a550957-fe40-419d-9e65-b9bc9a29a567,2025-10-12T00:09:00.976548788Z,2025-10-12T00:17:43.264035502Z,2025-10-12T00:19:19.393749245Z,522.287487,96.129714,618.417200,0.96,8,61,60s
NGC7021,bc3b5205-d5db-4d00-9e7a-165e542ff8cb,2025-10-12T00:09:09.053530755Z,2025-10-12T00:17:43.756491585Z,2025-10-12T00:19:09.502393575Z,514.702961,85.745902,600.448863,0.96,8,62,60s
NGC7034,32b23a00-e544-4c07-8900-95d6d445a272,2025-10-12T00:09:10.890668239Z,2025-10-12T00:17:56.298164957Z,2025-10-12T00:19:26.891320229Z,525.407497,90.593155,616.000652,0.96,8,63,60s
NGC7028,8bc10a6a-a12d-458a-9168-f0096cfd7bfb,2025-10-12T00:09:10.988983648Z,2025-10-12T00:19:02.554519461Z,2025-10-12T00:20:23.315708342Z,591.565536,80.761189,672.326725,0.96,8,64,60s
NGC7023,a8d8257d-399b-438b-8c3d-e2e8d5587b8c,2025-10-12T00:09:17.781613245Z,2025-10-12T00:19:04.221667252Z,2025-10-12T00:20:37.596486952Z,586.440054,93.374820,679.814874,0.96,8,65,60s
NGC7033,6c4dbba4-0363-4c9e-bde6-b3ff06c64423,2025-10-12T00:09:19.864674301Z,2025-10-12T00:19:05.32161561Z,2025-10-12T00:20:25.173479108Z,585.456941,79.851863,665.308805,0.95,8,66,60s
NGC7030,905dd713-e3a8-45f9-a9d6-613dde797b29,2025-10-12T00:09:19.969316872Z,2025-10-12T00:19:06.013690002Z,2025-10-12T00:20:29.889417962Z,586.044373,83.875728,669.920101,0.96,8,67,60s
NGC7036,16bd141f-1a4b-4549-b5ca-389c7e70ffe3,2025-10-12T00:09:22.835280291Z,2025-10-12T00:19:06.408396767Z,2025-10-12T00:20:41.537436605Z,583.573116,95.129040,678.702156,0.96,8,68,60s
NGC7023,ac82d63f-ceed-4a14-9eb1-2bcdbcf6f0e1,2025-10-12T00:09:24.755125298Z,2025-10-12T00:19:07.857621573Z,2025-10-12T00:20:32.248392236Z,583.102496,84.390771,667.493267,0.95,8,69,60s
NGC7021,38efe846-fddc-43f8-9a03-562ff3433b41,2025-10-12T00:09:25.725439545Z,2025-10-12T00:19:08.748470739Z,2025-10-12T00:20:35.200385838Z,583.023031,86.451915,669.474946,0.96,8,70,60s
NGC7028,f95d2a9c-8080-4956-a5b1-b368308ec320,2025-10-12T00:09:26.040855937Z,2025-10-12T00:19:10.459224256Z,2025-10-12T00:20:39.010536165Z,584.418368,88.551312,672.969680,0.96,8,71,60s
NGC7022,8a2881a6-22ac-45d6-a777-dcad7c29d4a7,2025-10-12T00:09:31.246445838Z,2025-10-12T00:20:30.808552732Z,2025-10-12T00:21:58.17676985Z,659.562107,87.368217,746.930324,0.95,8,72,60s
NGC7024,45f70e48-a89f-45e4-8434-cff8c8a04b95,2025-10-12T00:09:31.587880553Z,2025-10-12T00:20:31.446769968Z,2025-10-12T00:23:11.382083546Z,659.858889,159.935314,819.794203,0.96,8,73,60s
NGC7036,4c7a1405-8708-422c-aeea-307d3d9f484b,2025-10-12T00:09:32.068724887Z,2025-10-12T00:20:32.049122432Z,2025-10-12T00:23:08.114244151Z,659.980398,156.065122,816.045519,0.96,8,74,60s
NGC7029,6e520507-d41b-4e62-ba88-5c7e259762ba,2025-10-12T00:09:39.69539061Z,2025-10-12T00:20:32.866785514Z,2025-10-12T00:22:39.590770645Z,653.171395,126.723985,779.895380,0.96,8,75,60s
NGC7033,a208837e-8cac-4b99-84fc-9ec636cee229,2025-10-12T00:09:44.731064905Z,2025-10-12T00:20:33.169091361Z,2025-10-12T00:22:35.82323273Z,648.438026,122.654141,771.092168,0.96,8,74,60s
NGC7021,e315e9e5-14db-4c45-8bb9-8be8a4101de6,2025-10-12T00:09:47.576206987Z,2025-10-12T00:20:34.381735911Z,2025-10-12T00:22:55.811700843Z,646.805529,141.429965,788.235494,0.96,8,75,60s
NGC7023,14c34a62-061d-4c36-9956-58d14f2f87a5,2025-10-12T00:09:47.865288078Z,2025-10-12T00:20:34.638285949Z,2025-10-12T00:22:47.018162912Z,646.772998,132.379877,779.152875,0.95,8,76,60s
NGC7025,5fc8546f-8fcf-4a02-8ef5-5c278686418b,2025-10-12T00:09:49.092696962Z,2025-10-12T00:20:35.592437666Z,2025-10-12T00:23:02.212992494Z,646.499741,146.620555,793.120296,0.96,8,76,60s
NGC7034,a6f7183a-aaa4-4cf6-ac44-e44490af544a,2025-10-12T00:09:51.859078495Z,2025-10-12T00:21:37.986632857Z,2025-10-12T00:23:48.9166107Z,706.127554,130.929978,837.057532,0.96,8,72,60s
NGC7030,657cabf5-271d-4b61-bc3e-2809d7f8a33d,2025-10-12T00:09:52.407331472Z,2025-10-12T00:21:38.305026866Z,2025-10-12T00:23:54.399576582Z,705.897695,136.094550,841.992245,0.96,8,73,60s
NGC7034,4fb0ff98-5ff1-4771-b0ca-db587370dfd8,2025-10-12T00:09:58.591651609Z,2025-10-12T00:21:38.749437923Z,2025-10-12T00:23:43.086846163Z,700.157786,124.337408,824.495195,0.96,8,74,60s
NGC7025,bced1241-ac9f-4e09-ba09-7370fcd7441b,2025-10-12T00:10:04.165221218Z,2025-10-12T00:21:38.770264127Z,2025-10-12T00:23:19.474799083Z,694.605043,100.704535,795.309578,0.96,8,75,60s
NGC7033,c9e91a31-afa8-418d-8a42-7b322487e248,2025-10-12T00:10:08.217784962Z,2025-10-12T00:21:38.995331546Z,2025-10-12T00:23:55.939383551Z,690.777547,136.944052,827.721599,0.96,8,76,60s
NGC7028,1817107f-d218-435e-b9a4-4da0ba48833e,2025-10-12T00:10:08.246975166Z,2025-10-12T00:21:39.530364316Z,2025-10-12T00:23:40.747003861Z,691.283389,121.216640,812.500029,0.96,8,77,60s
NGC7022,9e4a117e-bf4e-44c3-8608-6ffd32b9fab6,2025-10-12T00:10:08.528757624Z,2025-10-12T00:21:40.192865506Z,2025-10-12T00:23:39.053894706Z,691.664108,118.861029,810.525137,0.95,8,78,60s
NGC7024,88f47a71-18fc-4fd8-b8ca-ce66fe04afcb,2025-10-12T00:10:24.674877397Z,2025-10-12T00:21:40.592856589Z,2025-10-12T00:23:21.24609045Z,675.917979,100.653234,776.571213,0.96,8,79,60s
NGC7036,0d363617-3866-48e9-9167-c734a5fade60,2025-10-12T00:10:28.31433082Z,2025-10-12T00:22:35.896179076Z,2025-10-12T00:23:58.813184825Z,727.581848,82.917006,810.498854,0.96,8,80,60s
NGC7022,b7861bb0-9f15-4287-9991-7a7b01f64c47,2025-10-12T00:10:29.500499802Z,2025-10-12T00:22:37.730995386Z,2025-10-12T00:24:01.785332848Z,728.230496,84.054337,812.284833,0.96,8,81,60s
NGC7025,1e8bbc6a-3fe9-4eb6-a475-67c66d1f1f05,2025-10-12T00:10:31.860706988Z,2025-10-12T00:22:38.321817741Z,2025-10-12T00:24:16.069155641Z,726.461111,97.747338,824.208449,0.96,8,82,60s
NGC7033,8dc66650-3712-4749-bfd1-8e9ff52814ea,2025-10-12T00:10:33.775982694Z,2025-10-12T00:22:38.648816084Z,2025-10-12T00:24:06.606139556Z,724.872833,87.957323,812.830157,0.96,8,83,60s
NGC7034,2650feae-9b79-4b06-b917-4fd252d61548,2025-10-12T00:10:36.227250952Z,2025-10-12T00:22:38.876993201Z,2025-10-12T00:24:13.085998081Z,722.649742,94.209005,816.858747,0.96,8,84,60s
NGC7025,e9402ce2-37d8-4774-8a45-9ee66bf69f4e,2025-10-12T00:10:42.342271901Z,2025-10-12T00:22:39.108416034Z,2025-10-12T00:24:11.031073474Z,716.766144,91.922657,808.688802,0.96,8,83,60s
NGC7036,e8deb0e0-9899-41c3-9bae-4a8d2d1ce00b,2025-10-12T00:10:44.564450153Z,2025-10-12T00:22:39.426874179Z,2025-10-12T00:24:04.859331646Z,714.862424,85.432457,800.294881,0.96,8,80,60s
NGC7031,0d6bcbc5-287c-4b55-898e-56912bfe8f03,2025-10-12T00:10:48.345751532Z,2025-10-12T00:22:42.115624898Z,2025-10-12T00:24:09.547400829Z,713.769873,87.431776,801.201649,0.96,8,79,60s
NGC7024,a38ff11f-9850-4c99-bab0-99f82a4a6497,2025-10-12T00:10:59.476667429Z,2025-10-12T00:23:49.022761061Z,2025-10-12T00:24:58.391578478Z,769.546094,69.368817,838.914911,0.96,8,80,60s
NGC7022,baf8fdc8-67fc-457d-ac87-292fd886bbee,2025-10-12T00:11:00.468384115Z,2025-10-12T00:23:49.566677231Z,2025-10-12T00:25:24.168325907Z,769.098293,94.601649,863.699942,0.96,8,81,60s
NGC7033,6eb9a46c-f65d-4728-9019-694689a4d895,2025-10-12T00:11:02.787371568Z,2025-10-12T00:23:49.765847905Z,2025-10-12T00:25:03.500001385Z,766.978476,73.734153,840.712630,0.96,8,82,60s
NGC7034,77ea92c4-6f8b-4992-925f-a15214cbece8,2025-10-12T00:11:03.047482845Z,2025-10-12T00:23:49.830695252Z,2025-10-12T00:25:21.048868027Z,766.783212,91.218173,858.001385,0.96,8,83,60s
NGC7028,463c61bf-150a-4c64-9382-9172964d6062,2025-10-12T00:11:13.83310142Z,2025-10-12T00:23:51.21248698Z,2025-10-12T00:25:07.770067689Z,757.379386,76.557581,833.936966,0.96,8,84,60s
NGC7030,2391c8be-59e8-412a-bf88-09d869577781,2025-10-12T00:11:15.970679736Z,2025-10-12T00:23:51.248917293Z,2025-10-12T00:25:02.034098555Z,755.278238,70.785181,826.063419,0.95,8,85,60s
NGC7036,eab7253d-e82e-4e53-9b5c-0ab69792de0e,2025-10-12T00:11:16.451799457Z,2025-10-12T00:23:52.000275269Z,2025-10-12T00:25:12.934079521Z,755.548476,80.933804,836.482280,0.96,8,86,60s
NGC7025,14f3077e-27e6-43fe-be47-34e04637c908,2025-10-12T00:11:25.75708664Z,2025-10-12T00:23:54.427469745Z,2025-10-12T00:25:14.381752376Z,748.670383,79.954283,828.624666,0.96,8,87,60s
NGC7034,c5b619c9-c5d3-468b-af17-3f8d7a708500,2025-10-12T00:11:27.706874582Z,2025-10-12T00:25:01.164210924Z,2025-10-12T00:25:58.313312562Z,813.457336,57.149102,870.606438,0.96,8,88,60s
NGC7031,5a721ce0-cbac-49f2-9c15-b7a085780632,2025-10-12T00:11:27.80172086Z,2025-10-12T00:25:01.385502218Z,2025-10-12T00:25:54.088016446Z,813.583781,52.702514,866.286296,0.96,8,89,60s
NGC7033,acce8aff-bc3c-4e65-894b-f8495cb4ee07,2025-10-12T00:11:28.266517291Z,2025-10-12T00:25:01.873164906Z,2025-10-12T00:26:06.302040713Z,813.606648,64.428876,878.035523,0.96,8,90,60s
NGC7023,5eaa726b-a359-4277-a783-27907adbd0c8,2025-10-12T00:11:29.395531734Z,2025-10-12T00:25:02.131526441Z,2025-10-12T00:26:00.826800752Z,812.735995,58.695274,871.431269,0.96,8,91,60s
NGC7022,c634e887-7b5d-4bbd-b66c-d7564b0abe82,2025-10-12T00:11:40.420990477Z,2025-10-12T00:25:02.363382712Z,2025-10-12T00:25:56.445379212Z,801.942392,54.081997,856.024389,0.96,8,92,60s
NGC7034,9220704b-6e9a-454e-b3c2-0c28849d0d9e,2025-10-12T00:11:41.675130137Z,2025-10-12T00:25:05.656003247Z,2025-10-12T00:26:11.857781031Z,803.980873,66.201778,870.182651,0.96,8,93,60s
NGC7030,934332f1-2b08-436a-b6eb-e5aaa4bc66c3,2025-10-12T00:11:46.264576184Z,2025-10-12T00:25:05.940691987Z,2025-10-12T00:26:09.639755243Z,799.676116,63.699063,863.375179,0.95,8,91,60s
NGC7032,947d6bcc-e44d-4311-8295-a4f4285c5709,2025-10-12T00:11:47.853170532Z,2025-10-12T00:25:06.725809216Z,2025-10-12T00:26:13.717133201Z,798.872639,66.991324,865.863963,0.96,8,88,60s
NGC7036,8663dcd7-d3b0-47c4-abf2-ecadd745748e,2025-10-12T00:11:50.476032974Z,2025-10-12T00:25:53.470642452Z,2025-10-12T00:27:14.346619475Z,842.994609,80.875977,923.870587,0.96,8,88,60s
NGC7025,29a8a2dd-d676-4d0c-892d-bdae1e62bea2,2025-10-12T00:11:50.673682368Z,2025-10-12T00:25:54.201183983Z,2025-10-12T00:26:58.657633663Z,843.527502,64.456450,907.983951,0.96,8,89,60s
NGC7023,de451460-764d-48a6-a553-2c5862ccad18,2025-10-12T00:11:50.882168848Z,2025-10-12T00:25:54.240738466Z,2025-10-12T00:27:00.453346574Z,843.358570,66.212608,909.571178,0.96,8,90,60s
NGC7031,d8dce69e-2337-4af2-b93d-ffdab262c023,2025-10-12T00:11:52.482666216Z,2025-10-12T00:25:54.475900208Z,2025-10-12T00:27:11.252431213Z,841.993234,76.776531,918.769765,0.96,8,91,60s
NGC7034,e8edc85d-f7ad-4cbe-a292-60ffff83c759,2025-10-12T00:11:57.709811555Z,2025-10-12T00:25:56.041811597Z,2025-10-12T00:27:12.67088888Z,838.332000,76.629077,914.961077,0.96,8,92,60s
NGC7032,41412068-a783-4ef8-99b9-55c2f2776c42,2025-10-12T00:11:59.567987149Z,2025-10-12T00:25:56.730821691Z,2025-10-12T00:27:03.434055752Z,837.162835,66.703234,903.866069,0.96,8,93,60s
NGC7030,cdb2e8b8-44d9-4d25-890b-e64035c33d13,2025-10-12T00:12:00.197137938Z,2025-10-12T00:25:56.954203248Z,2025-10-12T00:27:09.605038888Z,836.757065,72.650836,909.407901,0.96,8,94,60s
NGC7022,db359611-d04c-4a1b-bbd2-a26373f81a71,2025-10-12T00:12:07.131154799Z,2025-10-12T00:25:57.853118341Z,2025-10-12T00:27:19.682702841Z,830.721964,81.829584,912.551548,0.96,8,95,60s
NGC7023,d31e7f04-a3f8-4c81-9400-3457337395a8,2025-10-12T00:12:10.234235036Z,2025-10-12T00:26:59.580367144Z,2025-10-12T00:28:15.198140612Z,889.346132,75.617773,964.963906,0.96,8,96,60s
NGC7036,d72a49f6-d8cf-46e0-9ece-a6cd0d8f4680,2025-10-12T00:12:11.324848771Z,2025-10-12T00:27:00.069630403Z,2025-10-12T00:28:13.120893228Z,888.744782,73.051263,961.796044,0.95,8,97,60s
NGC7031,5f273d70-6833-4686-8399-a8193c618c2f,2025-10-12T00:12:18.246723548Z,2025-10-12T00:27:00.839961475Z,2025-10-12T00:28:07.818462193Z,882.593238,66.978501,949.571739,0.96,8,98,60s
NGC7025,8ae80893-08c2-4396-a084-30402a788d9e,2025-10-12T00:12:18.780722718Z,2025-10-12T00:27:01.345765851Z,2025-10-12T00:28:04.836941737Z,882.565043,63.491176,946.056219,0.96,8,99,60s
NGC7022,33f74fcd-4c53-485d-9e5c-efc5b3ea0b4f,2025-10-12T00:12:30.986840693Z,2025-10-12T00:27:01.578992823Z,2025-10-12T00:28:02.252660574Z,870.592152,60.673668,931.265820,0.96,8,100,60s
NGC7030,95078509-f1ef-4210-8fc3-85f4e80f10a3,2025-10-12T00:12:31.368431627Z,2025-10-12T00:27:02.17589494Z,2025-10-12T00:28:00.620265149Z,870.807463,58.444370,929.251834,0.96,8,101,60s
NGC7034,6e2580df-fbf7-4f6d-bee1-f960604223ca,2025-10-12T00:12:33.825244899Z,2025-10-12T00:27:02.302759259Z,2025-10-12T00:28:09.997331116Z,868.477514,67.694572,936.172086,0.96,8,102,60s
NGC7031,ad1c82db-2f13-4bd6-a0cc-1269494752aa,2025-10-12T00:12:39.532656994Z,2025-10-12T00:27:07.989663958Z,2025-10-12T00:28:18.081914112Z,868.457007,70.092250,938.549257,0.96,8,103,60s
NGC7025,7b385bc7-80ee-4152-babb-4b257458e1d7,2025-10-12T00:12:39.638321542Z,2025-10-12T00:28:07.300416892Z,2025-10-12T00:29:26.566519926Z,927.662095,79.266103,1006.928198,0.96,8,104,60s
NGC7036,1d52c293-aa4b-4854-b6bc-53b9c2b2861b,2025-10-12T00:12:41.757465502Z,2025-10-12T00:28:07.462268739Z,2025-10-12T00:29:42.054029024Z,925.704803,94.591760,1020.296564,0.95,8,105,60s
NGC7023,90691267-ce23-4f1a-8392-45ae3b284a58,2025-10-12T00:12:53.28493911Z,2025-10-12T00:28:07.684853212Z,2025-10-12T00:29:29.114172476Z,914.399914,81.429319,995.829233,0.96,8,106,60s
NGC7020,8db74347-b418-469c-86e2-74e8ca5e0e25,2025-10-12T00:12:57.437640979Z,2025-10-12T00:28:08.950663027Z,2025-10-12T00:29:33.147744027Z,911.513022,84.197081,995.710103,0.96,8,107,60s
NGC7030,e97a1ec0-983d-4fb1-a6fa-073adad8f619,2025-10-12T00:12:59.640720057Z,2025-10-12T00:28:09.432042307Z,2025-10-12T00:29:48.916285582Z,909.791322,99.484243,1009.275566,0.96,8,107,60s
NGC7032,40b453eb-4220-42a7-bfc2-c22e825a22bd,2025-10-12T00:13:00.188441932Z,2025-10-12T00:28:09.729306418Z,2025-10-12T00:29:51.593221968Z,909.540864,101.863916,1011.404780,0.96,8,108,60s
NGC7034,96fadbcb-9cff-4c1d-a977-6ba17b7244af,2025-10-12T00:13:04.900392715Z,2025-10-12T00:28:10.16571413Z,2025-10-12T00:29:43.777434156Z,905.265321,93.611720,998.877041,0.95,8,102,60s
NGC7032,964311bc-b926-4cf3-b38f-a2c802fd0a0e,2025-10-12T00:13:07.688351414Z,2025-10-12T00:28:14.124055838Z,2025-10-12T00:30:00.658865398Z,906.435704,106.534810,1012.970514,0.96,8,103,60s
NGC7031,e5a9b7d3-521d-4cb6-b8ee-3794815cfd4a,2025-10-12T00:13:09.817383633Z,2025-10-12T00:29:29.459091719Z,2025-10-12T00:30:44.544915141Z,979.641708,75.085823,1054.727532,0.96,8,104,60s
NGC7025,f1f81dd3-ff1e-495d-b867-e5fc42c81cc7,2025-10-12T00:13:13.298881641Z,2025-10-12T00:29:29.843451089Z,2025-10-12T00:30:45.925272427Z,976.544569,76.081821,1052.626391,0.96,8,105,60s
NGC7020,a8182c89-6f67-44e4-b669-cba90b72a6d0,2025-10-12T00:13:19.363189659Z,2025-10-12T00:29:30.078030611Z,2025-10-12T00:31:09.023886973Z,970.714841,98.945856,1069.660697,0.96,8,106,60s
NGC7036,8055f2ec-1465-41e1-a02e-deb85cfcb898,2025-10-12T00:13:25.450888276Z,2025-10-12T00:29:30.694229131Z,2025-10-12T00:30:53.776979333Z,965.243341,83.082750,1048.326091,0.96,8,107,60s
NGC7030,321c7547-7673-43d4-916a-43aaef7a0a81,2025-10-12T00:13:29.973923319Z,2025-10-12T00:29:32.324647288Z,2025-10-12T00:30:58.778055292Z,962.350724,86.453408,1048.804132,0.96,8,108,60s
NGC7020,851880b9-b985-42fd-b1d1-914caba947fc,2025-10-12T00:13:31.966483334Z,2025-10-12T00:29:32.549941738Z,2025-10-12T00:31:03.465518045Z,960.583458,90.915576,1051.499035,0.96,8,109,60s
NGC7023,cbe525db-c843-465d-8648-fa2fab6d0aad,2025-10-12T00:13:38.537728529Z,2025-10-12T00:29:32.860018609Z,2025-10-12T00:30:49.535963242Z,954.322290,76.675945,1030.998235,0.96,8,110,60s
NGC7031,ed7466a3-6c5b-4b3c-99ed-fce3270fbc1e,2025-10-12T00:13:38.991801777Z,2025-10-12T00:29:34.278055488Z,2025-10-12T00:31:05.926907479Z,955.286254,91.648852,1046.935106,0.96,8,111,60s
NGC7032,96cb4d84-f227-4a66-be40-8d316d39323a,2025-10-12T00:13:42.500616036Z,2025-10-12T00:30:43.592332702Z,2025-10-12T00:31:53.703667112Z,1021.091717,70.111334,1091.203051,0.96,8,112,60s
NGC7034,98c907b3-9aa6-4818-8686-ded854791195,2025-10-12T00:13:44.42169564Z,2025-10-12T00:30:43.994877361Z,2025-10-12T00:31:40.880171789Z,1019.573182,56.885294,1076.458476,0.95,8,113,60s
NGC7020,b586de74-5c1b-48d4-9780-4a0cace39698,2025-10-12T00:13:46.899788691Z,2025-10-12T00:30:44.829216445Z,2025-10-12T00:31:56.340226312Z,1017.929428,71.511010,1089.440438,0.96,8,114,60s
NGC7030,270f9d83-7f31-406d-80e4-3b816fcc4ce1,2025-10-12T00:13:48.061111838Z,2025-10-12T00:30:44.962874083Z,2025-10-12T00:31:45.470384113Z,1016.901762,60.507510,1077.409272,0.96,8,115,60s
NGC7035,9cb83922-e72e-4b69-ae97-a6c932228d76,2025-10-12T00:13:49.191749603Z,2025-10-12T00:30:46.425243638Z,2025-10-12T00:31:52.161277327Z,1017.233494,65.736034,1082.969528,0.96,8,116,60s
NGC7036,15c8d45d-13a9-4e5a-942c-f952db476bf8,2025-10-12T00:14:02.343493523Z,2025-10-12T00:30:47.693185419Z,2025-10-12T00:31:46.940574691Z,1005.349692,59.247389,1064.597081,0.96,8,117,60s
NGC7031,3fffeed9-fafb-4d05-a908-5d60999a6fd9,2025-10-12T00:14:04.186865986Z,2025-10-12T00:30:48.419090427Z,2025-10-12T00:32:07.25029658Z,1004.232224,78.831206,1083.063431,0.96,8,118,60s
NGC7025,7686f8e7-282a-41c6-a434-7f34b579c147,2025-10-12T00:14:07.657362417Z,2025-10-12T00:30:49.237962268Z,2025-10-12T00:31:57.736264838Z,1001.580600,68.498303,1070.078902,0.96,8,119,60s
NGC7032,410590ea-00b9-4bea-aac1-f49db9c066af,2025-10-12T00:14:08.947603875Z,2025-10-12T00:31:41.803927946Z,2025-10-12T00:32:53.226046434Z,1052.856324,71.422118,1124.278443,0.96,8,120,60s
NGC7034,83799a67-f45d-44b6-888a-c265fcff67c5,2025-10-12T00:14:21.771756537Z,2025-10-12T00:31:42.051154335Z,2025-10-12T00:33:09.857964048Z,1040.279398,87.806810,1128.086208,0.96,8,121,60s
NGC7020,1cb67d04-2ff8-48fa-87d2-a2a86a370928,2025-10-12T00:14:35.424402082Z,2025-10-12T00:31:42.084261461Z,2025-10-12T00:33:27.021395201Z,1026.659859,104.937134,1131.596993,0.96,8,114,60s
NGC7035,71060b42-d37b-47bc-85db-dd6637718313,2025-10-12T00:14:37.437838302Z,2025-10-12T00:31:42.542015065Z,2025-10-12T00:33:01.756919181Z,1025.104177,79.214904,1104.319081,0.96,8,115,60s
NGC7031,73f8f691-e511-4ece-8e82-ba16e0bf12f7,2025-10-12T00:14:41.360624385Z,2025-10-12T00:31:42.745269661Z,2025-10-12T00:33:16.318864556Z,1021.384645,93.573595,1114.958240,0.96,8,116,60s
NGC7032,1a5423f6-d1de-49f2-b8b2-be027ecc889b,2025-10-12T00:14:45.042277333Z,2025-10-12T00:31:43.927058705Z,2025-10-12T00:33:35.535954097Z,1018.884781,111.608895,1130.493677,0.96,8,117,60s
NGC7036,60375ead-a504-4864-b26f-d571d6651d3b,2025-10-12T00:14:46.250401192Z,2025-10-12T00:31:46.387713509Z,2025-10-12T00:33:19.231103866Z,1020.137312,92.843390,1112.980703,0.96,8,118,60s
NGC7025,872659a2-ef89-43ad-898e-561e7a359ec3,2025-10-12T00:14:46.736308572Z,2025-10-12T00:31:46.528343879Z,2025-10-12T00:33:34.126527164Z,1019.792035,107.598183,1127.390219,0.95,8,119,60s
NGC7034,25c04965-12a3-4109-8d35-9c3e8fa3da7d,2025-10-12T00:14:47.461205766Z,2025-10-12T00:32:49.643449725Z,2025-10-12T00:34:08.604796266Z,1082.182244,78.961347,1161.143591,0.96,8,120,60s
NGC7037,a48603a9-b483-4260-9332-c7f9dcf88150,2025-10-12T00:14:49.425797916Z,2025-10-12T00:32:49.909335075Z,2025-10-12T00:34:13.256183149Z,1080.483537,83.346848,1163.830385,0.96,8,121,60s
NGC7035,da6a2953-ea4c-4905-9b7a-0b576826995e,2025-10-12T00:14:51.664263185Z,2025-10-12T00:32:50.148668047Z,2025-10-12T00:34:17.781451723Z,1078.484405,87.632784,1166.117189,0.96,8,122,60s
NGC7020,31614673-8f9a-4c44-99ac-8a5786cc1443,2025-10-12T00:14:52.045391726Z,2025-10-12T00:32:50.889628596Z,2025-10-12T00:34:16.124992967Z,1078.844237,85.235364,1164.079601,0.96,8,123,60s
NGC7031,f9ee5f94-9100-4fd5-97de-42011eb1cbb2,2025-10-12T00:14:59.68622294Z,2025-10-12T00:32:52.180966168Z,2025-10-12T00:34:36.990557864Z,1072.494743,104.809592,1177.304335,0.96,8,124,60s
NGC7032,27aed29a-591b-490f-aab9-6a969ecc3695,2025-10-12T00:15:00.709067226Z,2025-10-12T00:32:52.607206671Z,2025-10-12T00:34:25.326886708Z,1071.898139,92.719680,1164.617819,0.96,8,125,60s
NGC7025,c9c4b1a8-8229-4eb6-bad9-4ae94d29ba8c,2025-10-12T00:15:01.081852769Z,2025-10-12T00:32:53.695715473Z,2025-10-12T00:34:27.203573278Z,1072.613863,93.507858,1166.121721,0.95,8,126,60s
NGC7036,2da45832-806f-481b-bb54-7b935dc14b75,2025-10-12T00:15:01.401273404Z,2025-10-12T00:32:56.067700619Z,2025-10-12T00:34:29.133751655Z,1074.666427,93.066051,1167.732478,0.96,8,127,60s
NGC7034,37c43533-6646-416a-81e1-3c56fbb981f1,2025-10-12T00:15:01.750181314Z,2025-10-12T00:34:12.78101524Z,2025-10-12T00:35:42.628238855Z,1151.030834,89.847224,1240.878058,0.96,8,128,60s
NGC7035,8ef5cb80-61ca-4fb0-b02b-13d3b4999199,2025-10-12T00:15:07.190827535Z,2025-10-12T00:34:13.055509756Z,2025-10-12T00:35:38.209917827Z,1145.864682,85.154408,1231.019090,0.96,8,129,60s
NGC7037,71700495-3ee7-4a99-93ac-02a33bd73785,2025-10-12T00:15:10.60639571Z,2025-10-12T00:34:14.045142175Z,2025-10-12T00:35:24.599969009Z,1143.438746,70.554827,1213.993573,0.96,8,130,60s
NGC7031,2da6c3de-a341-40fb-9905-8540f30bf948,2025-10-12T00:15:19.822659615Z,2025-10-12T00:34:14.274249714Z,2025-10-12T00:35:30.812240471Z,1134.451590,76.537991,1210.989581,0.95,8,131,60s
NGC7025,b6477575-c5fc-4423-931d-99799f67fa19,2025-10-12T00:15:20.214196753Z,2025-10-12T00:34:14.732485495Z,2025-10-12T00:35:32.563073393Z,1134.518289,77.830588,1212.348877,0.96,8,132,60s
NGC7020,465d772d-06c5-4687-ac69-439057a1ca9d,2025-10-12T00:15:21.296367049Z,2025-10-12T00:34:15.859019108Z,2025-10-12T00:35:44.303261447Z,1134.562652,88.444242,1223.006894,0.96,8,133,60s
NGC7036,ca82db02-5e5e-4ff1-a0b0-563bdf62f9db,2025-10-12T00:15:21.333709737Z,2025-10-12T00:34:16.249751028Z,2025-10-12T00:35:36.838609213Z,1134.916041,80.588858,1215.504899,0.96,8,134,60s
NGC7032,c47ecbcf-0417-4655-99e6-e341f8cbeed7,2025-10-12T00:15:24.376288915Z,2025-10-12T00:34:17.325797582Z,2025-10-12T00:35:41.01505845Z,1132.949509,83.689261,1216.638770,0.96,8,135,60s
NGC7034,a18fafcb-4b36-451b-9583-182e9be7f452,2025-10-12T00:15:26.842209494Z,2025-10-12T00:35:34.21288Z,2025-10-12T00:36:42.345959988Z,1207.370671,68.133080,1275.503750,0.96,8,136,60s
NGC7037,b649e3ac-1182-486e-b6ea-98e6cb55965e,2025-10-12T00:15:31.864151925Z,2025-10-12T00:35:34.420546385Z,2025-10-12T00:37:01.834440561Z,1202.556394,87.413894,1289.970289,0.96,8,137,60s
NGC7035,b8650fb9-c752-4936-82b2-5684e9ed0662,2025-10-12T00:15:31.998445844Z,2025-10-12T00:35:34.87819522Z,2025-10-12T00:37:07.374137143Z,1202.879749,92.495942,1295.375691,0.96,8,138,60s
NGC7031,04681740-3c2e-41a3-bc36-480995c736b6,2025-10-12T00:15:34.784541635Z,2025-10-12T00:35:35.354315757Z,2025-10-12T00:36:46.294828652Z,1200.569774,70.940513,1271.510287,0.95,8,138,60s
NGC7020,2a45f171-5bc9-49a5-a958-8a81b5f91bb9,2025-10-12T00:15:40.979946025Z,2025-10-12T00:35:36.203331146Z,2025-10-12T00:37:05.433882631Z,1195.223385,89.230551,1284.453937,0.96,8,132,60s
NGC7025,82e48d95-a63f-4dd0-8cdf-7b13e633c787,2025-10-12T00:15:41.897060513Z,2025-10-12T00:35:37.497661887Z,2025-10-12T00:36:49.985799041Z,1195.600601,72.488137,1268.088739,0.96,8,133,60s
NGC7035,476d14de-f476-49f2-80fe-f821e7bf4fce,2025-10-12T00:15:42.472317726Z,2025-10-12T00:35:37.906859821Z,2025-10-12T00:36:43.990343429Z,1195.434542,66.083484,1261.518026,0.96,8,134,60s
NGC7034,f298a30b-2b31-4efb-b1e9-48cd597a46e2,2025-10-12T00:15:43.379271669Z,2025-10-12T00:35:40.034984303Z,2025-10-12T00:37:00.450125732Z,1196.655713,80.415141,1277.070854,0.96,8,135,60s
NGC7032,ae94ee06-39fb-443e-baac-94c904735221,2025-10-12T00:15:47.721437387Z,2025-10-12T00:36:40.321180839Z,2025-10-12T00:38:18.194872321Z,1252.599743,97.873691,1350.473435,0.96,8,136,60s
NGC7037,ea3a62a0-c86d-4f2f-ad1d-5694376fd7c3,2025-10-12T00:15:49.309752403Z,2025-10-12T00:36:41.478219761Z,2025-10-12T00:38:16.060126211Z,1252.168467,94.581906,1346.750374,0.96,8,137,60s
NGC7031,d4a27699-b5e3-48b5-83a9-8db74eb52492,2025-10-12T00:15:55.114018432Z,2025-10-12T00:36:41.634656015Z,2025-10-12T00:37:41.798627051Z,1246.520638,60.163971,1306.684609,0.96,8,138,60s
NGC7020,45f03083-ee10-4463-9d9f-5e40a8c4e948,2025-10-12T00:15:58.359633881Z,2025-10-12T00:36:42.161438361Z,2025-10-12T00:38:13.693246946Z,1243.801804,91.531809,1335.333613,0.96,8,139,60s
NGC7025,d3c8d65c-8794-4853-981d-5d1ab11801e4,2025-10-12T00:15:58.965754165Z,2025-10-12T00:36:42.534831328Z,2025-10-12T00:37:44.838716342Z,1243.569077,62.303885,1305.872962,0.96,8,140,60s
NGC7035,2059e8dd-2613-40a6-b57d-419c0cb4e9de,2025-10-12T00:16:01.236076753Z,2025-10-12T00:36:43.162349448Z,2025-10-12T00:38:00.692024612Z,1241.926273,77.529675,1319.455948,0.96,8,141,60s
NGC7037,0d2306c1-fdf8-48bb-95fe-82086fe4da69,2025-10-12T00:16:02.055326151Z,2025-10-12T00:36:43.317452906Z,2025-10-12T00:38:23.743138229Z,1241.262127,100.425685,1341.687812,0.96,8,142,60s
NGC7032,1a8c9d4d-9cfc-499a-9e6f-f64d9f09e510,2025-10-12T00:16:02.200211418Z,2025-10-12T00:36:43.992862878Z,2025-10-12T00:38:07.546947135Z,1241.792651,83.554084,1325.346736,0.95,8,143,60s
NGC7031,519d143d-5661-4367-9382-a49abfce5c1d,2025-10-12T00:16:09.1104968Z,2025-10-12T00:37:39.737985418Z,2025-10-12T00:39:31.778156511Z,1290.627489,112.040171,1402.667660,0.96,8,144,60s
NGC7020,b8cb3727-28c3-4f0d-beab-7d4b2e53f71e,2025-10-12T00:16:09.220796915Z,2025-10-12T00:37:40.27620611Z,2025-10-12T00:39:33.887715359Z,1291.055409,113.611509,1404.666918,0.96,8,145,60s
NGC7025,4845ccf6-2d3b-4620-8794-d6eea1bbc711,2025-10-12T00:16:13.482978239Z,2025-10-12T00:37:40.804613305Z,2025-10-12T00:38:57.791584821Z,1287.321635,76.986972,1364.308607,0.96,8,146,60s
NGC7032,fe2f9b39-a7ce-4e71-8709-fcad7680727f,2025-10-12T00:16:15.173578279Z,2025-10-12T00:37:43.126100483Z,2025-10-12T00:39:20.59881186Z,1287.952522,97.472711,1385.425234,0.95,8,147,60s
NGC7037,dca34743-d44a-4633-82ab-ad1663690a83,2025-10-12T00:16:15.269204437Z,2025-10-12T00:37:43.324582892Z,2025-10-12T00:39:13.623361832Z,1288.055378,90.298779,1378.354157,0.96,8,148,60s
NGC7035,e0b6302d-927a-4925-8bb0-3321012a57d4,2025-10-12T00:16:16.610429976Z,2025-10-12T00:37:43.568796972Z,2025-10-12T00:39:15.72423052Z,1286.958367,92.155434,1379.113801,0.96,8,149,60s
NGC7031,55b37440-64f4-4fa5-bacf-5403008973e0,2025-10-12T00:16:26.278122608Z,2025-10-12T00:37:44.456654745Z,2025-10-12T00:39:24.167175656Z,1278.178532,99.710521,1377.889053,0.96,8,150,60s
NGC7020,406f9fd7-ae36-4a18-ae7e-20054de91a0d,2025-10-12T00:16:26.781564308Z,2025-10-12T00:37:44.486310239Z,2025-10-12T00:39:26.789150868Z,1277.704746,102.302841,1380.007587,0.95,8,151,60s
NGC7025,a769f6ea-5d81-44f8-8e77-07604a9be3d7,2025-10-12T00:16:28.539203474Z,2025-10-12T00:38:57.974289246Z,2025-10-12T00:40:32.718271165Z,1349.435086,94.743982,1444.179068,0.96,8,152,60s
NGC7037,a4a5226d-adbb-4bea-bffc-88d00e7906e1,2025-10-12T00:16:30.138380036Z,2025-10-12T00:38:59.25488048Z,2025-10-12T00:40:06.537114953Z,1349.116500,67.282234,1416.398735,0.96,8,153,60s
NGC7032,af906944-a28c-46e7-8ae6-b808c72830e1,2025-10-12T00:16:32.69264829Z,2025-10-12T00:38:59.430911763Z,2025-10-12T00:40:49.147903897Z,1346.738263,109.716992,1456.455256,0.96,8,154,60s
NGC7031,9e63f12c-92e0-44d0-a287-612ef7903c70,2025-10-12T00:16:35.206945087Z,2025-10-12T00:38:59.602968312Z,2025-10-12T00:40:20.728763692Z,1344.396023,81.125795,1425.521819,0.96,8,155,60s
NGC7020,90b7175a-89f7-498d-87d8-2fc5652306d3,2025-10-12T00:16:39.36944836Z,2025-10-12T00:38:59.744661975Z,2025-10-12T00:40:11.543039469Z,1340.375214,71.798377,1412.173591,0.95,8,156,60s
NGC7035,45c4999d-6e15-421a-8bc6-66ff65366812,2025-10-12T00:16:44.911052077Z,2025-10-12T00:39:00.430134406Z,2025-10-12T00:40:51.741820737Z,1335.519082,111.311686,1446.830769,0.96,8,150,60s
NGC7032,49cec5c7-3342-4dc6-81d4-c5349bfd807a,2025-10-12T00:16:49.120779441Z,2025-10-12T00:39:00.633830086Z,2025-10-12T00:40:30.198423632Z,1331.513051,89.564594,1421.077644,0.96,8,151,60s
NGC7031,2a3ee86f-e977-4661-90bd-95f92aebbab3,2025-10-12T00:16:49.238464053Z,2025-10-12T00:39:00.915417742Z,2025-10-12T00:40:03.48534688Z,1331.676954,62.569929,1394.246883,0.96,8,152,60s
NGC7020,32f87237-1bc7-423a-b941-1ac48f38616f,2025-10-12T00:16:55.202149976Z,2025-10-12T00:40:03.786670684Z,2025-10-12T00:41:30.112963369Z,1388.584521,86.326293,1474.910813,0.96,8,152,60s
NGC7037,ccf270bf-b7cd-4c1a-9ea3-879354b6486b,2025-10-12T00:16:57.10527402Z,2025-10-12T00:40:03.898975647Z,2025-10-12T00:41:09.898121309Z,1386.793702,65.999146,1452.792847,0.96,8,153,60s
NGC7035,f2a8dcdc-1be4-471e-a99c-e26562868cc7,2025-10-12T00:17:09.117031684Z,2025-10-12T00:40:04.047753106Z,2025-10-12T00:41:57.84989282Z,1374.930721,113.802140,1488.732861,0.96,8,154,60s
NGC7020,2a9f1c4b-4531-4b86-b189-1384656bdb0d,2025-10-12T00:17:09.134190401Z,2025-10-12T00:40:04.358050008Z,2025-10-12T00:41:00.193728029Z,1375.223860,55.835678,1431.059538,0.96,8,155,60s
NGC7032,8a82f6ab-8b66-40a9-9dbe-f67e59c116a1,2025-10-12T00:17:15.316497846Z,2025-10-12T00:40:04.729982509Z,2025-10-12T00:41:12.582252592Z,1369.413485,67.852270,1437.265755,0.96,8,156,60s
NGC7037,da7f586c-e84a-40a6-bbc6-34c2641e87f0,2025-10-12T00:17:15.612545233Z,2025-10-12T00:40:05.110710802Z,2025-10-12T00:41:48.301871316Z,1369.498166,103.191161,1472.689326,0.96,8,157,60s
NGC7037,62dae1f0-16fd-49ae-8048-e1d6163bd071,2025-10-12T00:17:30.252103051Z,2025-10-12T00:40:05.547422184Z,2025-10-12T00:42:02.784720342Z,1355.295319,117.237298,1472.532617,0.96,8,158,60s
NGC7035,ec1a9a72-7848-4c6d-bc14-a8d86efd2f7f,2025-10-12T00:17:39.257504122Z,2025-10-12T00:40:06.574462304Z,2025-10-12T00:41:32.876173563Z,1347.316958,86.301711,1433.618669,0.95,8,159,60s
NGC7032,b4ba48bd-2f96-46e8-9f39-dbe472ec12f8,2025-10-12T00:17:45.133431072Z,2025-10-12T00:41:00.462356585Z,2025-10-12T00:43:09.603647799Z,1395.328926,129.141291,1524.470217,0.96,8,153,60s
NGC7020,08a9a73b-005e-4ab6-bffe-57d8749f3121,2025-10-12T00:17:46.426570543Z,2025-10-12T00:41:01.823247543Z,2025-10-12T00:42:10.638824172Z,1395.396677,68.815577,1464.212254,0.96,8,154,60s
NGC7032,eb8e4b1b-2479-414e-92bc-5e14f68644ed,2025-10-12T00:17:59.65504284Z,2025-10-12T00:41:02.085274794Z,2025-10-12T00:42:04.604007181Z,1382.430232,62.518732,1444.948964,0.96,8,154,60s
NGC7037,50455fe5-4290-4d2d-aa61-f57229cbd68e,2025-10-12T00:18:01.00198447Z,2025-10-12T00:41:02.243212944Z,2025-10-12T00:43:13.31928954Z,1381.241228,131.076077,1512.317305,0.95,8,155,60s
NGC7035,0edbe930-0352-4dee-88cb-3b7058ea560c,2025-10-12T00:18:11.627240119Z,2025-10-12T00:41:02.95604477Z,2025-10-12T00:42:19.357006057Z,1371.328805,76.400961,1447.729766,0.95,8,156,60s
NGC7020,936e673b-7003-480b-b070-0affab6a21ac,2025-10-12T00:18:12.578214487Z,2025-10-12T00:41:03.672937502Z,2025-10-12T00:42:50.070280587Z,1371.094723,106.397343,1477.492066,0.96,8,157,60s
NGC7037,111f2bb4-448c-4e29-87a2-098309a75c48,2025-10-12T00:18:20.765232014Z,2025-10-12T00:41:04.246065252Z,2025-10-12T00:42:45.64581286Z,1363.480833,101.399748,1464.880581,0.95,8,158,60s
NGC7020,93bf71a2-3681-483a-9944-5499c49040f8,2025-10-12T00:18:26.362358217Z,2025-10-12T00:41:04.670101331Z,2025-10-12T00:42:48.528241126Z,1358.307743,103.858140,1462.165883,0.96,8,159,60s
NGC7035,a618fdbb-aee9-4d89-b732-976583d37dcd,2025-10-12T00:18:30.177170046Z,2025-10-12T00:42:03.939321703Z,2025-10-12T00:43:18.967655402Z,1413.762152,75.028334,1488.790485,0.96,8,160,60s
NGC7037,737347ec-722b-4fad-92d1-79fdf97ee0dc,2025-10-12T00:18:51.457565808Z,2025-10-12T00:42:04.0837574Z,2025-10-12T00:43:22.494797989Z,1392.626192,78.411041,1471.037232,0.96,8,161,60s
NGC7035,3439d4f1-99d5-41c2-bec2-4bde37112ebf,2025-10-12T00:18:57.890250269Z,2025-10-12T00:42:04.166887913Z,2025-10-12T00:43:17.138155319Z,1386.276638,72.971267,1459.247905,0.96,8,162,60s
NGC7037,6640587d-1637-41bb-8b3c-7378c467667f,2025-10-12T00:19:14.700766025Z,2025-10-12T00:42:04.406439768Z,2025-10-12T00:43:26.185197576Z,1369.705674,81.778758,1451.484432,0.96,8,155,60s
NGC7035,eecf6085-2134-40b0-b3bf-7627a22cf737,2025-10-12T00:19:23.585328137Z,2025-10-12T00:42:04.840994646Z,2025-10-12T00:43:24.787762599Z,1361.255667,79.946768,1441.202434,0.96,8,156,60s
NGC7037,494513ee-7bf4-4ed1-a20d-93131a42d3f7,2025-10-12T00:19:45.460383544Z,2025-10-12T00:42:04.865172454Z,2025-10-12T00:43:21.117030431Z,1339.404789,76.251858,1415.656647,0.96,8,157,60s
NGC7035,2f3aa368-feea-4e3b-98e6-3d02c32d9778,2025-10-12T00:20:00.722060266Z,2025-10-12T00:42:09.408663086Z,2025-10-12T00:43:36.174878964Z,1328.686603,86.766216,1415.452819,0.96,8,158,60s
NGC7037,a10de7d4-5f94-41e3-87cb-4b6a186ed1a4,2025-10-12T00:20:10.252119481Z,2025-10-12T00:42:09.580661103Z,2025-10-12T00:43:42.391826792Z,1319.328542,92.811166,1412.139707,0.96,8,159,60s
NGC7035,b5f9c8fd-8ddf-435e-ab66-9f16dfd64497,2025-10-12T00:20:19.393020016Z,2025-10-12T00:43:09.048749879Z,2025-10-12T00:43:57.992393585Z,1369.655730,48.943644,1418.599374,0.96,8,160,60s
NGC7037,6b24222b-2b9b-49a1-891b-74f044392edc,2025-10-12T00:20:24.655683728Z,2025-10-12T00:43:09.170334736Z,2025-10-12T00:44:03.93827768Z,1364.514651,54.767943,1419.282594,0.96,8,161,60s
NGC7021,7e50fedd-6c2f-46f0-bfee-90955dc15713,2025-10-12T10:17:23.310188652Z,2025-10-12T10:17:23.447830194Z,2025-10-12T10:17:52.106866412Z,0.137642,28.659036,28.796678,0.60,10,0,30s
NGC7021,bd90da9c-e2bb-4b95-9f89-93f309690157,2025-10-12T10:17:29.259221736Z,2025-10-12T10:17:29.965482143Z,2025-10-12T10:17:55.944441599Z,0.706260,25.978959,26.685220,0.60,10,0,30s
NGC7021,1fc638a2-3547-41c9-a50f-5d38ba4c976d,2025-10-12T10:17:38.039925566Z,2025-10-12T10:17:38.242830424Z,2025-10-12T10:18:05.262136039Z,0.202905,27.019306,27.222210,0.60,10,0,30s
NGC7021,1635ba0a-2355-44f4-8a85-3375b7273be9,2025-10-12T10:17:42.73103238Z,2025-10-12T10:17:43.249354273Z,2025-10-12T10:18:31.3362916Z,0.518322,48.086937,48.605259,0.60,10,0,30s
NGC7021,654abef4-814e-49b6-afea-a0f3f5a0db19,2025-10-12T10:17:47.601215332Z,2025-10-12T10:17:48.25147782Z,2025-10-12T10:18:33.617480503Z,0.650262,45.366003,46.016265,0.60,10,0,30s
NGC7021,c7384501-3e11-49bc-903e-a7580e382d39,2025-10-12T10:17:50.00390477Z,2025-10-12T10:17:50.257812809Z,2025-10-12T10:18:35.892011484Z,0.253908,45.634199,45.888107,0.60,10,0,30s
NGC7022,ad627d8e-ad92-4a1d-9852-955282ac9d4b,2025-10-12T10:17:55.589762198Z,2025-10-12T10:17:55.665297726Z,2025-10-12T10:18:44.650908025Z,0.075536,48.985610,49.061146,0.60,10,0,30s
NGC7021,8abdf7af-db0e-4fe1-b62f-936cf8397fcb,2025-10-12T10:17:57.383377921Z,2025-10-12T10:17:57.492205137Z,2025-10-12T10:18:50.396891312Z,0.108827,52.904686,53.013513,0.60,10,0,30s
NGC7022,d5193afc-6ce0-4014-a99d-cf1561398d2a,2025-10-12T10:17:59.327643178Z,2025-10-12T10:17:59.496653044Z,2025-10-12T10:18:48.160056564Z,0.169010,48.663404,48.832413,0.60,10,0,30s
NGC7021,b1755945-2b1b-4acf-b251-7814b55d962c,2025-10-12T10:18:00.772623644Z,2025-10-12T10:18:01.50595212Z,2025-10-12T10:18:46.926136455Z,0.733328,45.420184,46.153513,0.60,10,0,30s
NGC7021,4c4b54e3-c61e-4e8c-94f5-0b8435b9bf37,2025-10-12T10:18:16.734988494Z,2025-10-12T10:18:17.10966326Z,2025-10-12T10:18:58.12116188Z,0.374675,41.011499,41.386173,0.60,10,0,30s
NGC7022,bee1453d-332e-4783-bd36-e6b0305977dd,2025-10-12T10:18:16.985661264Z,2025-10-12T10:18:17.338264423Z,2025-10-12T10:19:00.535484912Z,0.352603,43.197220,43.549824,0.60,10,1,30s
NGC7021,c90f5f7c-83ec-4576-aae5-19053dd254fc,2025-10-12T10:18:21.032802057Z,2025-10-12T10:18:21.68652851Z,2025-10-12T10:18:56.851538935Z,0.653726,35.165010,35.818737,0.60,10,0,30s
NGC7022,ce997fa9-bae3-432e-a614-369b4e1560f5,2025-10-12T10:18:26.407979295Z,2025-10-12T10:18:39.334153133Z,2025-10-12T10:19:16.860291567Z,12.926174,37.526138,50.452312,0.60,10,0,30s
NGC7021,e79e432d-5b2f-4157-b09c-f4f83b91bd95,2025-10-12T10:18:29.225232344Z,2025-10-12T10:18:46.367922753Z,2025-10-12T10:19:26.54298762Z,17.142690,40.175065,57.317755,0.60,10,1,30s
NGC7022,a1f67ce4-1cb3-4e63-99f8-904f6b9feeda,2025-10-12T10:18:30.17849374Z,2025-10-12T10:18:48.352440032Z,2025-10-12T10:19:31.210873805Z,18.173946,42.858434,61.032380,0.60,10,2,30s
NGC7027,d006c3fc-1845-4c83-bf1d-4f138b118129,2025-10-12T10:18:30.577651889Z,2025-10-12T10:18:50.80461627Z,2025-10-12T10:19:34.433127867Z,20.226964,43.628512,63.855476,0.60,10,3,30s
NGC7021,d947fc0a-ac46-4bb0-bbb8-baea7a72259f,2025-10-12T10:18:33.866867154Z,2025-10-12T10:18:51.572850225Z,2025-10-12T10:19:35.719830009Z,17.705983,44.146980,61.852963,0.60,10,4,30s
NGC7022,8a8c8b98-0191-4c48-abfa-12d14360ac80,2025-10-12T10:18:35.002191554Z,2025-10-12T10:18:51.59570441Z,2025-10-12T10:19:39.061809076Z,16.593513,47.466105,64.059618,0.60,10,5,30s
NGC7027,62ce524f-d629-47ab-bb17-a265401116ce,2025-10-12T10:18:36.252414313Z,2025-10-12T10:18:52.58969933Z,2025-10-12T10:19:46.63831704Z,16.337285,54.048618,70.385903,0.60,10,6,30s
NGC7021,1157674d-01a3-481c-8201-e21787825c17,2025-10-12T10:18:38.606903626Z,2025-10-12T10:19:03.779134127Z,2025-10-12T10:19:45.34530891Z,25.172231,41.566175,66.738405,0.60,10,7,30s
NGC7022,f24e08e2-50dd-4cac-8920-e4dedda15bae,2025-10-12T10:18:39.106722802Z,2025-10-12T10:19:04.241916483Z,2025-10-12T10:19:47.909885897Z,25.135194,43.667969,68.803163,0.60,10,8,30s
NGC7027,d1db0aae-84a2-4504-b08b-d450513982df,2025-10-12T10:18:42.417705971Z,2025-10-12T10:19:06.45152373Z,2025-10-12T10:19:50.207854447Z,24.033818,43.756331,67.790148,0.60,10,8,30s
NGC7022,94815029-3803-407e-94c6-a49ad3dd6553,2025-10-12T10:18:43.996090361Z,2025-10-12T10:19:22.443336362Z,2025-10-12T10:20:11.679735941Z,38.447246,49.236400,87.683646,0.60,10,9,30s
NGC7021,9255d70e-bcd2-4bab-83d8-f3d7631f7c49,2025-10-12T10:18:44.563942735Z,2025-10-12T10:19:32.478648488Z,2025-10-12T10:20:29.037231221Z,47.914706,56.558583,104.473288,0.60,10,10,30s
NGC7027,87a8010b-6279-4a93-9bf6-172e279a30f3,2025-10-12T10:18:45.432923039Z,2025-10-12T10:19:36.44583213Z,2025-10-12T10:20:32.622823855Z,51.012909,56.176992,107.189901,0.60,10,11,30s
NGC7022,570babfd-2d96-4b4f-99c4-7f6012992ff6,2025-10-12T10:18:47.95879806Z,2025-10-12T10:19:37.879252957Z,2025-10-12T10:20:27.613528327Z,49.920455,49.734275,99.654730,0.60,10,11,30s
NGC7021,d1215330-5b38-4494-9f4a-c247f0ee3e57,2025-10-12T10:18:49.003333951Z,2025-10-12T10:19:39.639773821Z,2025-10-12T10:20:31.351646154Z,50.636440,51.711872,102.348312,0.60,10,11,30s
NGC7027,49681fd3-9b19-4ca4-b9e4-d77046ba3471,2025-10-12T10:18:49.759385995Z,2025-10-12T10:19:45.681753422Z,2025-10-12T10:20:41.477217921Z,55.922367,55.795464,111.717832,0.60,10,12,30s
NGC7022,f43b59b6-aba7-401c-811e-f5aa064c1a3f,2025-10-12T10:18:50.203030553Z,2025-10-12T10:19:47.887153617Z,2025-10-12T10:20:33.900232339Z,57.684123,46.013079,103.697202,0.60,10,13,30s
NGC7028,0f56bd1e-da16-43ae-a710-4e4249703d1b,2025-10-12T10:18:53.410315942Z,2025-10-12T10:19:51.667406988Z,2025-10-12T10:20:38.186520354Z,58.257091,46.519113,104.776204,0.60,10,10,30s
NGC7021,6ed16ee9-b884-41f0-9cbe-ed78588c1423,2025-10-12T10:18:53.421257266Z,2025-10-12T10:19:59.439446151Z,2025-10-12T10:20:46.874147196Z,66.018189,47.434701,113.452890,0.60,10,11,30s
NGC7027,a5a69b54-de76-45b6-bda8-dc771bc38d11,2025-10-12T10:18:54.35144689Z,2025-10-12T10:20:04.575310043Z,2025-10-12T10:20:57.982172431Z,70.223863,53.406862,123.630726,0.60,10,12,30s
NGC7022,f79300c3-e3cd-42d0-a6c4-79baacbd55ed,2025-10-12T10:18:57.02920587Z,2025-10-12T10:20:19.544501957Z,2025-10-12T10:21:04.275982365Z,82.515296,44.731480,127.246776,0.60,10,13,30s
NGC7021,7af3488e-fadf-41aa-99b1-49697c703551,2025-10-12T10:19:00.761335712Z,2025-10-12T10:20:36.003001859Z,2025-10-12T10:21:23.894646076Z,95.241666,47.891644,143.133310,0.59,10,14,30s
NGC7028,6e46665b-b3f0-43b6-81bb-6a57d4384f73,2025-10-12T10:19:00.793353011Z,2025-10-12T10:20:37.567325872Z,2025-10-12T10:21:27.463148681Z,96.773973,49.895823,146.669796,0.60,10,15,30s
NGC7022,78ff18d8-5a27-453f-a666-098bc8a14af9,2025-10-12T10:19:02.658141965Z,2025-10-12T10:20:41.742490333Z,2025-10-12T10:21:36.881981542Z,99.084348,55.139491,154.223840,0.60,10,16,30s
NGC7027,8e55f56c-8bce-4936-a122-ae1777cedc46,2025-10-12T10:19:03.376930342Z,2025-10-12T10:20:42.590228227Z,2025-10-12T10:21:42.211443009Z,99.213298,59.621215,158.834513,0.60,10,17,30s
NGC7028,326b0dd9-921e-46a0-a9d3-cd9a0617ed35,2025-10-12T10:19:06.107178478Z,2025-10-12T10:20:44.07706519Z,2025-10-12T10:21:43.796983362Z,97.969887,59.719918,157.689805,0.60,10,16,30s
NGC7021,cede2581-7d70-401c-8005-e779ddbe9895,2025-10-12T10:19:06.704945803Z,2025-10-12T10:20:46.805143233Z,2025-10-12T10:21:45.73496199Z,100.100197,58.929819,159.030016,0.60,10,16,30s
NGC7027,60feb627-7fce-45af-b6ac-0ffb01848655,2025-10-12T10:19:07.557660468Z,2025-10-12T10:20:47.808543156Z,2025-10-12T10:21:40.60471616Z,100.250883,52.796173,153.047056,0.60,10,17,30s
NGC7022,7c30e761-0a5a-4735-acfa-47d0c47dd928,2025-10-12T10:19:07.587091843Z,2025-10-12T10:20:50.59575363Z,2025-10-12T10:21:48.615424857Z,103.008662,58.019671,161.028333,0.60,10,18,30s
NGC7021,374f1643-9cd9-4303-a22e-6b937ce8b66a,2025-10-12T10:19:08.695940963Z,2025-10-12T10:21:07.705170177Z,2025-10-12T10:21:50.113656636Z,119.009229,42.408486,161.417716,0.59,10,19,30s
NGC7028,bd85579a-3b0f-4807-8637-9c414080bbff,2025-10-12T10:19:09.762652811Z,2025-10-12T10:21:16.674974489Z,2025-10-12T10:22:03.623411831Z,126.912322,46.948437,173.860759,0.60,10,20,30s
NGC7022,d6324e24-d3dc-458f-b2ea-b292dec95ec0,2025-10-12T10:19:12.762530123Z,2025-10-12T10:21:33.150313823Z,2025-10-12T10:22:27.530578838Z,140.387784,54.380265,194.768049,0.60,10,21,30s
NGC7022,ab55fe1e-5555-49ea-b003-eaf0e18a3180,2025-10-12T10:19:14.081839261Z,2025-10-12T10:21:37.696859249Z,2025-10-12T10:22:34.122205567Z,143.615020,56.425346,200.040366,0.60,10,22,30s
NGC7027,b063dd87-fb48-4c94-afa7-af219f91f458,2025-10-12T10:19:15.841953179Z,2025-10-12T10:21:42.869301085Z,2025-10-12T10:22:40.738312339Z,147.027348,57.869011,204.896359,0.60,10,23,30s
NGC7021,79c4e88b-4070-409c-ae55-51b7bd4f58da,2025-10-12T10:19:17.634091001Z,2025-10-12T10:21:43.716071746Z,2025-10-12T10:22:36.691804278Z,146.081981,52.975733,199.057713,0.60,10,24,30s
NGC7022,01c5d504-b359-43d1-a73a-edbe846eb390,2025-10-12T10:19:19.470684468Z,2025-10-12T10:21:43.935063308Z,2025-10-12T10:22:24.974642188Z,144.464379,41.039579,185.503958,0.60,10,25,30s
NGC7021,8898101f-62f8-4a8c-ba49-505964e7378c,2025-10-12T10:19:23.249409243Z,2025-10-12T10:21:44.220994171Z,2025-10-12T10:22:26.254816854Z,140.971585,42.033823,183.005408,0.60,10,25,30s
NGC7029,229b080f-087c-4b2c-9b3f-c472d84eff27,2025-10-12T10:19:25.298910225Z,2025-10-12T10:21:44.886205076Z,2025-10-12T10:22:31.131123465Z,139.587295,46.244918,185.832213,0.60,10,26,30s
NGC7028,9da99b52-750b-442a-ad42-7c76bcfd8482,2025-10-12T10:19:25.940873094Z,2025-10-12T10:21:45.713793569Z,2025-10-12T10:22:38.863640195Z,139.772920,53.149847,192.922767,0.60,10,27,30s
NGC7027,b83b09dd-56cb-4637-8c60-35e44c699283,2025-10-12T10:19:27.357963042Z,2025-10-12T10:21:58.812544363Z,2025-10-12T10:22:41.997551125Z,151.454581,43.185007,194.639588,0.60,10,28,30s
NGC7029,ca277f43-2df2-454b-876a-22a8a71f1d74,2025-10-12T10:19:27.653248114Z,2025-10-12T10:22:09.818543701Z,2025-10-12T10:22:51.517576586Z,162.165296,41.699033,203.864328,0.60,10,29,30s
NGC7022,2f4d8966-4fc4-42c8-85c8-38df8b482175,2025-10-12T10:19:27.865295988Z,2025-10-12T10:22:30.254643122Z,2025-10-12T10:23:28.770705135Z,182.389347,58.516062,240.905409,0.59,10,30,30s
NGC7028,61785010-aa84-4238-a118-417a736616fa,2025-10-12T10:19:28.014019935Z,2025-10-12T10:22:30.283969802Z,2025-10-12T10:23:21.500154012Z,182.269950,51.216184,233.486134,0.60,10,31,30s
NGC7021,86e7b919-ef09-4d36-9c90-a9fe72707391,2025-10-12T10:19:28.076050683Z,2025-10-12T10:22:30.802885921Z,2025-10-12T10:23:09.349859693Z,182.726835,38.546974,221.273809,0.60,10,32,30s
NGC7029,4624fda1-cfac-4c53-b2fd-c7713736e26e,2025-10-12T10:19:31.565597858Z,2025-10-12T10:22:30.8021338Z,2025-10-12T10:23:11.891078737Z,179.236536,41.088945,220.325481,0.60,10,33,30s
NGC7022,f4334620-af21-4603-82a9-2eb44db10c08,2025-10-12T10:19:31.569088971Z,2025-10-12T10:22:30.959217325Z,2025-10-12T10:23:22.891778713Z,179.390128,51.932561,231.322690,0.60,10,33,30s
NGC7027,cb5c16d2-5db9-41c3-869b-f6375b3854ab,2025-10-12T10:19:31.655290376Z,2025-10-12T10:22:31.035256514Z,2025-10-12T10:23:08.037451806Z,179.379966,37.002195,216.382161,0.60,10,35,30s
NGC7021,fbf6a67d-7d61-4670-8083-5834fa4dfd18,2025-10-12T10:19:33.1302349Z,2025-10-12T10:22:31.806253469Z,2025-10-12T10:23:10.616895919Z,178.676019,38.810642,217.486661,0.60,10,35,30s
NGC7028,b9163820-0432-4217-8330-70f1ba97f19b,2025-10-12T10:19:35.118209332Z,2025-10-12T10:22:33.942469553Z,2025-10-12T10:23:14.18226943Z,178.824260,40.239800,219.064060,0.60,10,36,30s
NGC7021,3aa73f95-5b46-4e00-b241-0b3eeb19aff5,2025-10-12T10:19:39.137650079Z,2025-10-12T10:22:40.946669489Z,2025-10-12T10:23:27.499482108Z,181.809019,46.552813,228.361832,0.60,10,35,30s
NGC7027,ce504d2c-a582-4292-b99c-69efa7334d6b,2025-10-12T10:19:39.247126904Z,2025-10-12T10:22:56.924131362Z,2025-10-12T10:23:35.13020962Z,197.677004,38.206078,235.883083,0.60,10,36,30s
NGC7022,8e3eefbc-8590-4858-acfc-9b1e91509352,2025-10-12T10:19:39.595289779Z,2025-10-12T10:23:16.870316222Z,2025-10-12T10:23:51.460838339Z,217.275026,34.590522,251.865549,0.59,10,37,30s
NGC7028,a979b3d0-d120-46e7-88f4-287c556396be,2025-10-12T10:19:39.790506724Z,2025-10-12T10:23:17.104297626Z,2025-10-12T10:24:09.419409491Z,217.313791,52.315112,269.628903,0.60,10,37,30s
NGC7027,788e2f50-388a-4b1a-8912-372dad7a1791,2025-10-12T10:19:40.858123473Z,2025-10-12T10:23:17.873437322Z,2025-10-12T10:23:55.796223072Z,217.015314,37.922786,254.938100,0.60,10,38,30s
NGC7022,e989e4b7-3835-4592-bb50-1bebd4537102,2025-10-12T10:19:41.109788866Z,2025-10-12T10:23:17.876413482Z,2025-10-12T10:24:13.170743774Z,216.766625,55.294330,272.060955,0.60,10,39,30s
NGC7029,604cd2d9-4f45-4c55-8928-393fe89bfdb8,2025-10-12T10:19:41.241349906Z,2025-10-12T10:23:19.007871171Z,2025-10-12T10:24:16.359300161Z,217.766521,57.351429,275.117950,0.60,10,40,30s
NGC7027,f417afba-020b-4fb4-8a88-c4d48c2903fd,2025-10-12T10:19:42.638180999Z,2025-10-12T10:23:20.029510764Z,2025-10-12T10:24:10.668054347Z,217.391330,50.638544,268.029873,0.60,10,41,30s
NGC7022,582f20bb-8cc7-44d1-8dab-33959ff9e551,2025-10-12T10:19:42.909217344Z,2025-10-12T10:23:20.361005872Z,2025-10-12T10:24:08.061020414Z,217.451789,47.700015,265.151803,0.60,10,42,30s
NGC7027,5e9201dd-9543-4004-8338-ab14d516b340,2025-10-12T10:19:44.205696072Z,2025-10-12T10:23:21.053563357Z,2025-10-12T10:24:01.087419295Z,216.847867,40.033856,256.881723,0.60,10,43,30s
NGC7022,7edd2fa6-d99c-43a8-aad6-1d159614577a,2025-10-12T10:19:44.421885769Z,2025-10-12T10:23:24.355021686Z,2025-10-12T10:24:11.918837737Z,219.933136,47.563816,267.496952,0.60,10,44,30s
NGC7029,6aea9ba2-bfe2-49f1-9312-f99fdf5e201b,2025-10-12T10:19:45.480405331Z,2025-10-12T10:23:40.005841632Z,2025-10-12T10:24:22.64302894Z,234.525436,42.637187,277.162624,0.60,10,45,30s
NGC7027,5baad1f1-8e25-44a8-b84d-caf2d13ae335,2025-10-12T10:19:45.725165589Z,2025-10-12T10:24:00.958317913Z,2025-10-12T10:24:36.033650941Z,255.233152,35.075333,290.308485,0.60,10,45,30s
NGC7022,a149d8ec-6dcc-4bbe-bed2-db2a9af4a3ff,2025-10-12T10:19:46.76896454Z,2025-10-12T10:24:05.975755227Z,2025-10-12T10:24:49.817271472Z,259.206791,43.841516,303.048307,0.60,10,46,30s
NGC7021,3133cc52-c32f-4638-8191-cee2b6c267b4,2025-10-12T10:19:46.988846072Z,2025-10-12T10:24:11.142370224Z,2025-10-12T10:25:09.68914202Z,264.153524,58.546772,322.700296,0.60,10,47,30s
NGC7028,3987a10b-505d-4ba3-85e9-3f6da4ca1886,2025-10-12T10:19:49.047572253Z,2025-10-12T10:24:11.470326542Z,2025-10-12T10:25:08.448192289Z,262.422754,56.977866,319.400620,0.60,10,47,30s
NGC7029,7a971eec-601b-417b-94e9-f2d0094c51da,2025-10-12T10:19:49.401711218Z,2025-10-12T10:24:13.184518996Z,2025-10-12T10:25:12.270972531Z,263.782808,59.086454,322.869261,0.60,10,48,30s
NGC7027,30143df6-7133-4c16-b6ab-8116e783b9b4,2025-10-12T10:19:49.690965246Z,2025-10-12T10:24:15.18706658Z,2025-10-12T10:25:14.854675448Z,265.496101,59.667609,325.163710,0.59,10,49,30s
NGC7021,fd3cf848-eff6-43e9-9b91-87dfa342603d,2025-10-12T10:19:49.852108301Z,2025-10-12T10:24:15.462382057Z,2025-10-12T10:25:13.565391524Z,265.610274,58.103009,323.713283,0.60,10,50,30s
NGC7022,09a96c17-c64b-4139-9c34-52a972669982,2025-10-12T10:19:50.090912272Z,2025-10-12T10:24:16.975670338Z,2025-10-12T10:25:03.529310951Z,266.884758,46.553641,313.438399,0.60,10,51,30s
NGC7028,1568ce3e-8208-4627-8ace-1cf574019825,2025-10-12T10:19:52.292117751Z,2025-10-12T10:24:18.083709407Z,2025-10-12T10:25:11.004248398Z,265.791592,52.920539,318.712131,0.60,10,51,30s
NGC7029,27cf6182-c9fc-40c1-b84a-e83beac678f5,2025-10-12T10:19:52.585572932Z,2025-10-12T10:24:31.090664715Z,2025-10-12T10:25:17.157438602Z,278.505092,46.066774,324.571866,0.60,10,52,30s
NGC7027,b88efde5-5a4b-48ac-974c-f0f00ec30f42,2025-10-12T10:19:52.830447254Z,2025-10-12T10:24:43.061327132Z,2025-10-12T10:25:26.197646871Z,290.230880,43.136320,333.367200,0.60,10,53,30s
NGC7023,861c1172-bd7c-4f59-b8ed-d1198ff8dac8,2025-10-12T10:19:53.433802139Z,2025-10-12T10:24:57.104796364Z,2025-10-12T10:25:39.358181846Z,303.670994,42.253385,345.924380,0.60,10,54,30s
NGC7022,74645353-83cd-4d9e-908e-efa6f84b9d22,2025-10-12T10:19:53.53271163Z,2025-10-12T10:25:07.074188403Z,2025-10-12T10:26:00.098838921Z,313.541477,53.024651,366.566127,0.60,10,55,30s
NGC7021,5fe03107-e375-4fe9-8bb6-21e3fc262234,2025-10-12T10:19:53.716919777Z,2025-10-12T10:25:07.54900014Z,2025-10-12T10:26:04.781963507Z,313.832080,57.232963,371.065044,0.60,10,56,30s
NGC7029,e56c38c0-1636-483f-8fec-d150c71c889f,2025-10-12T10:19:57.218439225Z,2025-10-12T10:25:08.226810802Z,2025-10-12T10:26:01.384914191Z,311.008372,53.158103,364.166475,0.60,10,57,30s
NGC7021,0396b9cb-9b87-435d-8e7a-c8f0efa7978c,2025-10-12T10:19:57.561832668Z,2025-10-12T10:25:09.151165011Z,2025-10-12T10:25:27.403646959Z,311.589332,18.252482,329.841814,0.12,10,58,30s
NGC7027,c66decdc-c18a-498d-bb02-808c3eb08f22,2025-10-12T10:19:57.941729025Z,2025-10-12T10:25:10.56775691Z,2025-10-12T10:25:58.829957171Z,312.626028,48.262200,360.888228,0.59,10,59,30s
NGC7028,83faf339-7124-4e3b-aac6-3458973ce575,2025-10-12T10:19:58.798176105Z,2025-10-12T10:25:11.27504532Z,2025-10-12T10:26:03.511146155Z,312.476869,52.236101,364.712970,0.60,10,60,30s
NGC7022,322c0cfa-66cc-4404-b1f4-73a8cb68f03b,2025-10-12T10:20:02.385126739Z,2025-10-12T10:25:11.287232604Z,2025-10-12T10:26:06.048068641Z,308.902106,54.760836,363.662942,0.60,10,60,30s
NGC7023,cfff9f8d-03a1-4a25-8862-96869885c843,2025-10-12T10:20:02.424021805Z,2025-10-12T10:25:24.198715058Z,2025-10-12T10:26:13.352281771Z,321.774693,49.153567,370.928260,0.60,10,61,30s
NGC7029,202ed923-f639-4aef-9a2f-34da34f43bd1,2025-10-12T10:20:06.7640137Z,2025-10-12T10:25:36.195707346Z,2025-10-12T10:26:22.658022652Z,329.431694,46.462315,375.894009,0.60,10,61,30s
NGC7027,1e8272c5-1aea-4dc4-8378-44dad522d180,2025-10-12T10:20:11.04882192Z,2025-10-12T10:25:38.420432302Z,2025-10-12T10:26:24.949681861Z,327.371610,46.529250,373.900860,0.60,10,62,30s
NGC7023,6c388077-207a-45a2-a66f-3958479f4585,2025-10-12T10:20:11.26782145Z,2025-10-12T10:25:48.25596458Z,2025-10-12T10:26:31.336177589Z,336.988143,43.080213,380.068356,0.60,10,63,30s
NGC7028,2c2c51fb-012d-46fc-b65b-9844e6405627,2025-10-12T10:20:11.498250844Z,2025-10-12T10:26:07.343743052Z,2025-10-12T10:26:49.678548992Z,355.845492,42.334806,398.180298,0.60,10,64,30s
NGC7022,9a4bce52-d0ab-48ca-843d-6697a35e1600,2025-10-12T10:20:12.000030006Z,2025-10-12T10:26:07.641302895Z,2025-10-12T10:26:50.971750758Z,355.641273,43.330448,398.971721,0.60,10,65,30s
NGC7029,4aa9b312-1bc9-4b4d-a9b1-9bf367ca6345,2025-10-12T10:20:13.130775947Z,2025-10-12T10:26:08.171570759Z,2025-10-12T10:26:46.695860719Z,355.040795,38.524290,393.565085,0.60,10,66,30s
NGC7028,7f394c6f-19c5-47a5-b0de-0ff62cebd64e,2025-10-12T10:20:16.055792648Z,2025-10-12T10:26:08.427820301Z,2025-10-12T10:26:48.195526436Z,352.372028,39.767706,392.139734,0.60,10,67,30s
NGC7022,dccac055-4132-4472-9216-4c422c9c5683,2025-10-12T10:20:22.708707715Z,2025-10-12T10:26:08.649310386Z,2025-10-12T10:26:28.05218569Z,345.940603,19.402875,365.343478,0.12,10,67,30s
NGC7027,3c1c1fa9-7a0a-4c60-b2ec-410b7b23900f,2025-10-12T10:20:24.788503838Z,2025-10-12T10:26:12.439768405Z,2025-10-12T10:26:52.270382937Z,347.651265,39.830615,387.481879,0.60,10,68,30s
NGC7024,6e81d9b0-7ed1-40e9-bfa4-ca55a4cacd71,2025-10-12T10:20:24.931460891Z,2025-10-12T10:26:22.32076918Z,2025-10-12T10:27:03.69701271Z,357.389308,41.376244,398.765552,0.60,10,69,30s
NGC7029,3c949428-a167-4cbe-965f-1e2f39b1110d,2025-10-12T10:20:27.578438795Z,2025-10-12T10:26:27.344320147Z,2025-10-12T10:27:08.292377365Z,359.765881,40.948057,400.713939,0.60,10,70,30s
NGC7028,12d29027-2584-455d-989a-843c5999e8de,2025-10-12T10:20:27.606469181Z,2025-10-12T10:26:28.539276056Z,2025-10-12T10:27:13.59615794Z,360.932807,45.056882,405.989689,0.60,10,71,30s
NGC7023,23ddf2df-bef2-4c40-ac35-2969ab79d4ba,2025-10-12T10:20:27.901339917Z,2025-10-12T10:26:32.689970405Z,2025-10-12T10:27:27.978919664Z,364.788630,55.288949,420.077580,0.60,10,72,30s
NGC7027,73d902eb-b777-41d4-b5b2-a26fa7237dac,2025-10-12T10:20:29.43691596Z,2025-10-12T10:26:36.356190579Z,2025-10-12T10:27:31.25999693Z,366.919275,54.903806,421.823081,0.60,10,73,30s
NGC7024,1db3a3c2-9b1f-48fc-a696-b4064ec0a8ce,2025-10-12T10:20:30.204233394Z,2025-10-12T10:26:54.740932167Z,2025-10-12T10:27:42.639796676Z,384.536699,47.898865,432.435563,0.60,10,74,30s
NGC7029,a30a9b5b-c3f9-47b6-b249-568e8ac6edb5,2025-10-12T10:20:31.15635651Z,2025-10-12T10:26:55.281665188Z,2025-10-12T10:27:48.8202033Z,384.125309,53.538538,437.663847,0.60,10,75,30s
NGC7023,89b58a03-bc67-44de-9d55-d13e5587d75f,2025-10-12T10:20:31.399317315Z,2025-10-12T10:26:56.419204632Z,2025-10-12T10:27:50.464394477Z,385.019887,54.045190,439.065077,0.60,10,76,30s
NGC7028,3d3918dd-cbb1-43c6-8037-c575f5e81dd4,2025-10-12T10:20:34.089539727Z,2025-10-12T10:26:57.515534265Z,2025-10-12T10:27:46.293076662Z,383.425995,48.777542,432.203537,0.60,10,77,30s
NGC7029,ff53789f-b878-4f63-baee-e27fe731226d,2025-10-12T10:20:34.22110179Z,2025-10-12T10:26:58.569943041Z,2025-10-12T10:27:47.562452264Z,384.348841,48.992509,433.341350,0.60,10,78,30s
NGC7027,19afb35e-780e-42db-a223-3ba56311c3d7,2025-10-12T10:20:34.691900632Z,2025-10-12T10:27:10.453230521Z,2025-10-12T10:27:54.724260739Z,395.761330,44.271030,440.032360,0.60,10,79,30s
NGC7023,e9d625a2-ac50-4c18-88c8-c85f303a4d5f,2025-10-12T10:20:34.963245432Z,2025-10-12T10:27:16.445880431Z,2025-10-12T10:28:00.042011026Z,401.482635,43.596131,445.078766,0.60,10,80,30s
NGC7024,2af14edc-3a43-4ead-8d4c-c03d11e1c0f2,2025-10-12T10:20:35.815702542Z,2025-10-12T10:27:21.6454193Z,2025-10-12T10:28:05.378690014Z,405.829717,43.733271,449.562987,0.60,10,81,30s
NGC7029,290f20a8-1091-4773-9511-0d97ff93de9e,2025-10-12T10:20:37.331930446Z,2025-10-12T10:27:38.831393252Z,2025-10-12T10:28:31.553859775Z,421.499463,52.722467,474.221929,0.60,10,81,30s
NGC7027,7bf1d4c1-f58b-4f8e-a327-3bbf63041a9e,2025-10-12T10:20:38.374173921Z,2025-10-12T10:27:41.495368432Z,2025-10-12T10:28:32.821212374Z,423.121195,51.325844,474.447038,0.60,10,81,30s
NGC7028,231a5311-90b8-44bd-aca7-f11c7634203b,2025-10-12T10:20:39.248533006Z,2025-10-12T10:27:47.450840452Z,2025-10-12T10:28:43.11020635Z,428.202307,55.659366,483.861673,0.60,10,82,30s
NGC7023,11e62049-2f0d-402e-ac36-587cfe40b605,2025-10-12T10:20:41.545991646Z,2025-10-12T10:27:47.735678232Z,2025-10-12T10:28:50.29587832Z,426.189687,62.560200,488.749887,0.60,10,83,30s
NGC7024,758c548b-b060-4f19-ad81-0574778ab597,2025-10-12T10:20:46.965085913Z,2025-10-12T10:27:50.062836096Z,2025-10-12T10:28:48.684446616Z,423.097750,58.621611,481.719361,0.60,10,80,30s
NGC7028,d9c5abef-bb7a-4ac7-bdd1-1b4b959c54da,2025-10-12T10:20:47.261866869Z,2025-10-12T10:27:50.476887382Z,2025-10-12T10:28:47.42467326Z,423.215021,56.947786,480.162806,0.59,10,81,30s
NGC7029,d2734a5a-b54a-417f-a4df-c51a98264ff6,2025-10-12T10:20:47.423720273Z,2025-10-12T10:27:50.538961295Z,2025-10-12T10:28:44.407420357Z,423.115241,53.868459,476.983700,0.60,10,82,30s
NGC7023,83a0f21e-69e6-41b3-8f91-fe052d4aaf0f,2025-10-12T10:20:47.790132419Z,2025-10-12T10:28:02.544526168Z,2025-10-12T10:28:52.678775073Z,434.754394,50.134249,484.888643,0.60,10,83,30s
NGC7027,aa05892d-b78b-4384-921b-32913cbee880,2025-10-12T10:20:47.82206542Z,2025-10-12T10:28:09.546479003Z,2025-10-12T10:29:02.852390547Z,441.724414,53.305912,495.030325,0.60,10,83,30s
NGC7028,8a0cffd6-dff7-4f65-8675-dcf5741cae55,2025-10-12T10:20:49.443606989Z,2025-10-12T10:28:14.746897266Z,2025-10-12T10:29:04.128648548Z,445.303290,49.381751,494.685042,0.60,10,84,30s
NGC7023,5dcaf45b-abf3-4923-8928-43406ccbd9f5,2025-10-12T10:20:51.365773965Z,2025-10-12T10:28:41.954166198Z,2025-10-12T10:29:24.513105874Z,470.588392,42.558940,513.147332,0.60,10,84,30s
NGC7029,c92f6918-21f8-48ab-857d-ae0669fc0f15,2025-10-12T10:20:51.414970559Z,2025-10-12T10:28:43.618488188Z,2025-10-12T10:29:28.813275122Z,472.203518,45.194787,517.398305,0.60,10,85,30s
NGC7027,bdb1982b-17e2-4986-b3e8-45d9e3f58ff7,2025-10-12T10:20:51.429129508Z,2025-10-12T10:28:49.682267702Z,2025-10-12T10:29:42.980375488Z,478.253138,53.298108,531.551246,0.60,10,86,30s
NGC7025,b1c5b0a8-7f21-446b-ae8d-77fa73b992ba,2025-10-12T10:20:54.134891741Z,2025-10-12T10:28:50.151803553Z,2025-10-12T10:29:31.141088644Z,476.016912,40.989285,517.006197,0.60,10,87,30s
NGC7024,bc73881e-2b6c-4bea-b23a-25874ecc14da,2025-10-12T10:20:54.639928324Z,2025-10-12T10:28:50.546642177Z,2025-10-12T10:29:45.580813372Z,475.906714,55.034171,530.940885,0.60,10,88,30s
NGC7029,7bed9eea-8131-4d4c-9d31-7361950c78a1,2025-10-12T10:20:54.789837844Z,2025-10-12T10:28:51.563111213Z,2025-10-12T10:29:40.079181355Z,476.773273,48.516070,525.289344,0.59,10,89,30s
NGC7028,2ee64b1c-6e94-40eb-a7de-46420dcd5f8d,2025-10-12T10:20:54.814389757Z,2025-10-12T10:28:51.811720902Z,2025-10-12T10:29:44.253235518Z,476.997331,52.441515,529.438846,0.59,10,90,30s
NGC7027,de28132b-e000-496b-a7e1-55ee5fc44cde,2025-10-12T10:20:55.061111954Z,2025-10-12T10:29:02.658162383Z,2025-10-12T10:29:52.84407339Z,487.597050,50.185911,537.782961,0.60,10,91,30s
NGC7025,2342efc0-ad6c-439e-b1dc-b89c70f50865,2025-10-12T10:20:58.12216529Z,2025-10-12T10:29:05.635565315Z,2025-10-12T10:29:51.491684733Z,487.513400,45.856119,533.369519,0.60,10,92,30s
NGC7023,659a8a32-3f1a-4168-a4b6-7ae0d3e95d8c,2025-10-12T10:20:59.008122418Z,2025-10-12T10:29:08.857924285Z,2025-10-12T10:29:56.172428697Z,489.849802,47.314504,537.164306,0.60,10,93,30s
NGC7027,6174692c-618f-486c-8ce9-49020d9f0458,2025-10-12T10:20:59.341209293Z,2025-10-12T10:29:34.065019397Z,2025-10-12T10:29:49.688452388Z,514.723810,15.623433,530.347243,0.12,10,94,30s
NGC7028,370dd2c4-e991-4e29-b2b1-528b8031ff06,2025-10-12T10:20:59.476060368Z,2025-10-12T10:29:39.725941539Z,2025-10-12T10:30:32.226098841Z,520.249881,52.500157,572.750038,0.60,10,95,30s
NGC7024,7f7bc85d-57e8-45b4-83f8-faf95b266639,2025-10-12T10:21:02.119579638Z,2025-10-12T10:29:41.234069802Z,2025-10-12T10:30:40.055577999Z,519.114490,58.821508,577.935998,0.60,10,96,30s
NGC7025,eba1c030-9547-44f6-ae8c-d4e32247e5a4,2025-10-12T10:21:02.249128738Z,2025-10-12T10:29:45.635633808Z,2025-10-12T10:30:37.043572176Z,523.386505,51.407938,574.794443,0.60,10,97,30s
NGC7029,6a8701d2-bca4-4eb3-8562-5d2466fe88d6,2025-10-12T10:21:02.504899727Z,2025-10-12T10:29:46.771544078Z,2025-10-12T10:29:59.464055571Z,524.266644,12.692511,536.959156,0.60,10,98,30s
NGC7023,0659d467-9500-4fc9-888a-50de4a009567,2025-10-12T10:21:05.812303949Z,2025-10-12T10:29:47.923723832Z,2025-10-12T10:30:33.468912976Z,522.111420,45.545189,567.656609,0.60,10,99,30s
NGC7028,e88681d4-657e-495e-8d86-5c1b6d47d438,2025-10-12T10:21:06.335027836Z,2025-10-12T10:29:50.677546104Z,2025-10-12T10:30:35.359076253Z,524.342518,44.681530,569.024048,0.60,10,100,30s
NGC7025,2b68ab82-4a14-4f3c-9ac9-866ccee8b52d,2025-10-12T10:21:06.807165891Z,2025-10-12T10:29:59.139174857Z,2025-10-12T10:30:42.713367919Z,532.332009,43.574193,575.906202,0.60,10,101,30s
NGC7024,b7a97b63-888e-40f4-88b7-1e46f9a5f343,2025-10-12T10:21:07.009624743Z,2025-10-12T10:30:01.754221272Z,2025-10-12T10:30:41.311330169Z,534.744597,39.557109,574.301705,0.60,10,102,30s
NGC7029,9d43096c-5921-434a-82e3-442758b7dc2b,2025-10-12T10:21:09.320135144Z,2025-10-12T10:30:02.823757673Z,2025-10-12T10:30:25.107857731Z,533.503623,22.284100,555.787723,0.59,10,102,30s
NGC7023,a40af0c9-54ec-4e96-9550-fe30ea965e48,2025-10-12T10:21:09.746122783Z,2025-10-12T10:30:05.988391724Z,2025-10-12T10:30:44.002745024Z,536.242269,38.014353,574.256622,0.60,10,103,30s
NGC7028,be079e3f-6af3-4178-b78d-4a966608faa0,2025-10-12T10:21:10.540744676Z,2025-10-12T10:30:34.844974866Z,2025-10-12T10:31:13.733303358Z,564.304230,38.888328,603.192559,0.60,10,104,30s
NGC7025,e16e0bb1-5476-4b22-a67f-77c68a682379,2025-10-12T10:21:12.554398625Z,2025-10-12T10:30:38.058084706Z,2025-10-12T10:31:20.420717336Z,565.503686,42.362633,607.866319,0.60,10,105,30s
NGC7023,63238ac0-45e0-47c3-aee3-7584b93c3ed0,2025-10-12T10:21:18.028306976Z,2025-10-12T10:30:38.783841224Z,2025-10-12T10:31:16.131297305Z,560.755534,37.347456,598.102990,0.60,10,105,30s
NGC7029,9a45fa69-7091-4240-8b4c-69ff3e3fefff,2025-10-12T10:21:18.187739796Z,2025-10-12T10:30:38.853053065Z,2025-10-12T10:30:50.268399469Z,560.665313,11.415346,572.080660,0.60,10,106,30s
NGC7024,2adbd642-4010-4a83-8b44-9ce029312024,2025-10-12T10:21:18.193266252Z,2025-10-12T10:30:39.722065151Z,2025-10-12T10:31:21.774837884Z,561.528799,42.052773,603.581572,0.60,10,106,30s
NGC7025,2c9388ba-b634-426b-8234-7f6fba958fe8,2025-10-12T10:21:18.407940507Z,2025-10-12T10:30:41.36371706Z,2025-10-12T10:31:28.257280746Z,562.955777,46.893564,609.849340,0.60,10,108,30s
NGC7028,01660c04-5897-4e73-aeb8-7b08c9d6b442,2025-10-12T10:21:23.996640418Z,2025-10-12T10:30:41.922888758Z,2025-10-12T10:31:23.214710117Z,557.926248,41.291821,599.218070,0.60,10,109,30s
NGC7026,adc526ac-6a7f-4726-82c1-534e50e8c684,2025-10-12T10:21:24.117733718Z,2025-10-12T10:30:43.850284001Z,2025-10-12T10:31:26.546030335Z,559.732550,42.695746,602.428297,0.60,10,110,30s
NGC7025,f14ce3d6-03e1-42e2-8ba4-64b257997462,2025-10-12T10:21:25.444668647Z,2025-10-12T10:30:48.242120594Z,2025-10-12T10:31:29.51785725Z,562.797452,41.275737,604.073189,0.60,10,111,30s
NGC7029,e680f83f-a630-48bf-aead-e3334cdac70d,2025-10-12T10:21:25.578757128Z,2025-10-12T10:30:51.089006283Z,2025-10-12T10:31:30.772585163Z,565.510249,39.683579,605.193828,0.60,10,112,30s
NGC7024,a8fa5ac5-b6f2-40b1-9673-a089c63715cb,2025-10-12T10:21:27.623447143Z,2025-10-12T10:31:21.841245728Z,2025-10-12T10:32:05.264138152Z,594.217799,43.422892,637.640691,0.60,10,113,30s
NGC7023,9be4c96b-b03e-485b-a58b-cb39da9fa1e4,2025-10-12T10:21:27.699737795Z,2025-10-12T10:31:21.920296838Z,2025-10-12T10:32:12.159194715Z,594.220559,50.238898,644.459457,0.60,10,114,30s
NGC7025,b2d9d263-f58f-42ba-a754-5c7f80b3b6fa,2025-10-12T10:21:31.036807298Z,2025-10-12T10:31:25.136218005Z,2025-10-12T10:32:08.82695876Z,594.099411,43.690741,637.790151,0.60,10,115,30s
NGC7029,91d0dd27-65af-44e4-9653-029267d1bcbd,2025-10-12T10:21:32.268801563Z,2025-10-12T10:31:26.791127772Z,2025-10-12T10:32:10.867757216Z,594.522326,44.076629,638.598956,0.60,10,116,30s
NGC7028,a20e41a4-4ea9-4d21-9e91-dc5d4656496c,2025-10-12T10:21:34.192540569Z,2025-10-12T10:31:26.912426531Z,2025-10-12T10:32:07.536471377Z,592.719886,40.624045,633.343931,0.60,10,116,30s
NGC7026,bf86ab30-19f1-4f1a-9f93-d35d652e6817,2025-10-12T10:21:34.672117039Z,2025-10-12T10:31:27.992298237Z,2025-10-12T10:32:18.746802717Z,593.320181,50.754504,644.074686,0.60,10,117,30s
NGC7024,1579fda3-7749-4ed9-a940-75d53b545cc5,2025-10-12T10:21:37.266726475Z,2025-10-12T10:31:28.951405858Z,2025-10-12T10:32:17.45191617Z,591.684679,48.500510,640.185190,0.60,10,118,30s
NGC7023,1aa41f9b-3ff9-401b-a69b-47d8081f4593,2025-10-12T10:21:37.622231227Z,2025-10-12T10:31:29.454538356Z,2025-10-12T10:32:13.451089483Z,591.832307,43.996551,635.828858,0.60,10,119,30s
NGC7028,d29096b5-9bde-47ec-bd89-9ff3cd1106e8,2025-10-12T10:21:38.265059331Z,2025-10-12T10:31:32.172478368Z,2025-10-12T10:32:14.896485668Z,593.907419,42.724007,636.631426,0.60,10,119,30s
NGC7025,429235b3-433d-4ee2-b266-a056b11f858d,2025-10-12T10:21:40.742418295Z,2025-10-12T10:31:32.328983408Z,2025-10-12T10:32:16.160098571Z,591.586565,43.831115,635.417680,0.60,10,120,30s
NGC7026,4c84f354-07d3-4cca-90ee-11bff65df862,2025-10-12T10:21:43.533032718Z,2025-10-12T10:32:12.003376985Z,2025-10-12T10:33:06.094839154Z,628.470344,54.091462,682.561806,0.60,10,120,30s
NGC7029,3eff03d8-31c8-49cb-a629-2797d83dc121,2025-10-12T10:21:43.704236458Z,2025-10-12T10:32:12.223226557Z,2025-10-12T10:33:13.233913855Z,628.518990,61.010687,689.529677,0.60,10,121,30s
NGC7024,0f7e3444-df03-423b-923f-694a205f779a,2025-10-12T10:21:44.644900458Z,2025-10-12T10:32:12.887585068Z,2025-10-12T10:32:51.673141535Z,628.242685,38.785556,667.028241,0.60,10,119,30s
NGC7023,6e69ce02-1434-414b-8e64-2e37ae0d7df8,2025-10-12T10:21:45.401661329Z,2025-10-12T10:32:13.015300057Z,2025-10-12T10:33:00.82317273Z,627.613639,47.807873,675.421511,0.60,10,119,30s
NGC7028,ca03d611-2059-4049-90bd-bb3ff1acb854,2025-10-12T10:21:45.66682572Z,2025-10-12T10:32:13.085149908Z,2025-10-12T10:33:16.464466408Z,627.418324,63.379317,690.797641,0.60,10,120,30s
NGC7025,89473d78-cb1b-4b78-980f-cced61ed0fe8,2025-10-12T10:21:45.849305447Z,2025-10-12T10:32:13.266504858Z,2025-10-12T10:33:14.524541128Z,627.417199,61.258036,688.675236,0.60,10,120,30s
NGC7026,f8609e5c-b1ac-4683-bf21-6292a197c634,2025-10-12T10:21:45.981152486Z,2025-10-12T10:32:13.533528824Z,2025-10-12T10:33:02.125978566Z,627.552376,48.592450,676.144826,0.60,10,121,30s
NGC7029,b173c4a1-a4ab-4d88-843b-ad918f10bae8,2025-10-12T10:21:46.706721408Z,2025-10-12T10:32:15.42581741Z,2025-10-12T10:33:18.130985651Z,628.719096,62.705168,691.424264,0.60,10,122,30s
NGC7023,d040847e-7df4-4de1-a22e-e838a357684b,2025-10-12T10:21:49.752977674Z,2025-10-12T10:32:24.093167357Z,2025-10-12T10:33:20.704332915Z,634.340190,56.611166,690.951355,0.59,10,123,30s
NGC7025,83426f7c-303b-4198-aa4d-4d6a1c96e469,2025-10-12T10:21:50.432142066Z,2025-10-12T10:32:25.111148471Z,2025-10-12T10:33:19.443345995Z,634.679006,54.332198,689.011204,0.60,10,124,30s
NGC7024,64e92cad-0da9-4183-83fb-ebd5b7d3f04a,2025-10-12T10:21:50.433520995Z,2025-10-12T10:32:59.989253197Z,2025-10-12T10:33:48.161267645Z,669.555732,48.172014,717.727747,0.60,10,124,30s
NGC7028,7bc340f6-20f7-40a1-974c-994ba4def93e,2025-10-12T10:21:51.416549216Z,2025-10-12T10:33:02.078420796Z,2025-10-12T10:33:41.635264559Z,670.661872,39.556844,710.218715,0.60,10,126,30s
NGC7029,4eeedd19-00e7-4a9f-94ce-949e5de1b025,2025-10-12T10:21:51.437723891Z,2025-10-12T10:33:02.086182333Z,2025-10-12T10:33:56.408086293Z,670.648458,54.321904,724.970362,0.60,10,127,30s
NGC7026,83a7c2fd-d13a-49c7-8cd4-ce974d71aa1d,2025-10-12T10:21:51.737304442Z,2025-10-12T10:33:02.295655599Z,2025-10-12T10:33:45.487844064Z,670.558351,43.192188,713.750540,0.60,10,128,30s
NGC7024,78682127-123e-4ae5-b4ad-66669848f8d8,2025-10-12T10:21:52.048880892Z,2025-10-12T10:33:02.603431536Z,2025-10-12T10:33:40.392207138Z,670.554551,37.788776,708.343326,0.60,10,129,30s
NGC7023,1ee2fc20-34b0-484e-ac88-f0645a07f51d,2025-10-12T10:21:52.06438459Z,2025-10-12T10:33:03.347155115Z,2025-10-12T10:33:43.417822467Z,671.282771,40.070667,711.353438,0.60,10,129,30s
NGC7025,9872b0a2-2060-4b52-b97b-d8c2dd50a24e,2025-10-12T10:21:52.343880606Z,2025-10-12T10:33:04.180236418Z,2025-10-12T10:33:49.428932945Z,671.836356,45.248697,717.085052,0.60,10,131,30s
NGC7028,acd9a61c-d654-437d-be35-9b56e7de6537,2025-10-12T10:21:53.109480893Z,2025-10-12T10:33:05.197234236Z,2025-10-12T10:33:22.800081002Z,672.087753,17.602847,689.690600,0.12,10,132,30s
NGC7020,f71e472c-425e-4122-935e-79915b8b028d,2025-10-12T10:21:53.459091403Z,2025-10-12T10:33:05.509363021Z,2025-10-12T10:33:46.900784476Z,672.050272,41.391421,713.441693,0.60,10,133,30s
NGC7026,90678622-b59f-451a-871f-3b4c2c03108a,2025-10-12T10:21:54.197717842Z,2025-10-12T10:33:08.188921409Z,2025-10-12T10:33:50.708325772Z,673.991204,42.519404,716.510608,0.60,10,134,30s
NGC7020,63d895b2-e34d-4336-9dea-3db50fceb860,2025-10-12T10:21:56.03482767Z,2025-10-12T10:33:29.239454777Z,2025-10-12T10:34:03.696044728Z,693.204627,34.456590,727.661217,0.60,10,135,30s
NGC7029,b976ecc0-966f-46ec-941b-865c7c51f108,2025-10-12T10:21:56.496484505Z,2025-10-12T10:33:43.672450266Z,2025-10-12T10:34:30.006261839Z,707.175966,46.333812,753.509777,0.60,10,136,30s
NGC7025,77248008-5fce-4471-8298-b99ba2a89f33,2025-10-12T10:21:56.622742911Z,2025-10-12T10:33:44.149672925Z,2025-10-12T10:34:22.116981895Z,707.526930,37.967309,745.494239,0.60,10,137,30s
NGC7023,117bbfcc-213b-412d-b48b-278ccd7fbc01,2025-10-12T10:21:56.948791257Z,2025-10-12T10:33:45.249798753Z,2025-10-12T10:34:23.414164857Z,708.301007,38.164366,746.465374,0.59,10,138,30s
NGC7026,ab3c34c1-c3a2-410c-864b-7732517afd57,2025-10-12T10:21:57.513180395Z,2025-10-12T10:33:45.34996352Z,2025-10-12T10:34:25.959960973Z,707.836783,40.609997,748.446781,0.60,10,139,30s
NGC7024,9bf2f4ad-95c0-4c5a-a089-3ca90d00dec1,2025-10-12T10:22:01.471388884Z,2025-10-12T10:33:45.407664916Z,2025-10-12T10:34:34.467008138Z,703.936276,49.059343,752.995619,0.60,10,139,30s
NGC7023,4ae793c7-d6e2-4f76-9d06-8310cd8d35c0,2025-10-12T10:22:01.95970436Z,2025-10-12T10:33:45.593651853Z,2025-10-12T10:34:24.706508455Z,703.633947,39.112857,742.746804,0.60,10,140,30s
NGC7020,84c6519b-d9ff-4e88-aaad-eb5d2b6777e3,2025-10-12T10:22:02.101046378Z,2025-10-12T10:33:46.087247466Z,2025-10-12T10:34:27.590679215Z,703.986201,41.503432,745.489633,0.60,10,141,30s
NGC7026,a979491e-b5cd-4192-88d2-3aed0a163d31,2025-10-12T10:22:06.647081716Z,2025-10-12T10:33:51.283377554Z,2025-10-12T10:34:35.742581902Z,704.636296,44.459204,749.095500,0.60,10,142,30s
NGC7029,4b3d7f71-771e-400c-ab9a-4f12ed6c547c,2025-10-12T10:22:06.937725391Z,2025-10-12T10:33:52.164080605Z,2025-10-12T10:34:45.103823481Z,705.226355,52.939743,758.166098,0.60,10,143,30s
NGC7025,9c4e34ee-560a-4a76-bfb0-8ff96aa5004e,2025-10-12T10:22:08.585041726Z,2025-10-12T10:34:10.378341248Z,2025-10-12T10:34:56.699068281Z,721.793300,46.320727,768.114027,0.60,10,144,30s
NGC7020,09df3b72-df14-48f2-b8a3-75b50c6889c3,2025-10-12T10:22:08.767400342Z,2025-10-12T10:34:30.217696231Z,2025-10-12T10:35:21.617942335Z,741.450296,51.400246,792.850542,0.60,10,145,30s
NGC7024,6d53db29-3ba6-4eb6-aa88-b8195f167773,2025-10-12T10:22:09.338449495Z,2025-10-12T10:34:30.348889846Z,2025-10-12T10:35:12.02927698Z,741.010440,41.680387,782.690827,0.60,10,146,30s
NGC7023,fbd17b83-da51-4eac-b923-b3856922ffad,2025-10-12T10:22:09.894430425Z,2025-10-12T10:34:32.664276876Z,2025-10-12T10:35:13.376539912Z,742.769846,40.712263,783.482109,0.60,10,146,30s
NGC7026,47e65b3a-e2b5-4a64-aa79-1a827a520954,2025-10-12T10:22:10.013497271Z,2025-10-12T10:34:33.424616489Z,2025-10-12T10:35:16.266341147Z,743.411119,42.841725,786.252844,0.60,10,147,30s
NGC7029,49a76dac-d8c2-4e56-af90-e3c15f2da726,2025-10-12T10:22:10.358275521Z,2025-10-12T10:34:33.747896989Z,2025-10-12T10:34:52.217507336Z,743.389621,18.469610,761.859232,0.12,10,148,30s
NGC7025,fbbd4910-9dc7-45d4-9aba-e8aa641b182f,2025-10-12T10:22:11.057967516Z,2025-10-12T10:34:34.188021602Z,2025-10-12T10:35:14.75369226Z,743.130054,40.565671,783.695725,0.60,10,149,30s
NGC7020,6fded076-78a5-4eb6-8dcd-6dd8a32c70a5,2025-10-12T10:22:11.244178961Z,2025-10-12T10:34:37.412006649Z,2025-10-12T10:35:24.336189919Z,746.167828,46.924183,793.092011,0.60,10,150,30s
NGC7024,d59ea696-d079-4219-a0dd-fca19e9d4c72,2025-10-12T10:22:11.398561856Z,2025-10-12T10:34:37.487177685Z,2025-10-12T10:35:23.077402572Z,746.088616,45.590225,791.678841,0.60,10,151,30s
NGC7023,335a0e6b-6649-49a7-b194-0435fbe27b51,2025-10-12T10:22:12.225969191Z,2025-10-12T10:34:54.333872542Z,2025-10-12T10:35:37.964783962Z,762.107903,43.630911,805.738815,0.60,10,152,30s
NGC7026,6aac8979-82f5-4595-9ce7-49521ca66ce0,2025-10-12T10:22:12.411760164Z,2025-10-12T10:34:59.791929958Z,2025-10-12T10:35:44.639403904Z,767.380170,44.847474,812.227644,0.60,10,153,30s
NGC7020,d77ace37-49b2-4549-9fa8-736bd4aaf40b,2025-10-12T10:22:13.114003394Z,2025-10-12T10:35:06.526817446Z,2025-10-12T10:35:55.748983708Z,773.412814,49.222166,822.634980,0.60,10,154,30s
NGC7024,b557e921-81c1-4dba-91d0-991eb37b80ea,2025-10-12T10:22:13.379919742Z,2025-10-12T10:35:19.74481547Z,2025-10-12T10:36:03.055957506Z,786.364896,43.311142,829.676038,0.59,10,155,30s
NGC7025,b57232a9-2d1d-47ef-9b09-8d901e7ca27e,2025-10-12T10:22:13.705695309Z,2025-10-12T10:35:20.473426501Z,2025-10-12T10:36:11.132753325Z,786.767731,50.659327,837.427058,0.60,10,156,30s
NGC7023,8abfbb21-60b9-482f-b3e8-ac246ee074b8,2025-10-12T10:22:22.57310631Z,2025-10-12T10:35:20.551232649Z,2025-10-12T10:36:04.346394547Z,777.978126,43.795162,821.773288,0.60,10,157,30s
NGC7024,d1b41513-2f4b-4cd6-9623-d2a5fada3d22,2025-10-12T10:22:22.783858842Z,2025-10-12T10:35:21.29500132Z,2025-10-12T10:36:13.375211909Z,778.511142,52.080211,830.591353,0.60,10,158,30s
NGC7026,0badffb0-8877-42ce-9d0a-78a9aa699e26,2025-10-12T10:22:23.422368469Z,2025-10-12T10:35:27.329906707Z,2025-10-12T10:36:07.72449962Z,783.907538,40.394593,824.302131,0.60,10,159,30s
NGC7020,2b7e4d4a-e4f3-4817-b945-87297a4ac745,2025-10-12T10:22:25.104212528Z,2025-10-12T10:35:28.604092269Z,2025-10-12T10:36:14.841573884Z,783.499880,46.237482,829.737361,0.60,10,160,30s
NGC7025,90f1f09d-b547-47ce-8a5a-f3800d0f43f8,2025-10-12T10:22:25.159186474Z,2025-10-12T10:35:33.526222272Z,2025-10-12T10:36:16.121614731Z,788.367036,42.595392,830.962428,0.59,10,161,30s
NGC7023,ddaab0b0-0c78-4636-a719-1c3dc5d96d17,2025-10-12T10:22:30.08246616Z,2025-10-12T10:35:46.4260173Z,2025-10-12T10:36:25.390002452Z,796.343551,38.963985,835.307536,0.60,10,162,30s
NGC7020,0656e7a7-aedf-427b-85c7-0f1da1abc6b3,2025-10-12T10:22:33.853417986Z,2025-10-12T10:35:53.894453235Z,2025-10-12T10:36:31.000101735Z,800.041035,37.105649,837.146684,0.60,10,156,30s
NGC7026,1904c3ac-61b1-4fbf-93e2-52ac8363179a,2025-10-12T10:22:36.541859191Z,2025-10-12T10:36:01.627216756Z,2025-10-12T10:36:39.841485094Z,805.085358,38.214268,843.299626,0.60,10,156,30s
NGC7024,8be43daa-c299-4231-a149-46e773ba2f84,2025-10-12T10:22:36.54473395Z,2025-10-12T10:36:14.675426157Z,2025-10-12T10:36:56.897182518Z,818.130692,42.221756,860.352449,0.59,10,156,30s
NGC7023,496f0ca5-28d5-413f-86ba-73e6241f4415,2025-10-12T10:22:37.752410936Z,2025-10-12T10:36:14.825817285Z,2025-10-12T10:36:51.188454019Z,817.073406,36.362637,853.436043,0.60,10,158,30s
NGC7025,69a2294a-02ac-48d5-ad36-d416a84f51ba,2025-10-12T10:22:38.095365441Z,2025-10-12T10:36:18.434657036Z,2025-10-12T10:36:59.455822697Z,820.339292,41.021166,861.360457,0.60,10,159,30s
NGC7026,a4b5ea53-37f0-4b26-979f-ef55377c1c1b,2025-10-12T10:22:39.284977813Z,2025-10-12T10:36:18.582050235Z,2025-10-12T10:36:58.182221771Z,819.297072,39.600172,858.897244,0.60,10,160,30s
NGC7020,671b6f91-1359-4c1f-8efe-044a7c5ce9a5,2025-10-12T10:22:41.934442456Z,2025-10-12T10:36:19.366352198Z,2025-10-12T10:36:55.622350475Z,817.431910,36.255998,853.687908,0.60,10,160,30s
NGC7026,c34c3a7d-e04f-4479-ba31-fd454b1dd4f7,2025-10-12T10:22:42.619041344Z,2025-10-12T10:36:19.630026159Z,2025-10-12T10:37:01.7459502Z,817.010985,42.115924,859.126909,0.60,10,161,30s
NGC7023,de266fd5-7eba-4903-877b-3e01f784f717,2025-10-12T10:22:42.972164109Z,2025-10-12T10:36:19.70968376Z,2025-10-12T10:37:03.514557702Z,816.737520,43.804874,860.542394,0.60,10,162,30s
NGC7025,bfa09863-80e3-44b0-b6d9-479359bf2636,2025-10-12T10:22:43.702085283Z,2025-10-12T10:36:37.535431363Z,2025-10-12T10:37:25.709800489Z,833.833346,48.174369,882.007715,0.59,10,163,30s
NGC7024,060b30cf-a34a-464a-a512-d90726cea200,2025-10-12T10:22:44.102721876Z,2025-10-12T10:36:38.968335702Z,2025-10-12T10:37:33.077210134Z,834.865614,54.108874,888.974488,0.60,10,164,30s
NGC7023,a08a5ada-f7d7-46d4-aa4d-c6832bf46906,2025-10-12T10:22:44.696210119Z,2025-10-12T10:36:43.724173161Z,2025-10-12T10:37:34.359564174Z,839.027963,50.635391,889.663354,0.60,10,165,30s
NGC7020,32730d8e-3f3c-4eeb-8a1e-e5a9d21a4f20,2025-10-12T10:22:46.2198204Z,2025-10-12T10:37:00.920674182Z,2025-10-12T10:37:43.079912151Z,854.700854,42.159238,896.860092,0.60,10,166,30s
NGC7026,b3ef9b57-d97e-4339-aba8-a11521fbf484,2025-10-12T10:22:47.591493186Z,2025-10-12T10:37:01.785866469Z,2025-10-12T10:37:45.561832535Z,854.194373,43.775966,897.970339,0.60,10,167,30s
NGC7023,34b1ae91-ca3b-4811-a337-80cf64cae28b,2025-10-12T10:22:48.086403912Z,2025-10-12T10:37:02.439453843Z,2025-10-12T10:37:19.674554534Z,854.353050,17.235101,871.588151,0.12,10,168,30s
NGC7024,4b9adfe6-8e21-4b9b-bd64-8b06f55bdb27,2025-10-12T10:22:48.470405095Z,2025-10-12T10:37:02.507856021Z,2025-10-12T10:37:47.24415889Z,854.037451,44.736303,898.773754,0.60,10,169,30s
NGC7025,16ab5774-7492-418c-877f-a30c35cb2dc3,2025-10-12T10:22:48.508495771Z,2025-10-12T10:37:02.644151324Z,2025-10-12T10:37:49.270661095Z,854.135656,46.626510,900.762165,0.60,10,170,30s
NGC7020,76434972-29ac-46d4-8c35-0458a9b65da9,2025-10-12T10:22:48.509198581Z,2025-10-12T10:37:06.711692684Z,2025-10-12T10:37:50.591224415Z,858.202494,43.879532,902.082026,0.60,10,170,30s
NGC7026,2d32f7b4-fa22-4af4-ae8d-17d6bca8100a,2025-10-12T10:22:49.844238814Z,2025-10-12T10:37:09.786544758Z,2025-10-12T10:37:53.35447782Z,859.942306,43.567933,903.510239,0.60,10,172,30s
NGC7024,b771967f-d6f9-4d81-be65-30180d6809de,2025-10-12T10:22:50.07009771Z,2025-10-12T10:37:31.484986504Z,2025-10-12T10:38:12.731328146Z,881.414889,41.246342,922.661230,0.60,10,173,30s
NGC7025,5df64921-24a0-43b9-832a-57ac1ce9fd60,2025-10-12T10:22:50.363051272Z,2025-10-12T10:37:34.63265683Z,2025-10-12T10:38:19.153921266Z,884.269606,44.521264,928.790870,0.60,10,174,30s
NGC7020,b7b71a88-968c-44dc-8780-192e57f5d274,2025-10-12T10:22:50.49783229Z,2025-10-12T10:37:38.078793411Z,2025-10-12T10:38:22.45903128Z,887.580961,44.380238,931.961199,0.60,10,175,30s
NGC7024,95fb5fd9-4f4b-4bdf-8b30-3c646ea2cd13,2025-10-12T10:22:53.351531592Z,2025-10-12T10:37:38.833848609Z,2025-10-12T10:38:24.206821511Z,885.482317,45.372973,930.855290,0.60,10,176,30s
NGC7026,54989720-9dd7-4a0d-a392-1eaa21401b57,2025-10-12T10:22:53.383946959Z,2025-10-12T10:37:47.022227512Z,2025-10-12T10:38:30.554758869Z,893.638281,43.532531,937.170812,0.59,10,177,30s
NGC7020,2a700074-b884-4ae6-8140-c4cbcf07605e,2025-10-12T10:22:53.773378384Z,2025-10-12T10:37:49.586682402Z,2025-10-12T10:38:32.390343829Z,895.813304,42.803661,938.616965,0.60,10,178,30s
NGC7025,96c74c92-5bfa-455f-9993-894ca388c219,2025-10-12T10:22:54.002254917Z,2025-10-12T10:37:49.70975572Z,2025-10-12T10:38:45.544573723Z,895.707501,55.834818,951.542319,0.60,10,179,30s
NGC7024,f8c69263-7b2a-4e16-a66c-fa3d0fb50463,2025-10-12T10:22:57.223194412Z,2025-10-12T10:37:49.881206035Z,2025-10-12T10:38:42.216537185Z,892.658012,52.335331,944.993343,0.60,10,179,30s
NGC7026,1927c449-b44c-470c-b38e-636ca25dce88,2025-10-12T10:22:57.346263193Z,2025-10-12T10:37:50.813775484Z,2025-10-12T10:38:38.854511653Z,893.467512,48.040736,941.508248,0.60,10,180,30s
NGC7025,532052d2-0eb8-4d90-b92a-04a45a4f0d73,2025-10-12T10:22:57.496993385Z,2025-10-12T10:38:00.911932091Z,2025-10-12T10:38:49.930515483Z,903.414939,49.018583,952.433522,0.60,10,181,30s
NGC7020,ee5be651-da5f-481f-98a9-f781b9cd49ce,2025-10-12T10:22:57.504899898Z,2025-10-12T10:38:20.694633625Z,2025-10-12T10:39:28.080920572Z,923.189734,67.386287,990.576021,0.60,10,181,30s
NGC7026,9f0d675a-6c5f-4d5b-b4ac-d8d6e809ea31,2025-10-12T10:22:59.377002342Z,2025-10-12T10:38:23.718129176Z,2025-10-12T10:39:10.615544395Z,924.341127,46.897415,971.238542,0.59,10,183,30s
NGC7024,f6290d9a-a4e9-4347-b650-0ee9cb115e14,2025-10-12T10:23:00.184817783Z,2025-10-12T10:38:32.936870232Z,2025-10-12T10:39:26.768139833Z,932.752052,53.831270,986.583322,0.60,10,184,30s
NGC7025,3d05f6b5-4ccf-4dd3-b6ce-e1e0bdbd76a8,2025-10-12T10:23:00.19754091Z,2025-10-12T10:38:33.193025524Z,2025-10-12T10:39:24.535514422Z,932.995485,51.342489,984.337974,0.60,10,185,30s
NGC7020,8a2d0ec2-7d62-406f-adbb-555d22a6014e,2025-10-12T10:23:00.209472245Z,2025-10-12T10:38:39.143865617Z,2025-10-12T10:39:29.673025949Z,938.934393,50.529160,989.463554,0.60,10,186,30s
NGC7026,9b5233f6-f735-469e-a1c9-1f2bde4baa94,2025-10-12T10:23:02.483153103Z,2025-10-12T10:38:39.688162474Z,2025-10-12T10:39:37.49917933Z,937.205009,57.811017,995.016026,0.60,10,187,30s
NGC7025,001cd3cf-d18d-4520-952d-66705616edac,2025-10-12T10:23:02.489710231Z,2025-10-12T10:38:47.907892469Z,2025-10-12T10:39:39.932718623Z,945.418182,52.024826,997.443008,0.60,10,187,30s
NGC7020,8563a380-8541-4d05-b21a-407d5aa9aeea,2025-10-12T10:23:02.555416354Z,2025-10-12T10:38:55.065888557Z,2025-10-12T10:39:36.252217977Z,952.510472,41.186329,993.696802,0.60,10,189,30s
NGC7024,301ff494-eb82-4e63-ad57-a9f141b916eb,2025-10-12T10:23:02.681478038Z,2025-10-12T10:38:56.814083522Z,2025-10-12T10:39:43.978022888Z,954.132605,47.163939,1001.296545,0.60,10,190,30s
NGC7020,e936ec7a-0db5-4077-a94a-a4fd2e3f588e,2025-10-12T10:23:05.802173344Z,2025-10-12T10:39:00.100031016Z,2025-10-12T10:39:42.726396549Z,954.297858,42.626366,996.924223,0.59,10,191,30s
NGC7025,ec9b739a-a32b-4bf5-910b-ba5813d17742,2025-10-12T10:23:06.102506433Z,2025-10-12T10:39:19.894822384Z,2025-10-12T10:40:10.527004024Z,973.792316,50.632182,1024.424498,0.60,10,192,30s
NGC7026,d79a1b95-094b-4836-acf4-9114a550e58a,2025-10-12T10:23:06.511748878Z,2025-10-12T10:39:30.067496562Z,2025-10-12T10:40:15.317204562Z,983.555748,45.249708,1028.805456,0.60,10,193,30s
NGC7024,0e6db301-9268-4c40-92c9-b6e700e0befc,2025-10-12T10:23:06.526961835Z,2025-10-12T10:39:30.314272796Z,2025-10-12T10:40:24.438496284Z,983.787311,54.124223,1037.911534,0.60,10,194,30s
NGC7020,db7548dc-b6e3-4d4b-9181-e14bc990be31,2025-10-12T10:23:07.702034264Z,2025-10-12T10:39:30.850871319Z,2025-10-12T10:40:16.595621668Z,983.148837,45.744750,1028.893587,0.60,10,195,30s
NGC7025,7d007dd6-e01a-4097-a1d0-42dde976c982,2025-10-12T10:23:10.076999156Z,2025-10-12T10:39:34.256605229Z,2025-10-12T10:40:20.369768457Z,984.179606,46.113163,1030.292769,0.60,10,196,30s
NGC7020,8f922b9b-a0c3-437f-8cf7-71b15fe711ae,2025-10-12T10:23:10.662735661Z,2025-10-12T10:39:43.192034449Z,2025-10-12T10:40:27.695660636Z,992.529299,44.503626,1037.032925,0.59,10,197,30s
NGC7026,fa811c2c-030c-46e7-9968-117f0c086e74,2025-10-12T10:23:10.673206825Z,2025-10-12T10:39:45.87191955Z,2025-10-12T10:40:28.944510413Z,995.198713,43.072591,1038.271304,0.60,10,197,30s
NGC7024,023818ce-6c7c-4626-a558-4fc2c94cdf2b,2025-10-12T10:23:10.730561974Z,2025-10-12T10:39:47.041934408Z,2025-10-12T10:40:06.158871251Z,996.311372,19.116937,1015.428309,0.12,10,199,30s
NGC7025,1dcc693e-46dd-4e81-b1a4-ebd7f1e6de07,2025-10-12T10:23:12.834867782Z,2025-10-12T10:39:48.221571647Z,2025-10-12T10:40:08.258952879Z,995.386704,20.037381,1015.424085,0.12,10,200,30s
NGC7020,38d0e6d8-5598-4c0e-bee1-9f523b7eb04d,2025-10-12T10:23:16.957007367Z,2025-10-12T10:39:50.958804772Z,2025-10-12T10:40:31.434775102Z,994.001797,40.475970,1034.477768,0.60,10,200,30s
NGC7020,118804e5-ab63-412c-afc7-ebba06186dc9,2025-10-12T10:23:19.735489209Z,2025-10-12T10:40:12.106140204Z,2025-10-12T10:40:47.56427597Z,1012.370651,35.458136,1047.828787,0.60,10,197,30s
NGC7026,db9a694b-73ce-4567-97a2-d13dca8efb8f,2025-10-12T10:23:21.789819202Z,2025-10-12T10:40:13.279869925Z,2025-10-12T10:40:45.865671395Z,1011.490051,32.585801,1044.075852,0.60,10,195,30s
NGC7020,73c86df8-3012-4c6c-90b5-c7d14a6bb2f4,2025-10-12T10:23:27.492105353Z,2025-10-12T10:40:21.014381678Z,2025-10-12T10:41:02.791120263Z,1013.522276,41.776739,1055.299015,0.60,10,195,30s
NGC7026,344bd5b3-93f4-4efe-9abd-fa536baa6a50,2025-10-12T10:23:31.542544233Z,2025-10-12T10:40:24.186981565Z,2025-10-12T10:41:14.164756226Z,1012.644437,49.977775,1062.622212,0.60,10,196,30s
NGC7020,c316cf8f-89a3-4d2c-a135-8e1d3e7f9520,2025-10-12T10:23:34.783718706Z,2025-10-12T10:40:24.96190423Z,2025-10-12T10:41:11.462512291Z,1010.178186,46.500608,1056.678794,0.60,10,197,30s
NGC7026,d28e6f7a-10fb-48e6-b4ae-8557a2f5333e,2025-10-12T10:23:38.376512343Z,2025-10-12T10:40:27.349040828Z,2025-10-12T10:41:19.063373757Z,1008.972528,51.714333,1060.686861,0.60,10,198,30s
NGC7020,8a51a12f-9b14-4465-9d12-9711a26c707c,2025-10-12T10:23:40.045372147Z,2025-10-12T10:40:28.404003815Z,2025-10-12T10:41:27.130557599Z,1008.358632,58.726554,1067.085185,0.60,10,198,30s
NGC7026,7e72f04e-f23c-47a5-8a54-d491fa8f266e,2025-10-12T10:23:43.848128354Z,2025-10-12T10:40:30.284031817Z,2025-10-12T10:41:31.455023903Z,1006.435903,61.170992,1067.606896,0.60,10,199,30s
NGC7020,4fb91375-2cca-4cd0-a500-64faf8cfd848,2025-10-12T10:23:44.381971269Z,2025-10-12T10:40:31.971218879Z,2025-10-12T10:41:28.396114848Z,1007.589248,56.424896,1064.014144,0.60,10,200,30s
NGC7026,95f58185-bb42-4850-8965-184854e7a6b1,2025-10-12T10:23:46.865831839Z,2025-10-12T10:40:35.073177001Z,2025-10-12T10:41:29.688971667Z,1008.207345,54.615795,1062.823140,0.60,10,201,30s
NGC7020,cb52d62e-bbd5-4d33-a77c-729056335aad,2025-10-12T10:23:47.261110393Z,2025-10-12T10:40:54.387963777Z,2025-10-12T10:41:32.707859529Z,1027.126853,38.319896,1065.446749,0.60,10,202,30s
NGC7026,916ac2e1-ef0c-4a9d-a2c6-0bdd202a7865,2025-10-12T10:23:49.268030729Z,2025-10-12T10:40:56.211633733Z,2025-10-12T10:41:20.171346355Z,1026.943603,23.959713,1050.903316,0.12,10,203,30s
NGC7020,ab2975d7-c649-46d3-9f44-566557f6804a,2025-10-12T10:23:51.317228499Z,2025-10-12T10:41:13.094766065Z,2025-10-12T10:41:43.578194297Z,1041.777538,30.483428,1072.260966,0.60,10,204,30s
NGC7020,2dfc3ee1-bb9d-4941-951b-aa5eaeec7a45,2025-10-12T10:23:54.244519537Z,2025-10-12T10:41:19.264152971Z,2025-10-12T10:41:35.362031237Z,1045.019633,16.097878,1061.117512,0.12,10,205,30s
NGC7021,a117cae5-16b0-41b7-83f3-3357a1193df5,2025-10-12T10:56:26.288655923Z,2025-10-12T10:56:26.520822629Z,2025-10-12T10:57:03.798053782Z,0.232167,37.277231,37.509398,0.96,8,0,45s
NGC7021,639515f3-cef1-40f3-871e-12e257ea6ed3,2025-10-12T10:56:36.068801957Z,2025-10-12T10:56:36.540161452Z,2025-10-12T10:57:21.461211769Z,0.471359,44.921050,45.392410,0.96,8,0,45s
NGC7021,45d2f309-9350-43bf-9c46-5e1caeeb4bf3,2025-10-12T10:56:40.716885339Z,2025-10-12T10:56:40.80618328Z,2025-10-12T10:57:26.052326137Z,0.089298,45.246143,45.335441,0.96,8,0,45s
NGC7021,244b4867-60df-4d8a-9e85-a59225935aae,2025-10-12T10:56:43.88938424Z,2025-10-12T10:56:44.609450799Z,2025-10-12T10:57:39.516851874Z,0.720067,54.907401,55.627468,0.96,8,0,45s
NGC7021,2a49aee6-7f7d-40ee-af05-cbd6fcdca12f,2025-10-12T10:56:49.397584409Z,2025-10-12T10:56:49.614600716Z,2025-10-12T10:57:40.877907801Z,0.217016,51.263307,51.480323,0.96,8,0,45s
NGC7021,cf49d16a-3dd2-4a1d-9d71-d6328834709e,2025-10-12T10:56:52.848007126Z,2025-10-12T10:56:53.628787973Z,2025-10-12T10:57:47.521280611Z,0.780781,53.892493,54.673273,0.96,8,0,45s
NGC7021,aed375cc-fadd-4c12-b18a-12f4e605ef2f,2025-10-12T10:56:56.822800507Z,2025-10-12T10:56:56.854910511Z,2025-10-12T10:57:51.075716491Z,0.032110,54.220806,54.252916,0.96,8,0,45s
NGC7021,02de9c3a-a285-41a9-8042-2660d321639c,2025-10-12T10:57:02.981015922Z,2025-10-12T10:57:03.651565946Z,2025-10-12T10:57:57.748059503Z,0.670550,54.096494,54.767044,0.96,8,0,45s
NGC7021,ce612765-d5fa-43ab-b05f-212b66e3ef24,2025-10-12T10:57:07.163647948Z,2025-10-12T10:57:11.637724749Z,2025-10-12T10:58:01.771548377Z,4.474077,50.133824,54.607900,0.96,8,0,45s
NGC7022,46ed415f-2acc-4974-9c64-aca1e09b8697,2025-10-12T10:57:10.335962099Z,2025-10-12T10:57:29.681916651Z,2025-10-12T10:58:08.327615308Z,19.345955,38.645699,57.991653,0.96,8,1,45s
NGC7021,349d4bd9-8494-4c9f-9bfb-81261bc84819,2025-10-12T10:57:11.099075627Z,2025-10-12T10:57:32.908191835Z,2025-10-12T10:58:21.78800148Z,21.809116,48.879810,70.688926,0.96,8,2,45s
NGC7022,8d1d4e25-446c-4a4c-a422-652fe471486d,2025-10-12T10:57:13.999476302Z,2025-10-12T10:57:42.735211527Z,2025-10-12T10:58:35.951212337Z,28.735735,53.216001,81.951736,0.96,8,2,45s
NGC7021,bd71efcb-9458-4e3b-9928-cd55b46b299a,2025-10-12T10:57:16.482065963Z,2025-10-12T10:57:43.732657845Z,2025-10-12T10:58:44.459465561Z,27.250592,60.726808,87.977400,0.95,8,3,45s
NGC7022,68003538-5676-4e20-affa-c8728f320d7e,2025-10-12T10:57:21.545779332Z,2025-10-12T10:57:49.755142518Z,2025-10-12T10:59:08.453923902Z,28.209363,78.698781,106.908145,0.96,8,4,45s
NGC7021,797ba214-0978-4cde-9786-372fb6242256,2025-10-12T10:57:23.978416188Z,2025-10-12T10:57:51.95075761Z,2025-10-12T10:59:01.919912168Z,27.972341,69.969155,97.941496,0.95,8,5,45s
NGC7022,d310f7c6-00d4-45cd-80f8-78660b6249da,2025-10-12T10:57:33.842369911Z,2025-10-12T10:57:58.75012659Z,2025-10-12T10:59:21.386882282Z,24.907757,82.636756,107.544512,0.96,8,4,45s
NGC7021,34bccd32-ec0f-44ad-9e2c-eb199e24a047,2025-10-12T10:57:36.953368828Z,2025-10-12T10:57:59.755885664Z,2025-10-12T10:59:15.798074364Z,22.802517,76.042189,98.844706,0.96,8,5,45s
NGC7021,c2c06be7-b3d9-4c33-b83b-bdad2a021ba7,2025-10-12T10:57:43.845661387Z,2025-10-12T10:58:16.812173661Z,2025-10-12T10:59:32.408642804Z,32.966512,75.596469,108.562981,0.96,8,4,45s
NGC7022,dd87f6fa-4950-46a5-af40-e717fa9d6f0b,2025-10-12T10:57:51.273040241Z,2025-10-12T10:58:28.999852729Z,2025-10-12T10:59:38.128725252Z,37.726812,69.128873,106.855685,0.96,8,4,45s
NGC7021,fe2e8644-cc65-485b-9dc2-ca86e424176e,2025-10-12T10:57:52.916616281Z,2025-10-12T10:58:43.853182297Z,2025-10-12T10:59:43.181882752Z,50.936566,59.328700,110.265266,0.96,8,4,45s
NGC7025,22048e0d-7025-4af6-adf2-c9226168118b,2025-10-12T10:57:58.76207218Z,2025-10-12T10:58:53.891488799Z,2025-10-12T10:59:49.078849988Z,55.129417,55.187361,110.316778,0.96,8,4,45s
NGC7022,1fab1239-1516-4d9b-8d56-9218bca6690a,2025-10-12T10:58:02.438641772Z,2025-10-12T10:59:08.079965376Z,2025-10-12T10:59:51.137717769Z,65.641324,43.057752,108.699076,0.96,8,4,45s
NGC7021,a2ebef84-3e3c-4dd8-a70f-923e7c54f76d,2025-10-12T10:58:04.392065955Z,2025-10-12T10:59:14.925866616Z,2025-10-12T10:59:54.521911509Z,70.533801,39.596045,110.129846,0.96,8,5,45s
NGC7025,1890d7c8-bcb6-4cbd-b48a-0292070ed37b,2025-10-12T10:58:07.216358326Z,2025-10-12T10:59:24.925298553Z,2025-10-12T11:00:09.985178191Z,77.708940,45.059880,122.768820,0.96,8,6,45s
NGC7022,ec69e884-d093-40c6-9861-7952e47e0897,2025-10-12T10:58:10.40484856Z,2025-10-12T10:59:27.887234224Z,2025-10-12T11:00:18.562383803Z,77.482386,50.675150,128.157535,0.96,8,7,45s
NGC7021,349a6e2e-5751-466f-a9f2-9c6873b0f3f6,2025-10-12T10:58:10.486064847Z,2025-10-12T10:59:34.998002452Z,2025-10-12T11:00:29.318012568Z,84.511938,54.320010,138.831948,0.96,8,8,45s
NGC7025,10d947ff-a998-4057-bf2d-45b2ce81a6ea,2025-10-12T10:58:14.443340262Z,2025-10-12T10:59:40.130811018Z,2025-10-12T11:00:42.318142571Z,85.687471,62.187332,147.874802,0.96,8,9,45s
NGC7022,511b57c2-acc5-4783-9bca-127c421a056e,2025-10-12T10:58:16.094297267Z,2025-10-12T10:59:44.006647918Z,2025-10-12T11:00:47.260040879Z,87.912351,63.253393,151.165744,0.96,8,10,45s
NGC7025,12c05055-71e1-491d-86e1-7dc11889ccbd,2025-10-12T10:58:18.11814566Z,2025-10-12T10:59:50.038049683Z,2025-10-12T11:00:59.486091233Z,91.919904,69.448042,161.367946,0.96,8,10,45s
NGC7022,a66daa6e-ad87-41b2-bea6-6ed1c912521a,2025-10-12T10:58:18.861725352Z,2025-10-12T10:59:53.219125404Z,2025-10-12T11:01:02.211322393Z,94.357400,68.992197,163.349597,0.96,8,11,45s
NGC7022,6b6dd3b8-6b3f-49a6-823a-cec4f7e7d343,2025-10-12T10:58:23.675304095Z,2025-10-12T10:59:57.129277049Z,2025-10-12T11:01:06.381759421Z,93.453973,69.252482,162.706455,0.96,8,12,45s
NGC7025,cdcd1399-965c-45ad-9a97-bfeaccb5ccec,2025-10-12T10:58:26.296764764Z,2025-10-12T11:00:18.067902936Z,2025-10-12T11:01:18.392149362Z,111.771138,60.324246,172.095385,0.96,8,13,45s
NGC7022,86876615-4b72-4684-8ab4-6c81968440b0,2025-10-12T10:58:33.694268055Z,2025-10-12T11:00:28.027962633Z,2025-10-12T11:01:20.030440681Z,114.333695,52.002478,166.336173,0.95,8,13,45s
NGC7025,a5e1595f-622c-45d6-abe8-92972475344f,2025-10-12T10:58:34.841685687Z,2025-10-12T11:00:38.124114037Z,2025-10-12T11:01:27.575327335Z,123.282428,49.451213,172.733642,0.96,8,14,45s
NGC7022,ef9e3de8-f4b0-4616-9276-511dfdd46756,2025-10-12T10:58:39.102930586Z,2025-10-12T11:00:50.240143475Z,2025-10-12T11:01:55.388187018Z,131.137213,65.148044,196.285256,0.95,8,15,45s
NGC7028,10996153-f101-497e-acdf-a8e9f2f54b43,2025-10-12T10:58:40.308905803Z,2025-10-12T11:00:52.107615872Z,2025-10-12T11:02:06.155480524Z,131.798710,74.047865,205.846575,0.96,8,16,45s
NGC7025,2db072e8-296a-468e-a772-e85bfe413a59,2025-10-12T10:58:40.762147108Z,2025-10-12T11:00:59.143099117Z,2025-10-12T11:02:13.17717823Z,138.380952,74.034079,212.415031,0.96,8,17,45s
NGC7022,e05c52e5-f482-4a06-8bc0-63ab850a259a,2025-10-12T10:58:44.906095912Z,2025-10-12T11:01:00.363969696Z,2025-10-12T11:02:14.528720916Z,135.457874,74.164751,209.622625,0.96,8,17,45s
NGC7028,4d5d40a7-64fd-4e22-99c5-f76a9de2f11a,2025-10-12T10:58:46.166759107Z,2025-10-12T11:01:03.230955206Z,2025-10-12T11:02:17.257394254Z,137.064196,74.026439,211.090635,0.96,8,18,45s
NGC7025,62f5b644-b284-4b94-9d5c-48bdd134149c,2025-10-12T10:58:46.494724083Z,2025-10-12T11:01:23.172939061Z,2025-10-12T11:02:44.033341586Z,156.678215,80.860403,237.538618,0.96,8,19,45s
NGC7022,6c21e482-0973-454d-a164-61381e6b3282,2025-10-12T10:58:49.102422428Z,2025-10-12T11:01:23.218385462Z,2025-10-12T11:02:31.66200449Z,154.115963,68.443619,222.559582,0.96,8,20,45s
NGC7028,f4332977-985d-4bce-8b2f-02c16fe01af1,2025-10-12T10:58:51.63802382Z,2025-10-12T11:01:37.228177238Z,2025-10-12T11:02:47.488023392Z,165.590153,70.259846,235.850000,0.96,8,21,45s
NGC7025,4d0c4337-a3f6-4174-aeba-2decaf9fdaaf,2025-10-12T10:58:53.131974502Z,2025-10-12T11:02:04.454227692Z,2025-10-12T11:03:09.913335329Z,191.322253,65.459108,256.781361,0.96,8,22,45s
NGC7022,99d9c3cb-6f34-483b-8329-349c39c80214,2025-10-12T10:58:54.907391331Z,2025-10-12T11:02:08.270165392Z,2025-10-12T11:03:17.648701125Z,193.362774,69.378536,262.741310,0.96,8,22,45s
NGC7028,08cd2b43-5213-4a93-a8ad-9b1a2fc8ff2a,2025-10-12T10:59:04.006467931Z,2025-10-12T11:02:16.327898943Z,2025-10-12T11:03:31.492240562Z,192.321431,75.164342,267.485773,0.96,8,23,45s
NGC7025,dc847f7b-df6f-41a4-8425-6a3343ec04ea,2025-10-12T10:59:04.130248474Z,2025-10-12T11:02:16.507567652Z,2025-10-12T11:03:51.398067339Z,192.377319,94.890500,287.267819,0.96,8,24,45s
NGC7022,284ef3bb-cfa7-4982-bc0c-7788a2fe6709,2025-10-12T10:59:08.645420238Z,2025-10-12T11:02:18.391148661Z,2025-10-12T11:03:29.082080823Z,189.745728,70.690932,260.436661,0.96,8,24,45s
NGC7028,1b57733c-ad0a-40ef-acce-fb8960a86e52,2025-10-12T10:59:13.575208009Z,2025-10-12T11:02:25.465829647Z,2025-10-12T11:03:48.655327067Z,191.890622,83.189497,275.080119,0.96,8,25,45s
NGC7025,b076ed9f-344e-43b5-895f-e76bc6d48281,2025-10-12T10:59:16.758006308Z,2025-10-12T11:02:26.383171874Z,2025-10-12T11:03:45.43772195Z,189.625166,79.054550,268.679716,0.95,8,25,45s
NGC7022,04f82744-d730-4fb6-8b72-979d3002854f,2025-10-12T10:59:17.788899189Z,2025-10-12T11:02:44.411307635Z,2025-10-12T11:03:55.995541573Z,206.622408,71.584234,278.206642,0.96,8,26,45s
NGC7025,8dcd3696-2fab-4ba4-8a5a-d9aab5221ba9,2025-10-12T10:59:21.600877186Z,2025-10-12T11:03:15.617141753Z,2025-10-12T11:04:29.109310616Z,234.016265,73.492169,307.508433,0.95,8,27,45s
NGC7028,0b3ecc47-e97a-43dc-adfb-aea20eb21855,2025-10-12T10:59:22.592545722Z,2025-10-12T11:03:25.410509291Z,2025-10-12T11:04:34.483459393Z,242.817964,69.072950,311.890914,0.96,8,28,45s
NGC7023,0e39ae1d-f801-4aaa-bf55-b1b535da859c,2025-10-12T10:59:25.580103666Z,2025-10-12T11:03:39.54011439Z,2025-10-12T11:04:57.660827765Z,253.960011,78.120713,332.080724,0.96,8,28,45s
NGC7025,40dc3955-0b40-404b-b17f-5c2772e1e203,2025-10-12T10:59:28.180153734Z,2025-10-12T11:03:41.543857406Z,2025-10-12T11:05:00.997527912Z,253.363704,79.453671,332.817374,0.96,8,28,45s
NGC7028,a67aa98d-7dbd-422c-835b-43591e19b2eb,2025-10-12T10:59:29.858382114Z,2025-10-12T11:03:44.547846589Z,2025-10-12T11:05:06.441664574Z,254.689464,81.893818,336.583282,0.96,8,29,45s
NGC7023,700e3a0d-2670-47b2-b2d6-077e4ac5449c,2025-10-12T10:59:32.973979368Z,2025-10-12T11:03:46.62796725Z,2025-10-12T11:05:12.329152119Z,253.653988,85.701185,339.355173,0.96,8,30,45s
NGC7025,2575e6b0-ae93-47ba-b4d4-07e41b1515b2,2025-10-12T10:59:37.830308857Z,2025-10-12T11:03:47.684158162Z,2025-10-12T11:05:15.730700885Z,249.853849,88.046543,337.900392,0.96,8,30,45s
NGC7028,c0b0a2d7-a2f4-49ba-b88b-e1a23910b793,2025-10-12T10:59:41.055006888Z,2025-10-12T11:03:56.572310209Z,2025-10-12T11:05:17.415075928Z,255.517303,80.842766,336.360069,0.96,8,30,45s
NGC7023,a35e091e-6013-44b2-ab8f-90222086b1cb,2025-10-12T10:59:43.294722343Z,2025-10-12T11:04:35.76803672Z,2025-10-12T11:05:54.155085967Z,292.473314,78.387049,370.860364,0.96,8,31,45s
NGC7025,a6c5d6c7-3043-4638-91f1-bf13455c25e8,2025-10-12T10:59:44.33946745Z,2025-10-12T11:04:42.58819735Z,2025-10-12T11:05:52.426330381Z,298.248730,69.838133,368.086863,0.96,8,31,45s
NGC7028,8eca0113-62c7-4139-bf50-cfaef9dd7e0e,2025-10-12T10:59:45.056113256Z,2025-10-12T11:05:05.711317414Z,2025-10-12T11:06:14.834553942Z,320.655204,69.123237,389.778441,0.96,8,32,45s
NGC7023,45e6b8fa-b9d2-40cf-833a-504fd62ee154,2025-10-12T10:59:45.46328287Z,2025-10-12T11:05:06.7062245Z,2025-10-12T11:06:19.061975904Z,321.242942,72.355751,393.598693,0.96,8,33,45s
NGC7025,9e8b819e-4857-47e1-bee3-9949ac98edda,2025-10-12T10:59:49.56499755Z,2025-10-12T11:05:08.683277142Z,2025-10-12T11:06:17.500266199Z,319.118280,68.816989,387.935269,0.96,8,34,45s
NGC7023,d6b5bd63-d4a1-4c2f-98f6-a354e4c5175b,2025-10-12T10:59:51.074936291Z,2025-10-12T11:05:08.785655314Z,2025-10-12T11:06:28.71622985Z,317.710719,79.930575,397.641294,0.96,8,34,45s
NGC7028,eb91ff1c-f4e2-4a9c-bf2c-488594c9702b,2025-10-12T10:59:51.398693406Z,2025-10-12T11:05:09.824133344Z,2025-10-12T11:06:27.052723429Z,318.425440,77.228590,395.654030,0.96,8,35,45s
NGC7025,bf779449-31d6-43e1-a6d2-074e62e813ad,2025-10-12T10:59:54.381860396Z,2025-10-12T11:05:13.763079127Z,2025-10-12T11:06:24.34488178Z,319.381219,70.581803,389.963021,0.96,8,35,45s
NGC7028,b6160946-569b-43c8-a689-10f7e9c6c7d5,2025-10-12T10:59:56.605073087Z,2025-10-12T11:05:58.769358637Z,2025-10-12T11:07:04.318503321Z,362.164286,65.549145,427.713430,0.95,8,36,45s
NGC7023,c5a6d28a-21aa-4d6b-9711-69e9194a9726,2025-10-12T10:59:57.281576152Z,2025-10-12T11:05:58.923111344Z,2025-10-12T11:06:58.252881311Z,361.641535,59.329770,420.971305,0.96,8,36,45s
NGC7028,241ec0c2-5665-4c5a-95a7-f63cf59032c1,2025-10-12T11:00:12.61094066Z,2025-10-12T11:06:22.822875001Z,2025-10-12T11:07:41.678292872Z,370.211934,78.855418,449.067352,0.95,8,37,45s
NGC7023,b3c93f83-7d7d-4844-9edb-acae25b7f57d,2025-10-12T11:00:15.124380397Z,2025-10-12T11:06:23.879847801Z,2025-10-12T11:07:45.662558615Z,368.755467,81.782711,450.538178,0.96,8,38,45s
NGC7024,8094cbe8-d66c-4d6a-8e54-40f8509dfba7,2025-10-12T11:00:16.273237396Z,2025-10-12T11:06:24.867862969Z,2025-10-12T11:07:47.034891604Z,368.594626,82.167029,450.761654,0.96,8,39,45s
NGC7024,4bb5ad99-ef9a-4006-a6f0-5821d857f8b1,2025-10-12T11:00:26.595085104Z,2025-10-12T11:06:25.018094473Z,2025-10-12T11:07:51.094120144Z,358.423009,86.076026,444.499035,0.96,8,39,45s
NGC7023,24b4b18a-4c1c-4918-9dda-7e83ab99fec2,2025-10-12T11:00:29.969690313Z,2025-10-12T11:06:25.937886951Z,2025-10-12T11:07:52.48883802Z,355.968197,86.550951,442.519148,0.96,8,39,45s
NGC7028,ac713eda-a359-4eab-92b2-a968fa30b775,2025-10-12T11:00:31.515480398Z,2025-10-12T11:06:26.939008591Z,2025-10-12T11:07:48.381376908Z,355.423528,81.442368,436.865897,0.96,8,40,45s
NGC7023,8d163ce6-7ba2-4afd-b386-5a20c83cf97b,2025-10-12T11:00:34.996555142Z,2025-10-12T11:07:08.103360095Z,2025-10-12T11:08:12.028760387Z,393.106805,63.925400,457.032205,0.96,8,41,45s
NGC7024,271b9b7f-3437-43f7-82cd-b9898d144ab7,2025-10-12T11:00:40.49624233Z,2025-10-12T11:07:12.285106308Z,2025-10-12T11:08:26.279424524Z,391.788864,73.994318,465.783182,0.96,8,41,45s
NGC7028,7a61c33d-1b17-4555-bc28-0519fca414a7,2025-10-12T11:00:42.864308625Z,2025-10-12T11:07:45.93874221Z,2025-10-12T11:08:53.811251597Z,423.074434,67.872509,490.946943,0.96,8,42,45s
NGC7023,5575aca4-8953-48f5-90da-b54810c7aa88,2025-10-12T11:00:42.896570398Z,2025-10-12T11:07:45.980899388Z,2025-10-12T11:09:09.393155859Z,423.084329,83.412256,506.496585,0.96,8,43,45s
NGC7024,9437b4bd-c4cb-4754-a40f-353ff97a2184,2025-10-12T11:00:44.343355331Z,2025-10-12T11:07:46.00610946Z,2025-10-12T11:09:05.167374945Z,421.662754,79.161265,500.824020,0.96,8,44,45s
NGC7023,308fa8e2-0dc1-402f-a567-321c694284a8,2025-10-12T11:00:45.973085046Z,2025-10-12T11:07:46.126650529Z,2025-10-12T11:09:03.674111227Z,420.153565,77.547461,497.701026,0.95,8,45,45s
NGC7028,5f33438e-0972-46c5-bb55-136fcef8fb4c,2025-10-12T11:00:46.25370058Z,2025-10-12T11:07:48.078552359Z,2025-10-12T11:08:57.251689305Z,421.824852,69.173137,490.997989,0.96,8,46,45s
NGC7024,83a86514-ce69-4004-b3fc-5e85a706e7fc,2025-10-12T11:00:47.767579529Z,2025-10-12T11:07:48.23522625Z,2025-10-12T11:09:13.837994048Z,420.467647,85.602768,506.070415,0.96,8,47,45s
NGC7028,69dbacc7-c5ec-4f7d-9267-1032945638ab,2025-10-12T11:00:51.761282173Z,2025-10-12T11:08:22.265493472Z,2025-10-12T11:09:26.138554663Z,450.504211,63.873061,514.377272,0.96,8,47,45s
NGC7023,8ebe4f2c-c693-41d8-8cd5-ee1af95c5a3d,2025-10-12T11:00:53.95149741Z,2025-10-12T11:08:27.462976325Z,2025-10-12T11:09:28.54924776Z,453.511479,61.086271,514.597750,0.95,8,47,45s
NGC7024,4dd38f93-0725-4bd1-b46e-d59210c53a22,2025-10-12T11:00:59.251005219Z,2025-10-12T11:08:59.055703266Z,2025-10-12T11:10:13.391447042Z,479.804698,74.335744,554.140442,0.96,8,47,45s
NGC7030,6d3a7c1e-55d9-41dd-9eeb-aa58f8a5845c,2025-10-12T11:01:01.372413537Z,2025-10-12T11:09:00.231736467Z,2025-10-12T11:10:08.473194476Z,478.859323,68.241458,547.100781,0.96,8,47,45s
NGC7028,12c7ea61-7db5-486b-95fb-50e20282125e,2025-10-12T11:01:02.258939407Z,2025-10-12T11:09:00.232517649Z,2025-10-12T11:10:07.109963797Z,477.973578,66.877446,544.851024,0.96,8,48,45s
NGC7023,484a845d-4338-4339-a5a1-dcde647fa6b1,2025-10-12T11:01:07.096979898Z,2025-10-12T11:09:02.089210786Z,2025-10-12T11:10:15.328893773Z,474.992231,73.239683,548.231914,0.96,8,48,45s
NGC7024,8d336408-e7ee-4b10-8d86-e3e576f69e75,2025-10-12T11:01:07.655214478Z,2025-10-12T11:09:02.120342267Z,2025-10-12T11:10:16.753493844Z,474.465128,74.633152,549.098279,0.96,8,49,45s
NGC7030,42ced490-c8d0-4664-bd1c-335671fb0309,2025-10-12T11:01:12.283378389Z,2025-10-12T11:09:02.346326512Z,2025-10-12T11:10:10.232490893Z,470.062948,67.886164,537.949113,0.96,8,50,45s
NGC7023,223b7d9b-df5a-492a-83c2-b5ed911c6478,2025-10-12T11:01:18.107704369Z,2025-10-12T11:09:30.36728728Z,2025-10-12T11:10:22.869098353Z,492.259583,52.501811,544.761394,0.96,8,51,45s
NGC7024,8c00527d-bce6-4fd7-90d7-9349ad121b8c,2025-10-12T11:01:24.097124195Z,2025-10-12T11:09:33.572297104Z,2025-10-12T11:10:28.384694957Z,489.475173,54.812398,544.287571,0.96,8,50,45s
NGC7030,7f3fb951-0764-46ae-ad99-cc12fd793d8a,2025-10-12T11:01:28.043834008Z,2025-10-12T11:10:11.357982845Z,2025-10-12T11:11:50.612902055Z,523.314149,99.254919,622.569068,0.96,8,51,45s
NGC7023,7317db47-dbe2-4674-a220-818a534d5bfd,2025-10-12T11:01:29.748270038Z,2025-10-12T11:10:11.377139508Z,2025-10-12T11:11:51.996732259Z,521.628869,100.619593,622.248462,0.96,8,52,45s
NGC7024,45a59ed9-d349-4892-a407-abd997044bbe,2025-10-12T11:01:34.674994849Z,2025-10-12T11:10:12.190469841Z,2025-10-12T11:11:44.128861057Z,517.515475,91.938391,609.453866,0.96,8,53,45s
NGC7024,071b55da-0182-4615-8838-7f2242b9a17b,2025-10-12T11:01:37.887921257Z,2025-10-12T11:10:12.453114314Z,2025-10-12T11:11:53.435405115Z,514.565193,100.982291,615.547484,0.96,8,53,45s
NGC7023,f898e24b-bfab-45a8-85ab-f436221ba6f7,2025-10-12T11:01:38.591684627Z,2025-10-12T11:10:13.188960232Z,2025-10-12T11:11:36.35688299Z,514.597276,83.167923,597.765198,0.96,8,54,45s
NGC7031,181f7812-9280-4bd5-8b1e-6324b2caac82,2025-10-12T11:01:45.359763026Z,2025-10-12T11:10:14.260936681Z,2025-10-12T11:11:42.593215163Z,508.901174,88.332278,597.233452,0.96,8,55,45s
NGC7030,119e225d-2cc1-4340-a6ce-0effb07954d7,2025-10-12T11:01:46.28830476Z,2025-10-12T11:10:32.540124252Z,2025-10-12T11:11:57.196093014Z,526.251819,84.655969,610.907788,0.96,8,56,45s
NGC7023,7d139370-c4da-4a3b-91b4-a8abfe2258a9,2025-10-12T11:01:48.113958103Z,2025-10-12T11:10:38.751428691Z,2025-10-12T11:11:54.827432536Z,530.637471,76.076004,606.713474,0.96,8,57,45s
NGC7024,49efe559-f2b1-4475-ac5e-68c61c288ced,2025-10-12T11:01:49.996891896Z,2025-10-12T11:11:36.312764976Z,2025-10-12T11:12:58.787133942Z,586.315873,82.474369,668.790242,0.95,8,58,45s
NGC7031,f4662bbe-550e-42a8-bd63-55a0f370fc93,2025-10-12T11:01:54.136310483Z,2025-10-12T11:11:36.3770776Z,2025-10-12T11:12:52.794734483Z,582.240767,76.417657,658.658424,0.96,8,59,45s
NGC7030,23a059b2-8c8c-4fd7-aefb-9237916a8519,2025-10-12T11:01:55.442818896Z,2025-10-12T11:11:36.443455983Z,2025-10-12T11:13:04.352867513Z,581.000637,87.909412,668.910049,0.96,8,60,45s
NGC7024,72aa1180-df7e-4240-85f4-2e6c687df564,2025-10-12T11:01:58.8886396Z,2025-10-12T11:11:37.491350433Z,2025-10-12T11:12:56.318375561Z,578.602711,78.827025,657.429736,0.95,8,61,45s
NGC7031,b556b892-8bfa-4b0a-bed5-143089ddf07a,2025-10-12T11:02:01.890924775Z,2025-10-12T11:11:37.494313034Z,2025-10-12T11:13:01.549649556Z,575.603388,84.055337,659.658725,0.96,8,62,45s
NGC7030,f4e8dac4-0ac0-46f1-9e20-db511d202965,2025-10-12T11:02:06.293874825Z,2025-10-12T11:11:40.569334416Z,2025-10-12T11:13:02.977897107Z,574.275460,82.408563,656.684022,0.96,8,62,45s
NGC7024,e711d8c7-9be8-4a58-ace4-b01c9aef432e,2025-10-12T11:02:09.183830064Z,2025-10-12T11:11:46.964522837Z,2025-10-12T11:13:08.132516406Z,577.780693,81.167994,658.948686,0.96,8,62,45s
NGC7030,64e12bbc-b901-4075-88b3-7013c9c986a7,2025-10-12T11:02:13.544427465Z,2025-10-12T11:11:50.716453437Z,2025-10-12T11:13:09.58133228Z,577.172026,78.864879,656.036905,0.96,8,63,45s
NGC7024,222cb0ba-9fc7-4874-90de-67e717572223,2025-10-12T11:02:14.58077301Z,2025-10-12T11:12:59.516142989Z,2025-10-12T11:14:22.237731312Z,644.935370,82.721588,727.656958,0.96,8,64,45s
NGC7031,0d13018f-e412-47c4-ade5-fd1398ae5203,2025-10-12T11:02:15.166498059Z,2025-10-12T11:13:00.437318334Z,2025-10-12T11:14:57.579006453Z,645.270820,117.141688,762.412508,0.96,8,65,45s
NGC7030,5ee31f2f-0b06-4c8d-a7b7-b9998bdc8d0b,2025-10-12T11:02:17.043329551Z,2025-10-12T11:13:00.609006607Z,2025-10-12T11:14:33.801702028Z,643.565677,93.192695,736.758372,0.96,8,64,45s
NGC7024,611941a7-6a7f-4d90-8d9a-f4a990beb710,2025-10-12T11:02:19.537466004Z,2025-10-12T11:13:01.614471933Z,2025-10-12T11:14:39.107512856Z,642.077006,97.493041,739.570047,0.96,8,64,45s
NGC7031,7b68dcf7-0337-46d5-8b69-da74e8ba7076,2025-10-12T11:02:23.416387581Z,2025-10-12T11:13:02.699719222Z,2025-10-12T11:14:50.608334352Z,639.283332,107.908615,747.191947,0.96,8,65,45s
NGC7026,063689a9-86ba-457a-9ed7-c83f56500fed,2025-10-12T11:02:25.550008005Z,2025-10-12T11:13:03.56674146Z,2025-10-12T11:14:49.16009962Z,638.016733,105.593358,743.610092,0.96,8,65,45s
NGC7026,11456553-cc9d-4f7d-89ab-2f1911784c67,2025-10-12T11:02:32.506867945Z,2025-10-12T11:13:04.106290593Z,2025-10-12T11:14:47.758256177Z,631.599423,103.651966,735.251388,0.96,8,65,45s
NGC7030,731a70a4-7d5b-427b-9e9c-ff5ff42764ac,2025-10-12T11:02:38.913719169Z,2025-10-12T11:13:06.895650699Z,2025-10-12T11:15:01.729227471Z,627.981932,114.833577,742.815508,0.96,8,66,45s
NGC7024,618e706d-7b96-4990-99b5-3843b1f172e6,2025-10-12T11:02:42.493778267Z,2025-10-12T11:14:27.664284509Z,2025-10-12T11:15:20.832051346Z,705.170506,53.167767,758.338273,0.96,8,67,45s
NGC7030,0145a3aa-ca4a-4a42-b7a2-ab8e0bf11996,2025-10-12T11:02:49.83266112Z,2025-10-12T11:14:27.71789846Z,2025-10-12T11:15:39.51706237Z,697.885237,71.799164,769.684401,0.96,8,67,45s
NGC7031,36772c2e-367c-40c1-92aa-42247b5164c7,2025-10-12T11:02:51.318717888Z,2025-10-12T11:14:28.729845653Z,2025-10-12T11:15:24.799109658Z,697.411128,56.069264,753.480392,0.96,8,68,45s
NGC7026,e4bfd950-5712-45c6-85f8-3288e6035b0e,2025-10-12T11:02:52.042751374Z,2025-10-12T11:14:29.688407417Z,2025-10-12T11:15:44.207621696Z,697.645656,74.519214,772.164870,0.96,8,69,45s
NGC7030,a17b0ef3-0d11-4289-bc75-2e81cc5b22d8,2025-10-12T11:03:01.720643374Z,2025-10-12T11:14:30.250193638Z,2025-10-12T11:15:32.677081274Z,688.529550,62.426888,750.956438,0.95,8,70,45s
NGC7024,9e83dfef-b796-4860-bb7a-1fb6c446457d,2025-10-12T11:03:01.904468271Z,2025-10-12T11:14:30.86477396Z,2025-10-12T11:15:27.660239623Z,688.960306,56.795466,745.755771,0.96,8,71,45s
NGC7031,aefef954-7a99-4f1e-8b91-819cde654882,2025-10-12T11:03:03.780759958Z,2025-10-12T11:14:31.557243213Z,2025-10-12T11:15:37.012097689Z,687.776483,65.454854,753.231338,0.96,8,72,45s
NGC7026,c19a9adc-d8ae-49fd-80a8-a33306282916,2025-10-12T11:03:07.977066147Z,2025-10-12T11:14:33.072138283Z,2025-10-12T11:15:48.15491497Z,685.095072,75.082777,760.177849,0.96,8,73,45s
NGC7030,494c44b2-9c63-40a6-bc8a-face63891452,2025-10-12T11:03:10.275935728Z,2025-10-12T11:15:26.764488442Z,2025-10-12T11:16:21.872554791Z,736.488553,55.108066,791.596619,0.95,8,74,45s
NGC7031,f1e927b9-cd15-4dbc-9e15-e6a7855464c1,2025-10-12T11:03:10.342268901Z,2025-10-12T11:15:26.835038539Z,2025-10-12T11:16:17.413793044Z,736.492770,50.578755,787.071524,0.96,8,75,45s
NGC7029,d4e56de3-0fb3-4283-9b2c-244c236586cd,2025-10-12T11:03:10.467123228Z,2025-10-12T11:15:27.001932402Z,2025-10-12T11:16:13.869613913Z,736.534809,46.867682,783.402491,0.96,8,76,45s
NGC7029,411d589c-3205-42a5-abef-bb846a05e870,2025-10-12T11:03:24.75140821Z,2025-10-12T11:15:28.351814364Z,2025-10-12T11:16:16.038763193Z,723.600406,47.686949,771.287355,0.96,8,76,45s
NGC7026,2b8f9a1d-da6e-4e4a-94d7-c203747353b3,2025-10-12T11:03:25.650826002Z,2025-10-12T11:15:29.705377631Z,2025-10-12T11:16:29.458396432Z,724.054552,59.753019,783.807570,0.96,8,76,45s
NGC7031,6c61834c-6529-4991-8292-345a7b8daa4e,2025-10-12T11:03:29.115854371Z,2025-10-12T11:15:29.784213809Z,2025-10-12T11:16:27.411745513Z,720.668359,57.627532,778.295891,0.96,8,77,45s
NGC7030,fbfbcfff-6c4b-4116-ab25-77fa7bdd3583,2025-10-12T11:03:30.134580291Z,2025-10-12T11:15:29.842483291Z,2025-10-12T11:16:25.601890518Z,719.707903,55.759407,775.467310,0.96,8,78,45s
NGC7026,ebc8af37-e1a1-49ac-9482-729e5bcd0d4b,2025-10-12T11:03:31.710866907Z,2025-10-12T11:15:31.22744525Z,2025-10-12T11:16:18.905156601Z,719.516578,47.677711,767.194290,0.96,8,79,45s
NGC7031,f0e96cb5-4c08-4c07-8cf5-63f5e0285d99,2025-10-12T11:03:32.066737578Z,2025-10-12T11:16:14.339891831Z,2025-10-12T11:17:25.749142558Z,762.273154,71.409251,833.682405,0.96,8,80,45s
NGC7029,0001128b-a67f-407a-bab1-b94911bd9914,2025-10-12T11:03:35.570657012Z,2025-10-12T11:16:14.842043222Z,2025-10-12T11:17:21.618307019Z,759.271386,66.776264,826.047650,0.96,8,81,45s
NGC7030,dc211ebd-0722-46da-b47d-d369e614d783,2025-10-12T11:03:48.483980481Z,2025-10-12T11:16:14.918080276Z,2025-10-12T11:17:02.026159107Z,746.434100,47.108079,793.542179,0.96,8,77,45s
NGC7026,68b5e58b-e5b0-4ebd-96f0-a692c22717d6,2025-10-12T11:03:54.042928986Z,2025-10-12T11:16:14.946082204Z,2025-10-12T11:17:19.053894444Z,740.903153,64.107812,805.010965,0.96,8,78,45s
NGC7031,3c5c7309-abad-4bfd-964e-00aac3e089fe,2025-10-12T11:03:57.41502065Z,2025-10-12T11:16:15.085660738Z,2025-10-12T11:17:03.835503921Z,737.670640,48.749843,786.420483,0.95,8,78,45s
NGC7030,31b6a9a0-86ea-4a02-8760-ec689fe5bbc3,2025-10-12T11:04:03.114119726Z,2025-10-12T11:16:16.820705879Z,2025-10-12T11:17:11.430177978Z,733.706586,54.609472,788.316058,0.96,8,80,45s
NGC7026,51eb2f20-18b9-40f1-af3e-9f5cf1fc6b58,2025-10-12T11:04:03.136361817Z,2025-10-12T11:16:16.888830807Z,2025-10-12T11:17:07.943456924Z,733.752469,51.054626,784.807095,0.96,8,80,45s
NGC7031,ae530016-6d7b-4a94-8240-ab58fc83d9bb,2025-10-12T11:04:07.889152863Z,2025-10-12T11:17:06.186952444Z,2025-10-12T11:18:04.325708426Z,778.297800,58.138756,836.436556,0.95,8,83,45s
NGC7031,4a138ea4-5358-4ac0-b565-5d7bfc2e84b5,2025-10-12T11:04:15.578498138Z,2025-10-12T11:17:06.520040685Z,2025-10-12T11:17:56.64563674Z,770.941543,50.125596,821.067139,0.96,8,84,45s
NGC7026,9e0c8e17-74b6-455c-8589-c043632e9c6a,2025-10-12T11:04:16.399333311Z,2025-10-12T11:17:06.938789095Z,2025-10-12T11:17:57.984102559Z,770.539456,51.045313,821.584769,0.96,8,85,45s
NGC7030,566f50cc-d54f-4e18-9c18-b7007790c97f,2025-10-12T11:04:20.172500397Z,2025-10-12T11:17:07.008387975Z,2025-10-12T11:18:01.349183498Z,766.835888,54.340796,821.176683,0.96,8,86,45s
NGC7029,9f7e5bec-7ae0-49ad-a019-ca265ca95597,2025-10-12T11:04:26.770977908Z,2025-10-12T11:17:07.940364873Z,2025-10-12T11:18:07.498174898Z,761.169387,59.557810,820.727197,0.96,8,88,45s
NGC7026,63b5dda6-fa4f-48b5-857d-37df1a820403,2025-10-12T11:04:26.887192451Z,2025-10-12T11:17:25.488929084Z,2025-10-12T11:18:10.892176164Z,778.601737,45.403247,824.004984,0.96,8,89,45s
NGC7031,4d861e52-f1b3-4180-9f4e-f8e3b4ee048f,2025-10-12T11:04:29.473564994Z,2025-10-12T11:17:57.090991493Z,2025-10-12T11:19:27.503726406Z,807.617426,90.412735,898.030161,0.96,8,90,45s
NGC7030,b90b8f4a-b9db-406f-801f-8dac919610c6,2025-10-12T11:04:34.475332804Z,2025-10-12T11:17:58.018721312Z,2025-10-12T11:19:10.207724305Z,803.543389,72.189003,875.732392,0.96,8,92,45s
NGC7026,1cbaa122-6c1f-45fd-ac02-2ec8ef61ece4,2025-10-12T11:04:35.997580728Z,2025-10-12T11:17:58.082467904Z,2025-10-12T11:19:12.029754298Z,802.084887,73.947286,876.032174,0.95,8,92,45s
NGC7029,997328f7-ff28-4ad7-b4ad-a7d9bd83d82d,2025-10-12T11:04:36.565525664Z,2025-10-12T11:17:58.285430462Z,2025-10-12T11:19:26.102625031Z,801.719905,87.817195,889.537099,0.96,8,93,45s
NGC7031,ebce75f1-74e1-4e78-83e7-85fb92c8557d,2025-10-12T11:04:42.38587105Z,2025-10-12T11:18:00.035142161Z,2025-10-12T11:19:16.075213216Z,797.649271,76.040071,873.689342,0.96,8,95,45s
NGC7026,5912996e-f294-4836-a13a-965afe9c9d12,2025-10-12T11:04:48.022502474Z,2025-10-12T11:19:09.132910126Z,2025-10-12T11:20:08.86419447Z,861.110408,59.731284,920.841692,0.95,8,96,45s
NGC7029,5e998d38-3931-4e55-9d58-4787c8e4478c,2025-10-12T11:04:53.339216511Z,2025-10-12T11:19:09.706515739Z,2025-10-12T11:20:06.144632349Z,856.367299,56.438117,912.805416,0.96,8,99,45s
NGC7031,760d6f96-6434-46f4-a6c5-e3a49da839df,2025-10-12T11:04:57.511279213Z,2025-10-12T11:19:10.235010314Z,2025-10-12T11:20:11.634635538Z,852.723731,61.399625,914.123356,0.96,8,100,45s
NGC7026,b3116e10-20f5-4555-9eae-5962221ce1ca,2025-10-12T11:04:58.684837356Z,2025-10-12T11:19:11.409472882Z,2025-10-12T11:20:10.22551829Z,852.724636,58.816045,911.540681,0.96,8,101,45s
NGC7026,29554f90-a75c-422b-be5c-3663515383bf,2025-10-12T11:05:06.534206001Z,2025-10-12T11:20:07.796204082Z,2025-10-12T11:21:24.40692001Z,901.261998,76.610716,977.872714,0.96,8,103,45s
NGC7031,2ba32068-0e73-4788-840e-598525addc4c,2025-10-12T11:05:06.642342511Z,2025-10-12T11:20:08.234416147Z,2025-10-12T11:21:02.412540568Z,901.592074,54.178124,955.770198,0.96,8,104,45s
NGC7029,339c1ec3-6d2b-4776-8c29-b9550229aceb,2025-10-12T11:05:07.903475109Z,2025-10-12T11:20:08.280347289Z,2025-10-12T11:21:04.251375672Z,900.376872,55.971028,956.347901,0.96,8,104,45s
NGC7026,3ac2bc5f-a3c1-469c-8e3a-f90a2061c4f5,2025-10-12T11:05:25.704819471Z,2025-10-12T11:20:10.347842896Z,2025-10-12T11:21:12.574450663Z,884.643023,62.226608,946.869631,0.96,8,104,45s
NGC7029,019e97a7-bb91-467d-a773-98590d12095b,2025-10-12T11:05:31.006742229Z,2025-10-12T11:20:35.900761592Z,2025-10-12T11:21:30.926921611Z,904.894019,55.026160,959.920179,0.96,8,105,45s
NGC7026,d44ef12c-5a14-42ca-b6d5-16bd3814960d,2025-10-12T11:05:37.949497449Z,2025-10-12T11:21:06.371404602Z,2025-10-12T11:21:51.78201086Z,928.421907,45.410606,973.832513,0.96,8,107,45s
NGC7029,b315bea1-0a2f-4bb6-a3d6-deef53051db3,2025-10-12T11:05:50.186284109Z,2025-10-12T11:21:06.648413624Z,2025-10-12T11:21:58.893782222Z,916.462130,52.245369,968.707498,0.96,8,110,45s
NGC7029,7a8c96a5-c5e8-4866-a162-2907973581ec,2025-10-12T11:05:53.244883929Z,2025-10-12T11:21:34.004473864Z,2025-10-12T11:22:28.850029395Z,940.759590,54.845556,995.605145,0.96,8,113,45s
NGC7029,9e9f09f1-0934-4cc8-8d02-3b1e26cbae3c,2025-10-12T11:06:04.794480523Z,2025-10-12T11:21:54.727563753Z,2025-10-12T11:22:42.745859557Z,949.933083,48.018296,997.951379,0.95,8,114,45s
NGC7029,d7043501-5e93-4632-b71e-0699ec1e5641,2025-10-12T11:06:15.105881209Z,2025-10-12T11:21:56.469235993Z,2025-10-12T11:23:01.720007866Z,941.363355,65.250772,1006.614127,0.95,8,118,45s
NGC7029,f5d7f812-6b0c-47e6-bea0-afd7c4444242,2025-10-12T11:06:22.199118355Z,2025-10-12T11:22:44.804397906Z,2025-10-12T11:23:54.653822616Z,982.605280,69.849425,1052.454704,0.96,8,122,45s
NGC7029,270659b0-ec0e-4fe0-a377-f858b8f0c9a1,2025-10-12T11:06:40.834243579Z,2025-10-12T11:22:47.653073316Z,2025-10-12T11:24:02.366904097Z,966.818830,74.713831,1041.532661,0.96,8,119,45s
NGC7029,ece4a45a-d412-4c33-b208-9953e94c722b,2025-10-12T11:06:49.783028415Z,2025-10-12T11:24:01.09429304Z,2025-10-12T11:25:19.138512841Z,1031.311265,78.044220,1109.355484,0.96,8,123,45s
NGC7029,d115a8bd-27ec-43ff-ab64-12685e396d60,2025-10-12T11:06:56.000089835Z,2025-10-12T11:24:01.844681291Z,2025-10-12T11:25:25.296839276Z,1025.844591,83.452158,1109.296749,0.96,8,125,45s
NGC7029,2679edfd-a4d1-4cb6-8e7e-3b96b06ae0c5,2025-10-12T11:07:02.379041446Z,2025-10-12T11:24:05.320952473Z,2025-10-12T11:25:26.713620534Z,1022.941911,81.392668,1104.334579,0.96,8,127,45s
NGC7024,566f1802-8fb9-439b-beae-7ae6a2b743ee,2025-10-12T11:45:48.189422884Z,2025-10-12T11:45:48.495026965Z,2025-10-12T11:46:42.775745195Z,0.305604,54.280718,54.586322,1.19,12,0,30s
NGC7024,db3be2c7-9fa5-4aa8-9ab1-07e7ed822759,2025-10-12T11:46:05.398842729Z,2025-10-12T11:46:05.645705464Z,2025-10-12T11:47:22.821926586Z,0.246863,77.176221,77.423084,1.20,12,0,30s
NGC7024,9a6475f0-ed9d-4fdc-b864-816e407206b0,2025-10-12T11:46:11.338637785Z,2025-10-12T11:46:11.66698331Z,2025-10-12T11:47:46.559084029Z,0.328346,94.892101,95.220446,1.20,12,0,30s
NGC7025,c45adc95-8cad-44f2-bc70-aac21b8d30d3,2025-10-12T11:46:15.368773049Z,2025-10-12T11:46:15.682841226Z,2025-10-12T11:47:27.657688038Z,0.314068,71.974847,72.288915,1.19,12,0,30s
NGC7024,c2d75ba7-1795-4521-92e9-b92b93112a66,2025-10-12T11:46:27.519924167Z,2025-10-12T11:46:27.847747348Z,2025-10-12T11:47:42.265228561Z,0.327823,74.417481,74.745304,1.20,12,0,30s
NGC7025,0056610f-262a-41ca-89d3-1691710e9505,2025-10-12T11:46:43.015114227Z,2025-10-12T11:46:43.041909398Z,2025-10-12T11:48:01.801164052Z,0.026795,78.759255,78.786050,1.20,12,0,30s
NGC7026,ebc50693-f2be-4d5c-a291-41df4edd28f9,2025-10-12T11:46:44.967143062Z,2025-10-12T11:46:45.825826807Z,2025-10-12T11:47:48.065514372Z,0.858684,62.239688,63.098371,1.19,12,1,30s
NGC7024,1e5a0ad7-bb9e-4be8-9826-f97cd0a952f3,2025-10-12T11:46:48.249858362Z,2025-10-12T11:46:48.709201209Z,2025-10-12T11:48:15.803101752Z,0.459343,87.093901,87.553243,1.20,12,0,30s
NGC7026,dc51a5f3-ee67-402f-aa2e-71889fcb4728,2025-10-12T11:46:50.669699332Z,2025-10-12T11:46:53.22203741Z,2025-10-12T11:48:00.06664672Z,2.552338,66.844609,69.396947,1.20,12,0,30s
NGC7025,80841ed1-3ddf-41a8-babd-3725b781a2d7,2025-10-12T11:46:53.058443443Z,2025-10-12T11:47:24.257942206Z,2025-10-12T11:48:58.559500052Z,31.199499,94.301558,125.501057,1.20,12,2,30s
NGC7024,45149cee-4c07-42d7-8ff5-e99f79d28419,2025-10-12T11:46:54.200661319Z,2025-10-12T11:47:25.822446333Z,2025-10-12T11:48:41.506097606Z,31.621785,75.683651,107.305436,1.20,12,2,30s
NGC7026,e306dc9a-cd53-4147-9bcd-c2c5292dee08,2025-10-12T11:47:04.437040119Z,2025-10-12T11:47:31.843348223Z,2025-10-12T11:49:03.08549332Z,27.406308,91.242145,118.648453,1.20,12,3,30s
NGC7025,10b29d69-a46a-4f53-8fe3-e98b0b905adc,2025-10-12T11:47:05.732172873Z,2025-10-12T11:47:39.062308658Z,2025-10-12T11:49:05.98679337Z,33.330136,86.924485,120.254620,1.20,12,4,30s
NGC7024,61794048-a987-4379-9df4-b5803b40d05d,2025-10-12T11:47:07.860921366Z,2025-10-12T11:47:49.894804343Z,2025-10-12T11:49:10.89637016Z,42.033883,81.001566,123.035449,1.20,12,6,30s
NGC7026,6fd352f5-26ce-4365-8057-e754292fdac0,2025-10-12T11:47:09.674862514Z,2025-10-12T11:47:51.005419889Z,2025-10-12T11:49:20.924162733Z,41.330557,89.918743,131.249300,1.20,12,6,30s
NGC7025,29400f8e-41b4-4d9b-a7b1-cc7cf9a8e40d,2025-10-12T11:47:12.783805314Z,2025-10-12T11:47:52.285518073Z,2025-10-12T11:49:08.450163897Z,39.501713,76.164646,115.666359,1.20,12,7,30s
NGC7027,baef96a7-6d9b-4326-a30c-561b234a02c3,2025-10-12T11:47:14.935605241Z,2025-10-12T11:48:04.228455636Z,2025-10-12T11:49:27.05735772Z,49.292850,82.828902,132.121752,1.19,12,8,30s
NGC7024,bcf3e170-29ea-4ffc-b55c-75e4bec3e193,2025-10-12T11:47:15.762857418Z,2025-10-12T11:48:18.653223994Z,2025-10-12T11:49:55.82219222Z,62.890367,97.168968,160.059335,1.20,12,10,30s
NGC7026,48203b46-0a2b-465d-ae2d-fc6373eb079a,2025-10-12T11:47:17.796182168Z,2025-10-12T11:48:34.969085925Z,2025-10-12T11:49:46.874092226Z,77.172904,71.905006,149.077910,1.20,12,11,30s
NGC7025,3d25b2ee-6519-4dc3-a29f-dfc37ce23a49,2025-10-12T11:47:19.38908078Z,2025-10-12T11:48:36.427938295Z,2025-10-12T11:50:06.842214684Z,77.038858,90.414276,167.453134,1.20,12,12,30s
NGC7027,22023af5-ab9e-46c9-ad31-8d7facc77275,2025-10-12T11:47:22.96930987Z,2025-10-12T11:48:42.346158947Z,2025-10-12T11:49:58.504031544Z,79.376849,76.157873,155.534722,1.20,12,13,30s
NGC7025,da8a90aa-1fab-4a00-a7c4-7fc11933de12,2025-10-12T11:47:26.232475861Z,2025-10-12T11:48:56.218212257Z,2025-10-12T11:50:24.477097426Z,89.985736,88.258885,178.244622,1.20,12,13,30s
NGC7026,99abe152-ab0e-4748-a81a-d8fac795dac2,2025-10-12T11:47:26.330479392Z,2025-10-12T11:48:57.08640216Z,2025-10-12T11:49:59.94917477Z,90.755923,62.862773,153.618695,1.20,12,14,30s
NGC7027,e8f893c4-ce17-4713-99f8-2202c25c1b3c,2025-10-12T11:47:31.04204225Z,2025-10-12T11:48:57.492928442Z,2025-10-12T11:50:11.501927391Z,86.450886,74.008999,160.459885,1.20,12,15,30s
NGC7025,e383a144-063d-4b58-8e49-21f3f2d53f32,2025-10-12T11:47:32.596287281Z,2025-10-12T11:49:02.175482329Z,2025-10-12T11:50:09.247466946Z,89.579195,67.071985,156.651180,1.20,12,15,30s
NGC7026,9890458a-04ba-46f0-b91d-e722ca3a3ce5,2025-10-12T11:47:47.143359266Z,2025-10-12T11:49:15.378320536Z,2025-10-12T11:50:18.967402463Z,88.234961,63.589082,151.824043,1.20,12,15,30s
NGC7027,426f8be5-2246-4884-bb11-e40bc7524d1c,2025-10-12T11:47:48.364056068Z,2025-10-12T11:49:18.744286897Z,2025-10-12T11:50:21.403341942Z,90.380231,62.659055,153.039286,1.20,12,16,30s
NGC7020,92da369a-91b7-48cf-8761-edd8be838873,2025-10-12T11:47:50.183724674Z,2025-10-12T11:49:45.148802084Z,2025-10-12T11:50:52.016220601Z,114.965077,66.867419,181.832496,1.19,12,16,30s
NGC7024,a7b826cf-d16c-4b17-b7ce-8e281e2e1125,2025-10-12T11:47:55.090836168Z,2025-10-12T11:49:51.821790378Z,2025-10-12T11:51:21.014480995Z,116.730954,89.192691,205.923645,1.19,12,16,30s
NGC7025,d42a7e6a-0695-414f-a29e-f91452ce5f4d,2025-10-12T11:47:57.648322892Z,2025-10-12T11:49:53.49232769Z,2025-10-12T11:51:02.496246608Z,115.844005,69.003919,184.847924,1.19,12,17,30s
NGC7020,31139755-bcba-4e29-b84d-22ad7e951a94,2025-10-12T11:48:01.69632736Z,2025-10-12T11:50:03.254528559Z,2025-10-12T11:51:14.309807885Z,121.558201,71.055279,192.613481,1.20,12,18,30s
NGC7026,39803cf4-70f2-4002-879f-0e30baca2488,2025-10-12T11:48:01.911319539Z,2025-10-12T11:50:06.629318753Z,2025-10-12T11:51:34.251553144Z,124.717999,87.622234,212.340234,1.20,12,19,30s
NGC7027,b6d08b55-ad12-4273-a8da-dc103b375cf6,2025-10-12T11:48:06.522618516Z,2025-10-12T11:50:07.348579671Z,2025-10-12T11:51:10.854055221Z,120.825961,63.505476,184.331437,1.20,12,18,30s
NGC7021,ae877d02-67d7-47a1-a1e5-b0cdd91513de,2025-10-12T11:48:16.652666652Z,2025-10-12T11:50:07.671088977Z,2025-10-12T11:51:12.76138687Z,111.018422,65.090298,176.108720,1.19,12,19,30s
NGC7024,1c04b7b6-802f-476c-8154-d8070aec3931,2025-10-12T11:48:20.013802141Z,2025-10-12T11:50:23.547377768Z,2025-10-12T11:51:27.407648803Z,123.533576,63.860271,187.393847,1.20,12,19,30s
NGC7026,95db84e9-6d92-4741-abde-fe1f2e921eb5,2025-10-12T11:48:20.678436416Z,2025-10-12T11:50:26.427296022Z,2025-10-12T11:51:36.702951535Z,125.748860,70.275656,196.024515,1.19,12,20,30s
NGC7025,52f78c29-41c9-4505-b1b9-87a283b5f4ac,2025-10-12T11:48:22.406266978Z,2025-10-12T11:50:37.717450955Z,2025-10-12T11:52:06.072232775Z,135.311184,88.354782,223.665966,1.20,12,22,30s
NGC7027,84035718-a356-4744-bda9-cae1403930f9,2025-10-12T11:48:24.997807793Z,2025-10-12T11:50:53.334739576Z,2025-10-12T11:51:58.679467463Z,148.336932,65.344728,213.681660,1.20,12,23,30s
NGC7020,a7b75429-604e-4a8d-87bd-43a4193f68cb,2025-10-12T11:48:30.610255763Z,2025-10-12T11:51:02.407353449Z,2025-10-12T11:52:09.678053355Z,151.797098,67.270700,219.067798,1.20,12,24,30s
NGC7021,b94d1281-d10c-48d5-a0ff-d3bfc919a4ff,2025-10-12T11:48:40.38148009Z,2025-10-12T11:51:02.636697632Z,2025-10-12T11:52:07.71322895Z,142.255218,65.076531,207.331749,1.20,12,23,30s
NGC7024,87fe7328-d749-4f74-8d2f-4e1189b2675f,2025-10-12T11:48:49.820740191Z,2025-10-12T11:51:08.002556404Z,2025-10-12T11:52:12.083034507Z,138.181816,64.080478,202.262294,1.19,12,22,30s
NGC7022,aef5bd2f-6327-4ad7-936c-86df127d3e96,2025-10-12T11:48:58.483820571Z,2025-10-12T11:51:16.501957461Z,2025-10-12T11:52:19.31276161Z,138.018137,62.810804,200.828941,1.19,12,20,30s
NGC7026,f3d23b6b-61d5-4609-9f8c-f51f9f17e2f5,2025-10-12T11:49:00.45727209Z,2025-10-12T11:51:16.828825518Z,2025-10-12T11:52:16.187209387Z,136.371553,59.358384,195.729937,1.20,12,21,30s
NGC7025,6398b92b-4b47-4ce3-b77c-83ae872fae3c,2025-10-12T11:49:00.686972292Z,2025-10-12T11:51:18.43206238Z,2025-10-12T11:52:17.649162722Z,137.745090,59.217100,196.962190,1.19,12,22,30s
NGC7027,fa198a3e-7aa0-443c-8033-5a895904d839,2025-10-12T11:49:01.108799526Z,2025-10-12T11:51:28.024029522Z,2025-10-12T11:52:40.719532958Z,146.915230,72.695503,219.610733,1.20,12,23,30s
NGC7021,0af39de9-3eda-46ad-9469-b493169dab32,2025-10-12T11:49:01.871016526Z,2025-10-12T11:51:29.736034047Z,2025-10-12T11:52:38.020581428Z,147.865018,68.284547,216.149565,1.20,12,24,30s
NGC7020,33b89ffe-aa3a-4335-b637-5f7c64b6c36c,2025-10-12T11:49:09.181338207Z,2025-10-12T11:51:38.834678774Z,2025-10-12T11:52:45.302080006Z,149.653341,66.467401,216.120742,1.20,12,24,30s
NGC7026,ac891576-39cd-4c4f-85da-1096fd5437f5,2025-10-12T11:49:09.61787217Z,2025-10-12T11:51:39.606474804Z,2025-10-12T11:53:08.674161292Z,149.988603,89.067686,239.056289,1.19,12,25,30s
NGC7022,ff2eeae0-b75d-4b0c-a48a-b2c69e80f504,2025-10-12T11:49:10.125097885Z,2025-10-12T11:52:01.491180989Z,2025-10-12T11:53:07.212474792Z,171.366083,65.721294,237.087377,1.20,12,26,30s
NGC7024,5de3548b-3a51-4bea-9eba-8dec06a250e0,2025-10-12T11:49:10.717879508Z,2025-10-12T11:52:08.927829403Z,2025-10-12T11:53:12.60336684Z,178.209950,63.675537,241.885487,1.20,12,27,30s
NGC7025,1154f5bf-1d8b-4843-826a-94fa90db6383,2025-10-12T11:49:11.84989791Z,2025-10-12T11:52:09.78741256Z,2025-10-12T11:53:10.138387Z,177.937515,60.350974,238.288489,1.20,12,28,30s
NGC7021,d17bf715-bc0c-4c19-bed4-d51eb812bf8b,2025-10-12T11:49:15.282859158Z,2025-10-12T11:52:13.55088159Z,2025-10-12T11:53:18.911436717Z,178.268022,65.360555,243.628578,1.20,12,28,30s
NGC7027,6bb9faf0-0528-439c-9a8e-e90e390dee3c,2025-10-12T11:49:19.558704989Z,2025-10-12T11:52:14.17885621Z,2025-10-12T11:53:39.802676717Z,174.620151,85.623821,260.243972,1.20,12,27,30s
NGC7024,892c6c70-9bef-4b41-b25e-fd6343d1fbb8,2025-10-12T11:49:22.332037156Z,2025-10-12T11:52:20.996814812Z,2025-10-12T11:53:27.650227914Z,178.664778,66.653413,245.318191,1.20,12,28,30s
NGC7022,d1c0badd-58ea-4662-9843-6af7bbda0117,2025-10-12T11:49:23.834223103Z,2025-10-12T11:52:22.584487871Z,2025-10-12T11:53:29.286034165Z,178.750265,66.701546,245.451811,1.20,12,29,30s
NGC7026,142d3ab4-fd5b-49ad-ae35-b1daa680534a,2025-10-12T11:49:27.448104006Z,2025-10-12T11:52:23.775432028Z,2025-10-12T11:53:48.007198681Z,176.327328,84.231767,260.559095,1.20,12,30,30s
NGC7021,55cd3b0b-919e-42d0-beb0-1d32dc1e61e4,2025-10-12T11:49:29.043940887Z,2025-10-12T11:52:39.928963262Z,2025-10-12T11:53:41.477910008Z,190.885022,61.548947,252.433969,1.20,12,31,30s
NGC7025,2a5454e9-945f-4502-9212-e2dd56b111d1,2025-10-12T11:49:29.193028246Z,2025-10-12T11:52:41.250794195Z,2025-10-12T11:54:13.392360498Z,192.057766,92.141566,284.199332,1.20,12,32,30s
NGC7022,925e6cf4-8187-4ffe-b974-80d802ead339,2025-10-12T11:49:31.568746051Z,2025-10-12T11:52:50.978794575Z,2025-10-12T11:53:58.311212274Z,199.410049,67.332418,266.742466,1.20,12,33,30s
NGC7024,2dea8b92-31f8-4c83-bb9f-bc4d2225ac02,2025-10-12T11:49:33.368665679Z,2025-10-12T11:53:11.649509078Z,2025-10-12T11:54:00.393805743Z,218.280843,48.744297,267.025140,0.72,12,34,30s
NGC7026,05c25318-5488-4a91-978b-d405431aa836,2025-10-12T11:49:35.074973895Z,2025-10-12T11:53:14.809405616Z,2025-10-12T11:54:43.431798379Z,219.734432,88.622393,308.356824,1.20,12,35,30s
NGC7020,c3454aad-c0df-439a-a9e1-91dd96a13434,2025-10-12T11:49:45.129184073Z,2025-10-12T11:53:16.95861944Z,2025-10-12T11:54:23.295244776Z,211.829435,66.336625,278.166061,1.20,12,36,30s
NGC7027,6759f3fa-a371-4586-a027-bfe8c51faf13,2025-10-12T11:49:46.288538544Z,2025-10-12T11:53:17.148944978Z,2025-10-12T11:54:26.836726054Z,210.860406,69.687781,280.548188,1.19,12,36,30s
NGC7026,a7e43f9b-e911-46c3-8ddd-006260471ea5,2025-10-12T11:49:48.19734631Z,2025-10-12T11:53:25.756478423Z,2025-10-12T11:54:09.700128525Z,217.559132,43.943650,261.502782,0.72,12,37,30s
NGC7021,f923ce17-b25e-410e-a921-84dee7b4babd,2025-10-12T11:49:56.866701297Z,2025-10-12T11:53:30.14881981Z,2025-10-12T11:54:36.334081118Z,213.282119,66.185261,279.467380,1.20,12,35,30s
NGC7027,6353a924-b4be-4679-a558-1d257027af1c,2025-10-12T11:49:59.326745549Z,2025-10-12T11:53:35.793977202Z,2025-10-12T11:54:25.262068306Z,216.467232,49.468091,265.935323,1.20,12,36,30s
NGC7022,d240b294-33fe-41cf-9448-726ea7818f76,2025-10-12T11:50:00.407403474Z,2025-10-12T11:53:46.091504344Z,2025-10-12T11:54:54.042281939Z,225.684101,67.950778,293.634878,1.20,12,37,30s
NGC7020,59747205-ca7f-4c83-98f1-4f20c1e141b3,2025-10-12T11:50:06.129562542Z,2025-10-12T11:53:46.368357354Z,2025-10-12T11:55:11.204774186Z,220.238795,84.836417,305.075212,1.20,12,37,30s
NGC7025,7b50b785-fb3f-49d2-968d-161434b41f05,2025-10-12T11:50:12.042072915Z,2025-10-12T11:53:56.960337614Z,2025-10-12T11:54:39.820059895Z,224.918265,42.859722,267.777987,0.72,12,35,30s
NGC7022,7da0ffc9-25ba-43f8-a13a-42f1db796519,2025-10-12T11:50:12.780239536Z,2025-10-12T11:54:03.172180616Z,2025-10-12T11:55:31.530380469Z,230.391941,88.358200,318.750141,1.20,12,36,30s
NGC7020,8d139642-dac4-452f-82ab-8c93dd6f925b,2025-10-12T11:50:13.251872656Z,2025-10-12T11:54:03.763802461Z,2025-10-12T11:55:09.7239209Z,230.511930,65.960118,296.472048,1.20,12,37,30s
NGC7021,80658777-8bb1-481b-b545-3380b972337a,2025-10-12T11:50:13.470017847Z,2025-10-12T11:54:16.84903522Z,2025-10-12T11:55:38.117385963Z,243.379017,81.268351,324.647368,1.20,12,38,30s
NGC7027,6cd6b2d5-e151-45ea-ac5d-cedb42e2ee14,2025-10-12T11:50:14.136941033Z,2025-10-12T11:54:17.402897642Z,2025-10-12T11:55:23.869255779Z,243.265957,66.466358,309.732315,1.19,12,39,30s
NGC7021,1ae6d4f4-08f6-4198-a34b-8194c2ab8c0c,2025-10-12T11:50:19.386379842Z,2025-10-12T11:54:24.123748604Z,2025-10-12T11:55:33.109065252Z,244.737369,68.985317,313.722685,1.20,12,40,30s
NGC7027,ba84db5e-d496-4724-b8eb-26b333418e52,2025-10-12T11:50:21.28207312Z,2025-10-12T11:54:26.303167526Z,2025-10-12T11:55:51.264906218Z,245.021094,84.961739,329.982833,1.20,12,41,30s
NGC7020,8d6f8984-3f57-4008-9f67-b4557be04152,2025-10-12T11:50:21.785525673Z,2025-10-12T11:54:41.309158046Z,2025-10-12T11:55:49.802778812Z,259.523632,68.493621,328.017253,1.20,12,42,30s
NGC7022,3bd86b4c-c770-48d5-aafc-dff679078aea,2025-10-12T11:50:22.516656679Z,2025-10-12T11:54:42.965375934Z,2025-10-12T11:55:53.026872043Z,260.448719,70.061496,330.510215,1.20,12,43,30s
NGC7021,fcc17355-0f0a-4653-a66b-3d590badfc73,2025-10-12T11:50:30.255204754Z,2025-10-12T11:54:45.075644722Z,2025-10-12T11:56:13.12423811Z,254.820440,88.048593,342.869033,1.19,12,41,30s
NGC7020,6974f56c-d4d9-4d02-9712-4368b7b2ff14,2025-10-12T11:50:33.238335835Z,2025-10-12T11:54:51.011216206Z,2025-10-12T11:56:11.547308069Z,257.772880,80.536092,338.308972,1.19,12,42,30s
NGC7027,57a7f2af-8edc-4753-9187-7e9adafb00a0,2025-10-12T11:50:33.405408764Z,2025-10-12T11:55:00.24054378Z,2025-10-12T11:56:06.446954164Z,266.835135,66.206410,333.041545,1.20,12,43,30s
NGC7022,4db286be-9e8a-47ac-8c33-f0cda2958dba,2025-10-12T11:50:33.517537704Z,2025-10-12T11:55:16.944305751Z,2025-10-12T11:56:20.415308392Z,283.426768,63.471003,346.897771,1.20,12,44,30s
NGC7021,67be4300-f07d-47e8-8315-15ff710c1a57,2025-10-12T11:50:39.880378377Z,2025-10-12T11:55:18.512851074Z,2025-10-12T11:56:18.879538617Z,278.632473,60.366688,338.999160,1.20,12,44,30s
NGC7027,0a3e6a34-9399-47d0-aa92-84483596d5a3,2025-10-12T11:50:40.969476881Z,2025-10-12T11:55:31.546054429Z,2025-10-12T11:56:14.43566976Z,290.576578,42.889615,333.466193,0.72,12,45,30s
NGC7022,8dc75062-8438-4437-a571-b0e3d7ed7975,2025-10-12T11:50:46.216459127Z,2025-10-12T11:55:34.340941478Z,2025-10-12T11:56:39.068665684Z,288.124482,64.727724,352.852207,1.19,12,46,30s
NGC7020,66ead1f3-2ffb-4f54-ab8c-5b9bde7b3f78,2025-10-12T11:50:48.86724021Z,2025-10-12T11:55:36.314554368Z,2025-10-12T11:56:36.350165807Z,287.447314,60.035611,347.482926,1.20,12,47,30s
NGC7021,7f12df20-9002-4db4-9f2e-55aa6743a49d,2025-10-12T11:50:53.351006503Z,2025-10-12T11:55:45.022125188Z,2025-10-12T11:56:46.639660577Z,291.671119,61.617535,353.288654,1.19,12,48,30s
NGC7020,3f5a95af-7b19-496f-8681-ecb1dd29e8ea,2025-10-12T11:50:56.625930283Z,2025-10-12T11:55:54.48138499Z,2025-10-12T11:56:57.48784707Z,297.855455,63.006462,360.861917,1.19,12,48,30s
NGC7022,309f68df-33cd-4681-a3a6-b3732f460309,2025-10-12T11:51:02.195721856Z,2025-10-12T11:55:55.467751444Z,2025-10-12T11:57:23.354520184Z,293.272030,87.886769,381.158798,1.20,12,49,30s
NGC7021,f7e965d9-61f6-4ba4-8dd3-d9a3ee81767e,2025-10-12T11:51:02.969768971Z,2025-10-12T11:55:56.111183699Z,2025-10-12T11:57:00.117942784Z,293.141415,64.006759,357.148174,1.20,12,48,30s
NGC7020,6bc4eebf-5168-45c8-838c-7c18ef1f6576,2025-10-12T11:51:03.9731715Z,2025-10-12T11:56:11.377652651Z,2025-10-12T11:57:14.149886451Z,307.404481,62.772234,370.176715,1.20,12,49,30s
NGC7022,b3ae0885-128d-47cc-97a8-8f131b7ce0aa,2025-10-12T11:51:11.723692438Z,2025-10-12T11:56:15.244724726Z,2025-10-12T11:57:15.607621315Z,303.521032,60.362897,363.883929,1.19,12,49,30s
NGC7020,c780b65e-3989-4761-ba3a-91656c493519,2025-10-12T11:51:14.130461014Z,2025-10-12T11:56:19.685343356Z,2025-10-12T11:57:28.416151611Z,305.554882,68.730808,374.285691,1.20,12,50,30s
NGC7021,e804aafe-bd90-45e3-b9f8-313abcdbfb22,2025-10-12T11:51:15.350354155Z,2025-10-12T11:56:25.247205665Z,2025-10-12T11:57:26.986174476Z,309.896852,61.738969,371.635820,1.20,12,51,30s
NGC7022,ed8bff3f-539c-4614-b5b4-9783b97fe5e2,2025-10-12T11:51:19.671487656Z,2025-10-12T11:56:26.769879122Z,2025-10-12T11:57:31.872368078Z,307.098391,65.102489,372.200880,1.20,12,49,30s
NGC7020,5c8a3f17-333c-4e24-9129-9628eae35472,2025-10-12T11:51:19.75381584Z,2025-10-12T11:56:27.10646378Z,2025-10-12T11:57:07.537171864Z,307.352648,40.430708,347.783356,0.72,12,50,30s
NGC7021,ed75379e-1e4c-4c92-acf2-9b69eefecc4b,2025-10-12T11:51:20.892177377Z,2025-10-12T11:56:42.481642379Z,2025-10-12T11:57:33.144059041Z,321.589465,50.662417,372.251882,0.72,12,51,30s
NGC7022,1210e7c0-860a-4977-bdd4-66c400b1080b,2025-10-12T11:51:28.789235977Z,2025-10-12T11:56:42.50596192Z,2025-10-12T11:57:36.842085614Z,313.716726,54.336124,368.052850,1.20,12,51,30s
NGC7022,a388f7fa-6018-4590-b7b0-bc2e2333aea0,2025-10-12T11:51:36.963858168Z,2025-10-12T11:56:52.199781014Z,2025-10-12T11:57:35.185897275Z,315.235923,42.986116,358.222039,0.72,12,51,30s
NGC7025,74d8eea0-b1a6-467d-999a-17660e9a1395,2025-10-12T12:30:44.653775981Z,2025-10-12T12:30:44.681109328Z,2025-10-12T12:33:00.130389366Z,0.027333,135.449280,135.476613,4.19,15,0,20s
NGC7025,0db98fc3-e8f9-4a79-bd80-639d33f8a07f,2025-10-12T12:31:15.601410493Z,2025-10-12T12:31:15.872380046Z,2025-10-12T12:33:18.139257896Z,0.270970,122.266878,122.537847,4.18,15,0,20s
NGC7025,81f06012-94f7-46d9-b693-98a262197844,2025-10-12T12:31:48.997405454Z,2025-10-12T12:31:49.192462565Z,2025-10-12T12:33:41.744732382Z,0.195057,112.552270,112.747327,3.71,15,0,20s
NGC7025,6ef1ca54-c9bf-4fa6-8a02-824f3745b2c5,2025-10-12T12:36:58.330304285Z,2025-10-12T12:36:58.527623265Z,2025-10-12T12:40:34.679100741Z,0.197319,216.151477,216.348796,4.19,15,0,20s
NGC7026,ddfbc69a-02f5-49b8-8aa7-a2db6fca536d,2025-10-12T12:37:15.909999893Z,2025-10-12T12:37:16.075729191Z,2025-10-12T12:40:21.935723181Z,0.165729,185.859994,186.025723,4.19,15,0,20s
NGC7025,1c417813-c858-4ce5-bdbf-cdf682255892,2025-10-12T12:37:24.344525544Z,2025-10-12T12:37:24.742512402Z,2025-10-12T12:40:42.695651938Z,0.397987,197.953140,198.351126,4.19,15,0,20s
NGC7020,5c66b2e7-034a-4db4-81d5-9a567c473c44,2025-10-12T12:37:36.487802536Z,2025-10-12T12:37:37.179260548Z,2025-10-12T12:40:49.050908359Z,0.691458,191.871648,192.563106,4.19,15,0,20s
NGC7026,e7d0851e-d3de-4b14-91b2-ffb462783e07,2025-10-12T12:37:39.214994057Z,2025-10-12T12:37:39.422036821Z,2025-10-12T12:40:46.246732575Z,0.207043,186.824696,187.031739,4.19,15,0,20s
NGC7021,30dcdd53-a4fb-473f-85ba-f265834f1d29,2025-10-12T12:37:58.136935825Z,2025-10-12T12:37:58.266185053Z,2025-10-12T12:40:55.783048467Z,0.129249,177.516863,177.646113,4.19,15,0,20s
NGC7025,c21db7fa-d636-482d-a1b1-4acc187f1cb0,2025-10-12T12:37:59.068998552Z,2025-10-12T12:37:59.288724798Z,2025-10-12T12:40:52.749720129Z,0.219726,173.460995,173.680722,4.18,15,0,20s
NGC7020,24a85f36-8178-4a4b-bbee-1109a9f57166,2025-10-12T12:38:04.190438612Z,2025-10-12T12:38:04.490263775Z,2025-10-12T12:41:09.29433701Z,0.299825,184.804073,185.103898,4.19,15,0,20s
NGC7026,146d0352-f101-4b08-b61d-f4288af58c73,2025-10-12T12:38:08.16656923Z,2025-10-12T12:39:31.814973318Z,2025-10-12T12:42:27.812866623Z,83.648404,175.997893,259.646297,4.18,15,1,20s
NGC7021,77887680-4802-4eae-b8a3-589af06040be,2025-10-12T12:38:16.702902493Z,2025-10-12T12:39:53.78093033Z,2025-10-12T12:43:04.480182025Z,97.078028,190.699252,287.777280,4.19,15,3,20s
NGC7022,b477f1df-b41d-4277-bdfe-95ff52f26f99,2025-10-12T12:38:16.789813852Z,2025-10-12T12:40:19.621350603Z,2025-10-12T12:43:20.766712631Z,122.831537,181.145362,303.976899,4.19,15,4,20s
NGC7020,94666f8f-fa96-48f3-8a14-711a76ec4cb5,2025-10-12T12:38:27.949395375Z,2025-10-12T12:40:23.668632504Z,2025-10-12T12:43:17.805698469Z,115.719237,174.137066,289.856303,4.18,15,5,20s
NGC7026,57cde200-7fdc-4afe-ad5e-5910e9a19c31,2025-10-12T12:38:33.01065901Z,2025-10-12T12:40:23.696823717Z,2025-10-12T12:43:08.398874273Z,110.686165,164.702051,275.388215,3.71,15,6,20s
NGC7022,34028124-fb08-4fa5-8852-3e4b548f3417,2025-10-12T12:38:38.677931513Z,2025-10-12T12:40:32.084908513Z,2025-10-12T12:43:28.997246312Z,113.406977,176.912338,290.319315,4.19,15,7,20s
NGC7021,d0cbd0d4-f8ce-4ee6-afed-b85518dc04dd,2025-10-12T12:38:38.701941866Z,2025-10-12T12:40:36.491176726Z,2025-10-12T12:43:35.217128465Z,117.789235,178.725952,296.515187,4.18,15,7,20s
NGC7020,a51ad6e2-cf50-425c-9b21-7f87b88d128b,2025-10-12T12:38:47.989205973Z,2025-10-12T12:40:37.322423301Z,2025-10-12T12:43:14.61458138Z,109.333217,157.292158,266.625375,3.71,15,9,20s
NGC7022,431ed2ee-425e-4a6f-8e7e-966efcdad698,2025-10-12T12:38:52.793318911Z,2025-10-12T12:40:38.011909484Z,2025-10-12T12:43:32.518254909Z,105.218591,174.506345,279.724936,4.18,15,9,20s
NGC7021,520ebed8-66a3-45e0-b466-822c6c7177aa,2025-10-12T12:38:53.652409281Z,2025-10-12T12:40:39.759309941Z,2025-10-12T12:43:24.564240692Z,106.106901,164.804931,270.911831,3.71,15,10,20s
NGC7022,73df02d8-332a-4d87-8be8-a31dcdc48257,2025-10-12T12:39:08.226144863Z,2025-10-12T12:40:52.75499031Z,2025-10-12T12:44:04.663060991Z,104.528845,191.908071,296.436916,3.71,15,11,20s
NGC7020,7f27f2c0-42f0-4a61-9f22-808f5128b747,2025-10-12T13:22:38.76266544Z,2025-10-12T13:22:38.854483138Z,2025-10-12T13:27:29.313184679Z,0.091818,290.458702,290.550519,8.14,20,0,15s
NGC7021,900cc686-f4e7-49a6-a9aa-fd1014242d43,2025-10-12T13:22:52.187759162Z,2025-10-12T13:22:52.231979462Z,2025-10-12T13:27:41.332455723Z,0.044220,289.100476,289.144697,8.14,20,0,15s
NGC7022,6a0c0014-d786-465b-9661-5d28dde5c4e4,2025-10-12T13:23:10.284829866Z,2025-10-12T13:23:10.365507296Z,2025-10-12T13:28:09.852062521Z,0.080677,299.486555,299.567233,8.14,20,0,15s
NGC7020,de453472-650a-417a-8d60-2a3199723c63,2025-10-12T13:23:15.290130857Z,2025-10-12T13:23:15.344773804Z,2025-10-12T13:28:22.612771035Z,0.054643,307.267997,307.322640,8.13,20,0,15s
NGC7021,ab520b31-9e5f-4d75-85eb-0eb5ba10d597,2025-10-12T13:23:22.182097587Z,2025-10-12T13:23:22.378673285Z,2025-10-12T13:28:14.40961745Z,0.196576,292.030944,292.227520,8.13,20,0,15s
NGC7023,f7f6e3fe-1b00-49da-b1db-fb53274de2be,2025-10-12T13:23:23.152968278Z,2025-10-12T13:23:23.213417678Z,2025-10-12T13:28:18.240720946Z,0.060449,295.027303,295.087753,8.14,20,0,15s
NGC7022,bb3efc4f-c3b8-4ea5-bfb9-94364a0305a1,2025-10-12T13:23:34.981558638Z,2025-10-12T13:23:35.232359328Z,2025-10-12T13:28:36.492782039Z,0.250801,301.260423,301.511223,8.13,20,0,15s
NGC7024,c01e31a6-bdf4-48ab-b9dd-0573b9fdf947,2025-10-12T13:23:38.690867163Z,2025-10-12T13:23:38.854422851Z,2025-10-12T13:28:31.107220946Z,0.163556,292.252798,292.416354,8.14,20,0,15s
NGC7023,b6ed6ad9-78d8-4728-ad66-d08a596b8c80,2025-10-12T13:23:48.488817181Z,2025-10-12T13:23:48.586973079Z,2025-10-12T13:28:40.600275919Z,0.098156,292.013303,292.111459,8.13,20,0,15s
NGC7024,473fba5d-2a39-44ea-a5d3-e2a0b89b0ed5,2025-10-12T13:24:20.429789484Z,2025-10-12T13:24:20.472275584Z,2025-10-12T13:29:04.367733916Z,0.042486,283.895458,283.937944,8.13,20,0,15s
NGC7024,bb65bb75-2af2-4699-beab-97f57a3a5d5b,2025-10-12T13:53:11.725858522Z,2025-10-12T13:53:11.765675813Z,2025-10-12T13:54:09.630371472Z,0.039817,57.864696,57.904513,1.43,10,0,1s
NGC7024,3321702a-12c1-479b-91ce-bb80e7611be0,2025-10-12T13:53:18.379477537Z,2025-10-12T13:53:18.427577361Z,2025-10-12T13:54:18.596130339Z,0.048100,60.168553,60.216653,1.44,10,0,1s
NGC7024,ce06cac5-07b7-48fd-a296-1fa261093736,2025-10-12T13:53:36.989480318Z,2025-10-12T13:53:37.14341145Z,2025-10-12T13:54:47.496905254Z,0.153931,70.353494,70.507425,1.44,10,0,1s
NGC7027,e48a515e-3c88-41fd-8574-0791f3357790,2025-10-12T13:53:41.605465976Z,2025-10-12T13:53:41.691205838Z,2025-10-12T13:54:49.27667197Z,0.085740,67.585466,67.671206,1.43,10,0,1s
NGC7024,5b088bde-76f4-48fe-ab78-93c229f65e72,2025-10-12T13:53:42.931490723Z,2025-10-12T13:53:43.160049971Z,2025-10-12T13:55:00.498098653Z,0.228559,77.338049,77.566608,1.44,10,0,1s
NGC7027,58db3361-f55e-4b39-8f9a-1244453b6588,2025-10-12T13:53:45.326997813Z,2025-10-12T13:53:45.723490483Z,2025-10-12T13:54:58.811744547Z,0.396493,73.088254,73.484747,1.44,10,0,1s
NGC7024,e7ecec8f-d53f-40b5-8448-f92d32f2e547,2025-10-12T13:53:47.726062937Z,2025-10-12T13:53:47.742648803Z,2025-10-12T13:55:02.222746184Z,0.016586,74.480097,74.496683,1.44,10,0,1s
NGC7027,f61ba98c-f0a2-40dc-b081-bb91d3e1d918,2025-10-12T13:53:49.160946273Z,2025-10-12T13:53:49.250215843Z,2025-10-12T13:55:07.150180512Z,0.089270,77.899965,77.989234,1.44,10,0,1s
NGC7024,ae8d1b74-158c-4fd9-9a70-0b9a8eeac990,2025-10-12T13:53:51.67295571Z,2025-10-12T13:53:51.761054375Z,2025-10-12T13:55:04.004785433Z,0.088099,72.243731,72.331830,1.44,10,0,1s
NGC7027,d8a0c3b1-79bb-4ac8-a55d-9db9a9e8635e,2025-10-12T13:53:58.915198314Z,2025-10-12T13:53:59.899246587Z,2025-10-12T13:55:12.739034817Z,0.984048,72.839788,73.823837,1.44,10,0,1s
NGC7024,a5c52631-de8a-4191-8949-31077caa74fd,2025-10-12T13:54:02.760239279Z,2025-10-12T13:54:15.943277493Z,2025-10-12T13:55:41.439314915Z,13.183038,85.496037,98.679076,1.43,10,0,1s
NGC7027,667a23c3-9cac-4504-808b-55e2bd0afcd2,2025-10-12T13:54:07.613483185Z,2025-10-12T13:54:22.621089498Z,2025-10-12T13:56:17.189511763Z,15.007606,114.568422,129.576029,1.44,10,1,1s
NGC7031,7a5eac6f-f948-4e90-b1ed-3eb34d873725,2025-10-12T13:54:11.899158514Z,2025-10-12T13:54:50.915311874Z,2025-10-12T13:56:13.669445736Z,39.016153,82.754134,121.770287,1.43,10,2,1s
NGC7027,020c4fad-8be6-4c1b-9048-43c4851a3bc9,2025-10-12T13:54:14.230163361Z,2025-10-12T13:54:52.335756186Z,2025-10-12T13:56:15.285354852Z,38.105593,82.949599,121.055191,1.44,10,3,1s
NGC7024,5e5db311-2e39-4f2d-a95f-d9771ea77250,2025-10-12T13:54:14.311507246Z,2025-10-12T13:55:06.982136632Z,2025-10-12T13:56:23.726295528Z,52.670629,76.744159,129.414788,1.43,10,4,1s
NGC7027,a25fd49c-f153-4f7d-b932-dfe91e0a6fd3,2025-10-12T13:54:25.132728671Z,2025-10-12T13:55:07.932170641Z,2025-10-12T13:56:42.811278233Z,42.799442,94.879108,137.678550,1.43,10,3,1s
NGC7024,f15b1b2d-0344-47dd-acf2-f6c114d2a506,2025-10-12T13:54:25.849914792Z,2025-10-12T13:55:08.301837444Z,2025-10-12T13:56:30.386278875Z,42.451923,82.084441,124.536364,1.43,10,4,1s
NGC7031,5aa60f96-20ec-470c-8ebe-14074688bbb6,2025-10-12T13:54:32.709135903Z,2025-10-12T13:55:13.42951692Z,2025-10-12T13:56:41.258718019Z,40.720381,87.829201,128.549582,1.44,10,5,1s
NGC7027,a4ff009e-2841-48e2-9cd3-108ca04c0cf0,2025-10-12T13:54:37.939817704Z,2025-10-12T13:55:14.018089121Z,2025-10-12T13:56:32.314377852Z,36.078271,78.296289,114.374560,1.43,10,6,1s
NGC7024,d008985d-c609-4a03-b045-3500d28e568a,2025-10-12T13:54:37.947944752Z,2025-10-12T13:55:23.127612633Z,2025-10-12T13:56:47.38923829Z,45.179668,84.261626,129.441294,1.43,10,6,1s
NGC7031,784e9adc-4981-4a1a-a953-296f9f1fcf72,2025-10-12T13:54:40.569080598Z,2025-10-12T13:55:47.215649696Z,2025-10-12T13:57:51.642208481Z,66.646569,124.426559,191.073128,1.44,10,8,1s
NGC7022,09b75718-c787-4d91-ad8f-1501bde6e8a9,2025-10-12T13:54:41.852410115Z,2025-10-12T13:56:20.147951994Z,2025-10-12T13:58:19.533445039Z,98.295542,119.385493,217.681035,1.43,10,9,1s
NGC7027,1ef03bb9-1efb-42a6-aeab-49a0aa674551,2025-10-12T13:54:44.589727043Z,2025-10-12T13:56:20.590358284Z,2025-10-12T13:58:16.846500259Z,96.000631,116.256142,212.256773,1.43,10,10,1s
NGC7024,6f0a8d61-b885-4250-a8a3-fea55dfa229c,2025-10-12T13:54:44.688296856Z,2025-10-12T13:56:21.829245769Z,2025-10-12T13:57:49.544411051Z,97.140949,87.715165,184.856114,1.44,10,11,1s
NGC7031,758ec87f-8307-4bae-81ec-334f9deba484,2025-10-12T13:54:47.587878513Z,2025-10-12T13:56:29.199434614Z,2025-10-12T13:57:54.274642711Z,101.611556,85.075208,186.686764,1.44,10,12,1s
NGC7022,953e64da-4039-4526-9935-d659743f992f,2025-10-12T13:54:49.72179566Z,2025-10-12T13:56:31.515692303Z,2025-10-12T13:58:00.38793262Z,101.793897,88.872240,190.666137,1.44,10,13,1s
NGC7024,d39d1ce4-e763-4a59-b5ff-8d30257d27fd,2025-10-12T13:54:52.057546988Z,2025-10-12T13:56:35.23403259Z,2025-10-12T13:57:13.77942365Z,103.176486,38.545391,141.721877,0.48,10,13,1s
NGC7027,80928412-9fb1-4361-8577-32750cecdc36,2025-10-12T13:54:52.756027854Z,2025-10-12T13:56:36.665828726Z,2025-10-12T13:58:03.952512553Z,103.909801,87.286684,191.196485,1.43,10,13,1s
NGC7031,75459dc3-72b5-41d9-9f38-10a2a3ed1c83,2025-10-12T13:54:58.936881952Z,2025-10-12T13:56:48.148848872Z,2025-10-12T13:58:23.939265026Z,109.211967,95.790416,205.002383,1.44,10,14,1s
NGC7022,9976a206-1d67-49dd-b53a-0200dfc719dd,2025-10-12T13:54:59.081047228Z,2025-10-12T13:56:55.391195159Z,2025-10-12T13:58:32.575140429Z,116.310148,97.183945,213.494093,1.44,10,15,1s
NGC7027,88c29e76-305b-46ed-8940-6dd2ca556d0a,2025-10-12T13:55:01.767376589Z,2025-10-12T13:57:19.340915864Z,2025-10-12T13:58:53.720667963Z,137.573539,94.379752,231.953291,1.44,10,16,1s
NGC7031,bf4c0392-6c2d-4e01-b72b-e8c735d85c67,2025-10-12T13:55:04.575388456Z,2025-10-12T13:57:57.980374907Z,2025-10-12T13:59:57.556753224Z,173.404986,119.576378,292.981365,1.44,10,17,1s
NGC7027,eb814046-eef5-43f3-9b71-bd7615374d35,2025-10-12T13:55:07.018386078Z,2025-10-12T13:57:59.413339458Z,2025-10-12T13:58:45.925575698Z,172.394953,46.512236,218.907190,0.48,10,17,1s
NGC7022,75aae79b-805f-476d-9b37-76972b89bdd2,2025-10-12T13:55:07.520106513Z,2025-10-12T13:58:02.426568882Z,2025-10-12T13:59:39.525899424Z,174.906462,97.099331,272.005793,1.44,10,18,1s
NGC7026,bd29d958-e3df-440e-8b95-c53ae8c31e74,2025-10-12T13:55:12.012671408Z,2025-10-12T13:58:10.756686087Z,2025-10-12T13:59:42.652778163Z,178.744015,91.896092,270.640107,1.43,10,17,1s
NGC7031,eb5cd226-8fc0-48ec-85c6-eb7ebfe19c1d,2025-10-12T13:55:12.195484466Z,2025-10-12T13:58:14.915547201Z,2025-10-12T13:59:41.076845074Z,182.720063,86.161298,268.881361,1.43,10,18,1s
NGC7022,e27f3ffe-ff3a-45d6-b98a-84071033b5a8,2025-10-12T13:55:13.758583209Z,2025-10-12T13:58:22.903475141Z,2025-10-12T13:59:44.225603414Z,189.144892,81.322128,270.467020,1.44,10,18,1s
NGC7031,f8ab51a2-4706-4f11-83e2-fa3c5033de8c,2025-10-12T13:55:15.454145612Z,2025-10-12T13:58:25.37424524Z,2025-10-12T13:59:45.759617252Z,189.920100,80.385372,270.305472,1.43,10,18,1s
NGC7026,b1da58a2-3a56-4364-bdae-0c6a559f8744,2025-10-12T13:55:16.34528877Z,2025-10-12T13:58:29.409059304Z,2025-10-12T14:00:00.411444381Z,193.063771,91.002385,284.066156,1.44,10,19,1s
NGC7022,cc6b144a-c77e-43d4-805c-853bc594e732,2025-10-12T13:55:21.812457474Z,2025-10-12T13:58:40.64372077Z,2025-10-12T14:00:04.56854545Z,198.831263,83.924825,282.756088,1.44,10,20,1s
NGC7031,7e22da65-fd63-419f-94f7-4b684fdf7465,2025-10-12T13:55:25.631132609Z,2025-10-12T13:58:52.530960303Z,2025-10-12T14:00:11.13858205Z,206.899828,78.607622,285.507449,1.43,10,20,1s
NGC7026,93638080-85d8-4d7e-84f9-984ef86489ee,2025-10-12T13:55:25.879663291Z,2025-10-12T13:58:57.531476502Z,2025-10-12T14:00:29.781248243Z,211.651813,92.249772,303.901585,1.44,10,21,1s
NGC7022,4186e646-79a0-4fbb-bf9c-94733fb41894,2025-10-12T13:55:28.040781972Z,2025-10-12T13:59:30.685665274Z,2025-10-12T14:01:08.918308627Z,242.644883,98.232643,340.877527,1.43,10,22,1s
NGC7026,af221935-5b59-4caf-a262-4725c60821d6,2025-10-12T13:55:32.893444817Z,2025-10-12T13:59:48.972978915Z,2025-10-12T14:01:45.056153443Z,256.079534,116.083175,372.162709,1.44,10,23,1s
NGC7031,f1e70fb5-eaa6-4e6b-924b-8652593718b3,2025-10-12T13:55:33.114729601Z,2025-10-12T13:59:49.14549914Z,2025-10-12T14:01:46.598177371Z,256.030770,117.452678,373.483448,1.43,10,24,1s
NGC7022,5268957e-3c5b-4253-a46c-6e4dbdb2c066,2025-10-12T13:55:33.901078884Z,2025-10-12T13:59:51.077644579Z,2025-10-12T14:01:24.572464142Z,257.176566,93.494820,350.671385,1.43,10,25,1s
NGC7026,0a404b6a-516c-43d7-b0ae-1468ff8d7c8b,2025-10-12T13:55:36.549254048Z,2025-10-12T13:59:51.577715323Z,2025-10-12T14:01:26.605667392Z,255.028461,95.027952,350.056413,1.44,10,26,1s
NGC7031,1261733e-3c1a-4618-b497-fe2b538898e7,2025-10-12T13:55:36.638010475Z,2025-10-12T14:00:07.246313639Z,2025-10-12T14:01:41.504982213Z,270.608303,94.258669,364.866972,1.44,10,27,1s
NGC7022,cbb7fcc9-3aa7-44ff-95a0-2b978ee2b5d4,2025-10-12T13:55:37.675224836Z,2025-10-12T14:00:07.624222961Z,2025-10-12T14:01:36.686013034Z,269.948998,89.061790,359.010788,1.43,10,28,1s
NGC7031,57869af3-2533-4472-b34f-d9f4032f981b,2025-10-12T13:55:40.327106631Z,2025-10-12T14:00:08.842454592Z,2025-10-12T14:00:51.101679Z,268.515348,42.259224,310.774572,0.48,10,29,1s
NGC7026,c17a99d1-b514-450d-977d-a3a19e5eec1c,2025-10-12T13:55:40.733657156Z,2025-10-12T14:00:20.700952473Z,2025-10-12T14:02:03.176505918Z,279.967295,102.475553,382.442849,1.44,10,30,1s
NGC7022,fab3a5cb-d66a-4782-86f3-0153125104b4,2025-10-12T13:55:41.541379932Z,2025-10-12T14:00:39.722393669Z,2025-10-12T14:02:10.762710215Z,298.181014,91.040317,389.221330,1.43,10,31,1s
NGC7028,4cfe8350-1586-4437-9f1e-ec6b9116dae0,2025-10-12T13:55:41.83416036Z,2025-10-12T14:00:58.927107301Z,2025-10-12T14:02:36.471580116Z,317.092947,97.544473,414.637420,1.43,10,32,1s
NGC7026,d93613a7-4ee2-44fb-9e45-c2ea3c8ec869,2025-10-12T13:55:44.731992475Z,2025-10-12T14:01:15.895675169Z,2025-10-12T14:03:18.148436183Z,331.163683,122.252761,453.416444,1.43,10,33,1s
NGC7022,38301d2d-95d8-42ba-990e-a6f91467b6b0,2025-10-12T13:55:46.038530071Z,2025-10-12T14:01:33.27519267Z,2025-10-12T14:03:13.60503165Z,347.236663,100.329839,447.566502,1.44,10,34,1s
NGC7028,93b37527-2947-4776-b0d9-32914af494d2,2025-10-12T13:55:46.065810637Z,2025-10-12T14:01:33.817169825Z,2025-10-12T14:03:37.030858314Z,347.751359,123.213688,470.965048,1.44,10,35,1s
NGC7026,8eade41b-2a6a-4a9a-9cde-0de09b3d766b,2025-10-12T13:55:48.360686105Z,2025-10-12T14:01:42.832106176Z,2025-10-12T14:03:19.728333205Z,354.471420,96.896227,451.367647,1.43,10,35,1s
NGC7022,94ce85da-c9e1-4f86-8f2d-1a29975eb379,2025-10-12T13:55:48.888801293Z,2025-10-12T14:01:51.441952285Z,2025-10-12T14:02:37.738034923Z,362.553151,46.296083,408.849234,0.48,10,36,1s
NGC7026,e0150deb-4689-4383-9a36-1efefbc4784f,2025-10-12T13:55:52.630537777Z,2025-10-12T14:01:57.23336253Z,2025-10-12T14:03:49.743816927Z,364.602825,112.510454,477.113279,1.43,10,37,1s
NGC7028,fae92161-5242-4f87-881f-80058ebf6c46,2025-10-12T13:55:53.375324717Z,2025-10-12T14:01:58.351645732Z,2025-10-12T14:03:44.70024963Z,364.976321,106.348604,471.324925,1.44,10,38,1s
NGC7026,6d523aaa-f549-48bf-9060-8a2ee58238dd,2025-10-12T13:55:56.971474391Z,2025-10-12T14:02:10.973500087Z,2025-10-12T14:03:46.241706128Z,374.002026,95.268206,469.270232,1.43,10,39,1s
NGC7028,bd01f77c-a4c4-4539-ae85-61ff92209cad,2025-10-12T13:56:00.472948352Z,2025-10-12T14:02:20.957796178Z,2025-10-12T14:03:53.229686078Z,380.484848,92.271890,472.756738,1.44,10,40,1s
NGC7026,26359b26-696b-4a48-a6de-1af765dec54e,2025-10-12T13:56:05.49411667Z,2025-10-12T14:02:44.204829465Z,2025-10-12T14:04:12.331841642Z,398.710713,88.127012,486.837725,1.44,10,41,1s
NGC7028,7f61f5ee-2f7a-4728-b6b6-68ac8a11d46d,2025-10-12T13:56:13.624957438Z,2025-10-12T14:02:45.558145674Z,2025-10-12T14:04:14.45040721Z,391.933188,88.892262,480.825450,1.44,10,42,1s
NGC7032,ce87100e-fc1b-4cb7-bd4b-878a68b12c90,2025-10-12T13:56:14.207801075Z,2025-10-12T14:03:21.521977554Z,2025-10-12T14:04:47.289421414Z,427.314176,85.767444,513.081620,1.43,10,43,1s
NGC7026,f4b2adbe-cd3d-40d4-a478-3d519a000086,2025-10-12T13:56:14.936702815Z,2025-10-12T14:03:26.152476439Z,2025-10-12T14:03:58.452838498Z,431.215774,32.300362,463.516136,0.48,10,44,1s
NGC7028,7fbd6e47-77b6-4f3c-9928-e3b553c1822a,2025-10-12T13:56:17.356991688Z,2025-10-12T14:03:28.085476958Z,2025-10-12T14:04:58.86592165Z,430.728485,90.780445,521.508930,1.44,10,45,1s
NGC7032,86ef543a-f485-4af0-baeb-5b3f08ede771,2025-10-12T13:56:18.789795115Z,2025-10-12T14:03:46.093524987Z,2025-10-12T14:05:35.853199408Z,447.303730,109.759674,557.063404,1.44,10,46,1s
NGC7028,c12b1507-73fb-4474-833a-636816ba0663,2025-10-12T13:56:21.183681561Z,2025-10-12T14:03:50.643610319Z,2025-10-12T14:05:21.928344145Z,449.459929,91.284734,540.744663,1.43,10,45,1s
NGC7032,882a8049-b93a-46d7-953f-f14aa2d44c7c,2025-10-12T13:56:24.151481054Z,2025-10-12T14:03:52.215418753Z,2025-10-12T14:05:47.817456147Z,448.063938,115.602037,563.665975,1.44,10,45,1s
NGC7028,9bfa157e-cb47-47ca-b295-adeaad883429,2025-10-12T13:56:38.145617201Z,2025-10-12T14:03:53.484874269Z,2025-10-12T14:05:29.788072183Z,435.339257,96.303198,531.642455,1.43,10,42,1s
NGC7034,60a962c1-a618-4a53-8c36-f07a229ae060,2025-10-12T13:56:42.041375443Z,2025-10-12T14:03:56.214276606Z,2025-10-12T14:05:31.348516542Z,434.172901,95.134240,529.307141,1.43,10,43,1s
NGC7032,8d651d06-28d0-4ee5-9da5-3910195b6b82,2025-10-12T13:56:45.518985729Z,2025-10-12T14:04:10.273490276Z,2025-10-12T14:05:51.341664158Z,444.754505,101.068174,545.822678,1.44,10,44,1s
NGC7028,4b8e1288-9cab-4ad9-bf2c-b2bc17fb2ee3,2025-10-12T13:56:48.040510358Z,2025-10-12T14:04:18.779521387Z,2025-10-12T14:05:42.602595914Z,450.739011,83.823075,534.562086,1.43,10,45,1s
NGC7034,574111af-f083-4035-816b-fe2fe75194ae,2025-10-12T13:56:51.139992175Z,2025-10-12T14:04:19.402354917Z,2025-10-12T14:05:45.111071302Z,448.262363,85.708716,533.971079,1.44,10,45,1s
NGC7032,4a2bc544-93ca-42cf-90ac-b668dcadbad9,2025-10-12T13:56:55.212757099Z,2025-10-12T14:04:51.761195271Z,2025-10-12T14:06:26.437694568Z,476.548438,94.676499,571.224937,1.44,10,46,1s
NGC7028,98f654d1-b740-40cd-86b8-2946802c3ca3,2025-10-12T13:56:55.958987596Z,2025-10-12T14:05:05.35716115Z,2025-10-12T14:06:27.956350083Z,489.398174,82.599189,571.997362,1.43,10,46,1s
NGC7034,3d779733-92c3-476e-91b4-7c47227422d6,2025-10-12T13:57:01.42093409Z,2025-10-12T14:05:31.810843483Z,2025-10-12T14:06:54.334393836Z,510.389909,82.523550,592.913460,1.44,10,47,1s
NGC7032,b1b2c985-f728-4ff1-95f5-103d9a1fe39f,2025-10-12T13:57:08.55471596Z,2025-10-12T14:05:31.810972695Z,2025-10-12T14:06:52.757727536Z,503.256257,80.946755,584.203012,1.44,10,48,1s
NGC7028,73852abb-2d77-4e2e-a4c4-89ef47075ad4,2025-10-12T13:57:11.29681244Z,2025-10-12T14:05:37.414117384Z,2025-10-12T14:07:26.453153194Z,506.117305,109.039036,615.156341,1.44,10,49,1s
NGC7025,d6b7552e-4399-43c2-9a26-4939c9e360a3,2025-10-12T13:57:11.852998064Z,2025-10-12T14:05:41.279158426Z,2025-10-12T14:07:00.127537156Z,509.426160,78.848379,588.274539,1.43,10,50,1s
NGC7034,df70d775-6dab-47fd-8747-d656ff69a9a4,2025-10-12T13:57:12.711971351Z,2025-10-12T14:05:44.992287059Z,2025-10-12T14:07:02.69351198Z,512.280316,77.701225,589.981541,1.44,10,51,1s
NGC7032,2fc80d75-3f95-4c69-afd2-7ce2a321de9c,2025-10-12T13:57:16.635577409Z,2025-10-12T14:05:49.641608775Z,2025-10-12T14:07:50.13364008Z,513.006031,120.492031,633.498063,1.43,10,52,1s
NGC7028,badcdf6c-26ce-4663-b0e7-b20f5732e593,2025-10-12T13:57:17.330192627Z,2025-10-12T14:05:52.384311133Z,2025-10-12T14:06:24.873693565Z,515.054119,32.489382,547.543501,0.48,10,53,1s
NGC7025,ff90c5a0-16bd-447b-9e9b-f44965869ab6,2025-10-12T13:57:18.616860389Z,2025-10-12T14:05:57.560326562Z,2025-10-12T14:07:23.822029296Z,518.943466,86.261703,605.205169,1.44,10,54,1s
NGC7034,5e37addc-ae1a-42bb-a45a-b3dcfcdc27eb,2025-10-12T13:57:19.502934614Z,2025-10-12T14:06:29.49170311Z,2025-10-12T14:08:00.373208275Z,549.988768,90.881505,640.870274,1.44,10,54,1s
NGC7025,ede8ab7c-47f6-4ce7-bb39-8d3af599e80d,2025-10-12T13:57:24.239299392Z,2025-10-12T14:06:30.059256204Z,2025-10-12T14:08:34.101361889Z,545.819957,124.042106,669.862062,1.44,10,55,1s
NGC7032,bf29ed6b-ada6-4512-8f41-24e1c329924a,2025-10-12T13:57:27.061359251Z,2025-10-12T14:06:31.618514244Z,2025-10-12T14:08:05.401321563Z,544.557155,93.782807,638.339962,1.43,10,56,1s
NGC7034,91d9a558-6d8e-4320-9697-465c160e8489,2025-10-12T13:57:28.107341981Z,2025-10-12T14:06:58.132295336Z,2025-10-12T14:08:31.199012901Z,570.024953,93.066718,663.091671,1.44,10,57,1s
NGC7025,9c759d8f-947e-43ce-8323-8edb1be11b05,2025-10-12T13:57:29.218439249Z,2025-10-12T14:06:59.037731782Z,2025-10-12T14:08:25.013041904Z,569.819293,85.975310,655.794603,1.44,10,58,1s
NGC7032,9eed7403-b174-43e1-8b70-52ecc7d3fe56,2025-10-12T13:57:30.162959328Z,2025-10-12T14:07:07.418006726Z,2025-10-12T14:08:47.134469825Z,577.255047,99.716463,676.971510,1.43,10,59,1s
NGC7034,b71d5d6e-6bd2-4d8b-a388-9bd1796a4ab4,2025-10-12T13:57:32.771540039Z,2025-10-12T14:07:10.169143722Z,2025-10-12T14:08:52.042431615Z,577.397604,101.873288,679.270892,1.43,10,60,1s
NGC7025,f87d8553-affb-427b-818a-45e98f2b793f,2025-10-12T13:57:33.633210357Z,2025-10-12T14:07:31.74083621Z,2025-10-12T14:08:53.608688986Z,598.107626,81.867853,679.975479,1.44,10,61,1s
NGC7032,2e7100fb-022f-4f04-9076-cf7160c31e94,2025-10-12T13:57:34.614893733Z,2025-10-12T14:07:34.648821957Z,2025-10-12T14:08:55.223602222Z,600.033928,80.574780,680.608708,1.43,10,62,1s
NGC7032,aa250b1b-3b89-4ad1-bf20-10d5145a677d,2025-10-12T13:57:38.818719832Z,2025-10-12T14:07:58.863074845Z,2025-10-12T14:09:19.460136073Z,620.044355,80.597061,700.641416,1.44,10,63,1s
NGC7034,f31dd619-099e-4337-b755-6b5926006094,2025-10-12T13:57:38.879334258Z,2025-10-12T14:08:03.748189554Z,2025-10-12T14:09:24.428383732Z,624.868855,80.680194,705.549049,1.43,10,64,1s
NGC7025,02fd4249-c4c5-43b4-95c9-63833ff7ddc2,2025-10-12T13:57:41.171848913Z,2025-10-12T14:08:03.834464089Z,2025-10-12T14:09:25.95733527Z,622.662615,82.122871,704.785486,1.44,10,65,1s
NGC7033,66cec387-b8a4-4041-824d-781e3cdd450d,2025-10-12T13:57:41.928848877Z,2025-10-12T14:08:34.224278595Z,2025-10-12T14:10:03.69295918Z,652.295430,89.468681,741.764110,1.43,10,66,1s
NGC7032,3203e609-b18d-4dee-9ef9-4130efb7983e,2025-10-12T13:57:42.173427301Z,2025-10-12T14:08:39.349764943Z,2025-10-12T14:09:09.880109397Z,657.176338,30.530344,687.706682,0.48,10,67,1s
NGC7034,b1c2893b-7bea-4c52-b502-55ac989fa823,2025-10-12T13:57:43.171379576Z,2025-10-12T14:08:41.386273239Z,2025-10-12T14:10:13.08499528Z,658.214894,91.698722,749.913616,1.43,10,68,1s
NGC7025,025c91d2-5c2c-40d2-9fed-648d7756150d,2025-10-12T13:57:48.681548271Z,2025-10-12T14:08:49.607688548Z,2025-10-12T14:10:42.40803095Z,660.926140,112.800342,773.726483,1.43,10,69,1s
NGC7033,5e8d9a4f-bd9b-4429-a4a1-56cdf5d0ab5c,2025-10-12T13:57:48.959824283Z,2025-10-12T14:08:56.461768972Z,2025-10-12T14:10:40.850409794Z,667.501945,104.388641,771.890586,1.44,10,70,1s
NGC7034,a950aaac-6e03-4963-b0dc-c89afd8e719b,2025-10-12T13:57:50.367502577Z,2025-10-12T14:08:57.847193344Z,2025-10-12T14:10:38.496741613Z,667.479691,100.649548,768.129239,1.43,10,71,1s
NGC7025,9a8a5c0d-8b99-4ede-b598-2fdacdc16916,2025-10-12T13:57:52.8542969Z,2025-10-12T14:08:57.934461245Z,2025-10-12T14:10:36.923033816Z,665.080164,98.988573,764.068737,1.43,10,72,1s
NGC7033,03bba1d1-42fe-4346-b089-b8675bfe0605,2025-10-12T13:57:53.796993815Z,2025-10-12T14:09:20.447753463Z,2025-10-12T14:11:21.611263526Z,686.650760,121.163510,807.814270,1.44,10,73,1s
NGC7034,0709ebdd-1e5b-4760-a0a2-44adda4e8105,2025-10-12T13:57:55.089131616Z,2025-10-12T14:09:27.039785527Z,2025-10-12T14:11:20.076356317Z,691.950654,113.036571,804.987225,1.44,10,74,1s
NGC7033,8bb746bd-de4c-42d1-9f75-ae0a42323917,2025-10-12T13:58:02.914771999Z,2025-10-12T14:09:30.94282317Z,2025-10-12T14:11:02.379899885Z,688.028051,91.437077,779.465128,1.44,10,72,1s
NGC7034,bf920a70-6955-43d4-957d-b8cda000cc86,2025-10-12T13:58:02.988804766Z,2025-10-12T14:09:34.059058705Z,2025-10-12T14:10:14.320227956Z,691.070254,40.261169,731.331423,0.48,10,73,1s
NGC7025,9fb215b8-ec8f-4490-87f6-8d53f16d6b43,2025-10-12T13:58:04.718452567Z,2025-10-12T14:10:16.531022392Z,2025-10-12T14:11:35.385759513Z,731.812570,78.854737,810.667307,1.43,10,74,1s
NGC7033,9608f26a-e5e8-42b0-b32f-e29fae77573e,2025-10-12T13:58:07.544372085Z,2025-10-12T14:10:21.535558045Z,2025-10-12T14:11:51.719877241Z,733.991186,90.184319,824.175505,1.44,10,75,1s
NGC7025,7ff8c352-e60f-4518-ace0-36681d83aca4,2025-10-12T13:58:09.704200152Z,2025-10-12T14:10:22.15687175Z,2025-10-12T14:11:56.672931522Z,732.452672,94.516060,826.968731,1.43,10,76,1s
NGC7023,2c49a2d9-f2da-4314-abe9-5f3d8e78fea7,2025-10-12T13:58:12.05632602Z,2025-10-12T14:10:43.028192587Z,2025-10-12T14:12:12.045528892Z,750.971867,89.017336,839.989203,1.43,10,76,1s
NGC7033,e7566298-6955-4a28-b2ca-b7379136e931,2025-10-12T13:58:12.966672383Z,2025-10-12T14:10:43.097958878Z,2025-10-12T14:12:18.30230809Z,750.131286,95.204349,845.335636,1.44,10,77,1s
NGC7025,5b8be8ff-b66e-4f7d-a633-7e85a6bcb00d,2025-10-12T13:58:13.065109371Z,2025-10-12T14:10:44.640323109Z,2025-10-12T14:12:14.645492255Z,751.575214,90.005169,841.580383,1.44,10,78,1s
NGC7023,15dc8b30-4d6a-4755-a318-8b92d6a1b98e,2025-10-12T13:58:19.920901917Z,2025-10-12T14:10:49.77731654Z,2025-10-12T14:12:25.262910254Z,749.856415,95.485594,845.342008,1.44,10,78,1s
NGC7025,15eed0b6-b48e-4610-a916-1965104e2764,2025-10-12T13:58:22.853672209Z,2025-10-12T14:11:09.203704951Z,2025-10-12T14:11:57.8854644Z,766.350033,48.681759,815.031792,0.48,10,79,1s
NGC7033,2fd48574-85bd-40a9-ae74-9b779811c681,2025-10-12T13:58:24.329676772Z,2025-10-12T14:11:28.300226117Z,2025-10-12T14:13:28.961772437Z,783.970549,120.661546,904.632096,1.43,10,79,1s
NGC7023,7bd25227-00bb-44af-945b-aaa4dc4ad904,2025-10-12T13:58:30.606526993Z,2025-10-12T14:11:28.713444403Z,2025-10-12T14:13:08.119805272Z,778.106917,99.406361,877.513278,1.44,10,78,1s
NGC7033,bf2fb16d-76ab-4cbd-9de6-3f7a74bd96fc,2025-10-12T13:58:34.175315318Z,2025-10-12T14:11:40.748777718Z,2025-10-12T14:13:14.842696406Z,786.573462,94.093919,880.667381,1.43,10,79,1s
NGC7030,6fb595b3-872c-43e1-a11a-e14327816d62,2025-10-12T13:58:41.902112675Z,2025-10-12T14:11:52.706897715Z,2025-10-12T14:13:49.685838195Z,790.804785,116.978940,907.783726,1.43,10,79,1s
NGC7033,b7dba590-6faf-4d12-a402-9d73f79cbb7d,2025-10-12T13:58:45.978360758Z,2025-10-12T14:11:53.323843162Z,2025-10-12T14:13:21.375729623Z,787.345482,88.051886,875.397369,1.43,10,80,1s
NGC7023,0bdfdf7d-a166-440e-86ea-13bcc4edc855,2025-10-12T13:58:48.202474131Z,2025-10-12T14:12:09.376804297Z,2025-10-12T14:13:33.517785163Z,801.174330,84.140981,885.315311,1.44,10,81,1s
NGC7033,329c37c2-525e-455c-b6ac-1cb9f99557aa,2025-10-12T13:58:55.050955347Z,2025-10-12T14:12:20.295434819Z,2025-10-12T14:13:45.200910751Z,805.244479,84.905476,890.149955,1.43,10,81,1s
NGC7023,bbbaf3e4-8a39-4ebf-a6c6-acef585943f9,2025-10-12T13:58:56.500878139Z,2025-10-12T14:12:21.90079875Z,2025-10-12T14:13:51.568827103Z,805.399921,89.668028,895.067949,1.44,10,82,1s
NGC7030,e6245a26-ba35-4438-ae23-82774be2bded,2025-10-12T13:58:57.619074905Z,2025-10-12T14:12:24.367166416Z,2025-10-12T14:13:53.37411919Z,806.748092,89.006953,895.755044,1.44,10,82,1s
NGC7033,53fe7cfe-204c-43c4-b998-98cb883cd462,2025-10-12T13:59:08.154293901Z,2025-10-12T14:12:35.000316823Z,2025-10-12T14:13:57.8917096Z,806.846023,82.891393,889.737416,1.44,10,83,1s
NGC7030,50813f49-6a35-495b-a277-7cb0440d19c3,2025-10-12T13:59:10.598059159Z,2025-10-12T14:13:14.040472073Z,2025-10-12T14:14:52.921296682Z,843.442413,98.880825,942.323238,1.44,10,84,1s
NGC7029,bd828fe2-0f6c-40bc-9d45-b4192cf6b6af,2025-10-12T13:59:11.748013758Z,2025-10-12T14:13:22.988120897Z,2025-10-12T14:14:56.173424104Z,851.240107,93.185303,944.425410,1.43,10,85,1s
NGC7033,726df15c-147f-453e-84f9-3f292ec96a60,2025-10-12T13:59:13.462865905Z,2025-10-12T14:13:28.549303563Z,2025-10-12T14:14:00.100576899Z,855.086438,31.551273,886.637711,0.48,10,86,1s
NGC7030,67ae210c-4163-4f61-96fd-84cc8b623360,2025-10-12T13:59:16.348354797Z,2025-10-12T14:13:38.538321168Z,2025-10-12T14:15:07.300446543Z,862.189966,88.762125,950.952092,1.44,10,87,1s
NGC7029,9845e248-d008-4701-b371-0684c89d8cf1,2025-10-12T13:59:18.43625556Z,2025-10-12T14:13:43.637381809Z,2025-10-12T14:15:27.954127858Z,865.201126,104.316746,969.517872,1.44,10,88,1s
NGC7023,ec102b79-b9f1-487d-833f-5b3193f0625e,2025-10-12T13:59:29.928860218Z,2025-10-12T14:13:53.493613369Z,2025-10-12T14:15:48.343575891Z,863.564753,114.849963,978.414716,1.44,10,89,1s
NGC7030,f2f3cba4-b7eb-4f7f-8c53-fc169750f062,2025-10-12T13:59:34.801843076Z,2025-10-12T14:13:54.104791873Z,2025-10-12T14:15:24.250180785Z,859.302949,90.145389,949.448338,1.44,10,89,1s
NGC7023,616d7c69-a7b1-4446-8c42-e17b61823088,2025-10-12T13:59:35.863327492Z,2025-10-12T14:13:54.925894956Z,2025-10-12T14:15:29.491704217Z,859.062567,94.565809,953.628377,1.43,10,90,1s
NGC7030,cb899195-a0ee-45de-afa0-3de6ebc23ccf,2025-10-12T13:59:38.679017691Z,2025-10-12T14:13:57.555530997Z,2025-10-12T14:15:31.126170774Z,858.876513,93.570640,952.447153,1.44,10,91,1s
NGC7029,5fe27664-52fb-473f-acc3-b90b1b3c8ada,2025-10-12T13:59:39.750112028Z,2025-10-12T14:14:05.235577158Z,2025-10-12T14:16:19.39732308Z,865.485465,134.161746,999.647211,1.44,10,92,1s
NGC7023,59f5b7e6-dc96-40c7-a094-4dda55c10750,2025-10-12T13:59:41.137331659Z,2025-10-12T14:14:10.650484304Z,2025-10-12T14:15:32.780554372Z,869.513153,82.130070,951.643223,1.43,10,93,1s
NGC7020,70efd0c9-54ed-449a-9d3b-c584f8cbab85,2025-10-12T13:59:41.931259344Z,2025-10-12T14:14:58.302355279Z,2025-10-12T14:16:32.307028962Z,916.371096,94.004674,1010.375770,1.43,10,94,1s
NGC7030,ebe862b0-b7ac-4d6f-9313-ced890de0e78,2025-10-12T13:59:42.31751324Z,2025-10-12T14:15:02.195054618Z,2025-10-12T14:16:41.477368709Z,919.877541,99.282314,1019.159855,1.43,10,95,1s
NGC7029,cd12d8bc-0979-48fc-b63a-14d8e39c31d0,2025-10-12T13:59:42.848583589Z,2025-10-12T14:15:13.767984013Z,2025-10-12T14:16:50.038855753Z,930.919400,96.270872,1027.190272,1.44,10,96,1s
NGC7020,a32a4451-eac0-4bee-9d3a-69f3db5af641,2025-10-12T13:59:45.062540146Z,2025-10-12T14:15:28.269123643Z,2025-10-12T14:17:09.807550283Z,943.206583,101.538427,1044.745010,1.44,10,97,1s
NGC7029,d5131420-bd85-4c89-a314-2573fe502c0e,2025-10-12T13:59:46.290958637Z,2025-10-12T14:15:28.874807452Z,2025-10-12T14:17:27.048709635Z,942.583849,118.173902,1060.757751,1.44,10,98,1s
NGC7023,5cb445f0-e1a7-49a2-936e-081f9bfa21cb,2025-10-12T13:59:48.258055074Z,2025-10-12T14:15:31.183940449Z,2025-10-12T14:17:06.121297143Z,942.925885,94.937357,1037.863242,1.43,10,99,1s
NGC7020,e7fc4a9c-f373-4e6e-a2b1-133ab054b310,2025-10-12T13:59:48.904751745Z,2025-10-12T14:15:33.748896791Z,2025-10-12T14:17:20.425694034Z,944.844145,106.676797,1051.520942,1.44,10,100,1s
NGC7029,08deb999-9d3d-492f-a8f3-faae52072b0f,2025-10-12T13:59:50.852729059Z,2025-10-12T14:15:39.985606878Z,2025-10-12T14:17:48.550121513Z,949.132878,128.564515,1077.697392,1.44,10,99,1s
NGC7030,9b0ac5e2-36d9-4096-8ee2-6cc44a2b4230,2025-10-12T13:59:51.819660106Z,2025-10-12T14:15:55.67130502Z,2025-10-12T14:17:38.964254529Z,963.851645,103.292950,1067.144594,1.43,10,98,1s
NGC7020,d2015450-65f6-4cc6-adc7-afda7268f74f,2025-10-12T13:59:52.677886914Z,2025-10-12T14:16:14.531690323Z,2025-10-12T14:18:11.275518907Z,981.853803,116.743829,1098.597632,1.44,10,99,1s
NGC7023,cd09ef1b-2840-475f-9aa5-4d56a6f5ef9d,2025-10-12T13:59:52.733885372Z,2025-10-12T14:16:37.641749129Z,2025-10-12T14:18:36.18963562Z,1004.907864,118.547886,1123.455750,1.43,10,100,1s
NGC7029,4633693a-311d-44ec-a41f-465f198e6dc5,2025-10-12T13:59:54.789818257Z,2025-10-12T14:16:50.431202485Z,2025-10-12T14:18:44.802563325Z,1015.641384,114.371361,1130.012745,1.43,10,101,1s
NGC7030,0da3bcd6-2fab-44e3-8926-1ed3daf55a52,2025-10-12T13:59:55.277138914Z,2025-10-12T14:16:59.988001646Z,2025-10-12T14:18:48.219048313Z,1024.710863,108.231047,1132.941909,1.43,10,102,1s
NGC7023,24c6a077-f01d-4fac-8b33-c223802c2d44,2025-10-12T13:59:57.028740369Z,2025-10-12T14:17:14.418573949Z,2025-10-12T14:19:01.670274114Z,1037.389834,107.251700,1144.641534,1.44,10,103,1s
NGC7020,f76ce3a3-17cc-4b07-9a33-ee636f6e298b,2025-10-12T14:00:02.049386902Z,2025-10-12T14:17:16.52172312Z,2025-10-12T14:18:58.62405766Z,1034.472336,102.102335,1136.574671,1.44,10,104,1s
NGC7029,368f5c45-aac5-4d91-83b5-944aadc41e37,2025-10-12T14:00:04.980427335Z,2025-10-12T14:17:31.022943302Z,2025-10-12T14:19:31.023802778Z,1046.042516,120.000859,1166.043375,1.43,10,105,1s
NGC7030,c1494d2d-a38b-44a2-bd4a-11f9f23b6ce8,2025-10-12T14:00:04.982450988Z,2025-10-12T14:17:40.099561662Z,2025-10-12T14:19:21.38351046Z,1055.117111,101.283949,1156.401059,1.43,10,105,1s
NGC7023,04f3dccb-1079-4854-b691-bdc36909fec0,2025-10-12T14:00:08.233678369Z,2025-10-12T14:17:47.934246756Z,2025-10-12T14:18:33.762005028Z,1059.700568,45.827758,1105.528327,0.48,10,105,1s
NGC7020,c16af2bd-b305-4953-bfc1-d0df1b02113f,2025-10-12T14:00:08.242733442Z,2025-10-12T14:17:53.464658741Z,2025-10-12T14:19:36.016243266Z,1065.221925,102.551585,1167.773510,1.44,10,105,1s
NGC7029,884499d3-26da-4e90-8675-a785b0126732,2025-10-12T14:00:10.835216471Z,2025-10-12T14:18:20.834147148Z,2025-10-12T14:20:39.544714982Z,1089.998931,138.710568,1228.709499,1.43,10,106,1s
NGC7030,62baf873-e131-4002-b27e-18b5156156b3,2025-10-12T14:00:10.946697331Z,2025-10-12T14:18:43.055261928Z,2025-10-12T14:20:44.550159124Z,1112.108565,121.494897,1233.603462,1.44,10,107,1s
NGC7021,49484bd7-ce11-4da9-9906-ae44bea89c0b,2025-10-12T14:00:12.546555645Z,2025-10-12T14:18:44.899427017Z,2025-10-12T14:20:46.154194275Z,1112.352871,121.254767,1233.607639,1.43,10,108,1s
NGC7020,b3388968-f805-4126-8d35-627cacc0aecb,2025-10-12T14:00:13.572869274Z,2025-10-12T14:18:49.651085383Z,2025-10-12T14:20:42.958999133Z,1116.078216,113.307914,1229.386130,1.43,10,109,1s
NGC7029,bb079b4a-32fe-4c30-8d29-da4d2fb4aa11,2025-10-12T14:00:15.718977325Z,2025-10-12T14:18:51.228731247Z,2025-10-12T14:20:41.10239772Z,1115.509754,109.873666,1225.383420,1.43,10,110,1s
NGC7030,c74f6ff0-78c5-4df1-9428-8867c38d6a58,2025-10-12T14:00:16.602152664Z,2025-10-12T14:19:05.785742082Z,2025-10-12T14:19:50.50099061Z,1129.183589,44.715249,1173.898838,0.48,10,111,1s
NGC7021,b65d6ea0-3c3e-4802-8ae7-fd4ece7b58e4,2025-10-12T14:00:19.771735407Z,2025-10-12T14:19:10.648461423Z,2025-10-12T14:20:55.378621906Z,1130.876726,104.730160,1235.606886,1.44,10,112,1s
NGC7020,f0c24bc0-bb5f-4622-851b-e8ab34c8e403,2025-10-12T14:00:21.793210818Z,2025-10-12T14:19:28.367273971Z,2025-10-12T14:21:22.070431369Z,1146.574063,113.703157,1260.277221,1.43,10,112,1s
NGC7029,6f2e138e-9576-4c1f-bb99-6db9b75a7812,2025-10-12T14:00:24.013404125Z,2025-10-12T14:19:37.339570197Z,2025-10-12T14:21:20.441567787Z,1153.326166,103.101998,1256.428164,1.44,10,113,1s
NGC7021,01126849-a13e-4983-9919-02bfa9736827,2025-10-12T14:00:24.84366918Z,2025-10-12T14:19:45.716053824Z,2025-10-12T14:21:37.934180466Z,1160.872385,112.218127,1273.090511,1.44,10,114,1s
NGC7020,7ce8ffb0-8f35-4c21-93d5-d5f73d2048d4,2025-10-12T14:00:27.152137264Z,2025-10-12T14:20:00.926965577Z,2025-10-12T14:21:43.030320917Z,1173.774828,102.103355,1275.878184,1.43,10,115,1s
NGC7029,b66cbb96-3125-48bc-81c8-94c513f25b54,2025-10-12T14:00:29.723935309Z,2025-10-12T14:20:22.235466523Z,2025-10-12T14:20:57.723566836Z,1192.511531,35.488100,1227.999632,0.48,10,116,1s
NGC7021,1b828606-07cc-4299-b83f-d94abcde7448,2025-10-12T14:00:35.153565897Z,2025-10-12T14:20:45.460656327Z,2025-10-12T14:22:39.33635181Z,1210.307090,113.875695,1324.182786,1.44,10,117,1s
NGC7020,4a026944-3236-4a48-bdf5-45159636aa3f,2025-10-12T14:00:36.055190538Z,2025-10-12T14:20:47.919612385Z,2025-10-12T14:22:27.604081506Z,1211.864422,99.684469,1311.548891,1.43,10,118,1s
NGC7020,490465d2-ece7-42e5-91a1-6f56a113d2da,2025-10-12T14:00:43.60244647Z,2025-10-12T14:20:50.313877488Z,2025-10-12T14:22:33.80919398Z,1206.711431,103.495316,1310.206748,1.44,10,118,1s
NGC7021,abad0017-87a2-4395-939b-db825b7d0ae2,2025-10-12T14:00:43.64080558Z,2025-10-12T14:20:51.240252918Z,2025-10-12T14:22:32.041229523Z,1207.599447,100.800977,1308.400424,1.44,10,119,1s
NGC7020,eede92b3-4841-4ecb-91fd-655081448d7f,2025-10-12T14:00:50.148835428Z,2025-10-12T14:21:02.126870377Z,2025-10-12T14:21:48.285141176Z,1211.978035,46.158271,1258.136306,0.48,10,120,1s
NGC7021,ee8f9f4f-e5c0-4d4c-a316-2a2341e23ef7,2025-10-12T14:00:50.899135278Z,2025-10-12T14:21:08.338289288Z,2025-10-12T14:22:44.552135035Z,1217.439154,96.213846,1313.653000,1.44,10,121,1s
NGC7021,f34c3bc7-3ef0-4eb7-86ef-33ccc41550bc,2025-10-12T14:00:58.232499105Z,2025-10-12T14:21:28.746917238Z,2025-10-12T14:23:01.968260712Z,1230.514418,93.221343,1323.735762,1.43,10,122,1s
NGC7021,382a31c9-b55a-4cfe-b247-ba2ca48444b5,2025-10-12T14:01:11.010938152Z,2025-10-12T14:21:30.613521342Z,2025-10-12T14:22:53.058831585Z,1219.602583,82.445310,1302.047893,1.43,10,122,1s
NGC7021,7a096cdf-f5df-4e9b-8a59-48bc2084b35f,2025-10-12T14:01:25.275812359Z,2025-10-12T14:21:44.96186167Z,2025-10-12T14:22:56.742153954Z,1219.686049,71.780292,1291.466342,1.43,10,122,1s
NGC7021,f3d1227f-403b-47cf-a621-78d2ec73084f,2025-10-12T14:01:33.588702126Z,2025-10-12T14:21:50.188962541Z,2025-10-12T14:23:00.47002977Z,1216.600260,70.281067,1286.881328,1.43,10,122,1s
NGC7021,f1137868-e720-4305-b122-10b1a0eb1e1d,2025-10-12T14:01:39.416754196Z,2025-10-12T14:21:57.244890523Z,2025-10-12T14:23:09.516577937Z,1217.828136,72.271687,1290.099824,1.44,10,122,1s
NGC7021,dc96c184-e1f7-47e7-894c-ec22e6d07874,2025-10-12T14:01:44.604883121Z,2025-10-12T14:22:32.078188604Z,2025-10-12T14:22:57.948528468Z,1247.473305,25.870340,1273.343645,0.48,10,122,1s
NGC7028,fa8290cc-064b-4150-a5e0-e2a14fd637a9,2025-10-12T14:38:44.114185208Z,2025-10-12T14:38:44.401102668Z,2025-10-12T14:40:07.442704007Z,0.286917,83.041601,83.328519,1.79,12,0,10s
NGC7028,34b6260a-bc43-46d5-9ee0-7f38ce09ec07,2025-10-12T14:38:51.255865932Z,2025-10-12T14:38:51.868446643Z,2025-10-12T14:40:17.989126747Z,0.612581,86.120680,86.733261,1.80,12,0,10s
NGC7022,7124fc4e-7836-4431-9f1b-42fec3487ad9,2025-10-12T14:38:54.707554771Z,2025-10-12T14:38:54.884682296Z,2025-10-12T14:40:09.125880051Z,0.177128,74.241198,74.418325,1.79,12,0,10s
NGC7028,74da67a7-839e-4165-b56b-695f733f909f,2025-10-12T14:38:56.368647619Z,2025-10-12T14:38:56.894915753Z,2025-10-12T14:40:24.784941307Z,0.526268,87.890026,88.416294,1.79,12,0,10s
NGC7022,d416d10b-5366-4aa9-800d-44e4ac1a4c3c,2025-10-12T14:39:00.943233052Z,2025-10-12T14:39:01.100358352Z,2025-10-12T14:40:22.641416263Z,0.157125,81.541058,81.698183,1.80,12,0,10s
NGC7028,6d0c11b9-c78e-4d78-9fbf-7e51f0643728,2025-10-12T14:39:02.358487589Z,2025-10-12T14:39:02.900114944Z,2025-10-12T14:40:29.474699002Z,0.541627,86.574584,87.116211,1.80,12,0,10s
NGC7023,b5d816f9-3079-4d9d-98d3-df4fc24b9eec,2025-10-12T14:39:08.121747353Z,2025-10-12T14:39:08.921065004Z,2025-10-12T14:40:27.483051669Z,0.799318,78.561987,79.361304,1.79,12,0,10s
NGC7022,95e87ab9-7cfc-436c-ba77-84fb7319fec6,2025-10-12T14:39:11.928747739Z,2025-10-12T14:39:12.122875397Z,2025-10-12T14:40:38.508654182Z,0.194128,86.385779,86.579906,1.79,12,0,10s
NGC7028,108d16de-16c5-4e60-9af8-62f9601c8570,2025-10-12T14:39:12.197664293Z,2025-10-12T14:39:12.928051395Z,2025-10-12T14:40:42.388081035Z,0.730387,89.460030,90.190417,1.80,12,0,10s
NGC7023,d654d258-52e2-434e-a074-5750f722c5b9,2025-10-12T14:39:13.488779969Z,2025-10-12T14:39:13.93922303Z,2025-10-12T14:40:44.156024402Z,0.450443,90.216801,90.667244,1.80,12,0,10s
NGC7022,45604bc3-1aae-44c3-b741-b8d43e030e70,2025-10-12T14:39:16.630452002Z,2025-10-12T14:39:16.969487543Z,2025-10-12T14:40:48.735168198Z,0.339036,91.765681,92.104716,1.80,12,0,10s
NGC7028,d6044011-4b93-4be6-bb34-f90065a2a520,2025-10-12T14:39:16.798237186Z,2025-10-12T14:40:10.716017596Z,2025-10-12T14:41:39.899073135Z,53.917780,89.183056,143.100836,1.79,12,1,10s
NGC7023,efc530f3-b54d-4b0a-8fa8-3bd85eb0c857,2025-10-12T14:39:18.716330935Z,2025-10-12T14:40:13.142310002Z,2025-10-12T14:41:41.589122471Z,54.425979,88.446812,142.872792,1.79,12,1,10s
NGC7022,a95462ba-36da-493e-9b64-7a239746a31a,2025-10-12T14:39:21.052577275Z,2025-10-12T14:40:29.163786713Z,2025-10-12T14:41:55.74162923Z,68.111209,86.577843,154.689052,1.80,12,3,10s
NGC7028,51da28f7-8444-46f9-af25-e013fed37e4d,2025-10-12T14:39:21.277197746Z,2025-10-12T14:40:29.309200942Z,2025-10-12T14:41:53.086266245Z,68.032003,83.777065,151.809068,1.79,12,4,10s
NGC7023,1cefe13f-a09e-4a8f-9b03-9856111adaa4,2025-10-12T14:39:24.348159187Z,2025-10-12T14:40:34.148899658Z,2025-10-12T14:42:01.62720821Z,69.800740,87.478309,157.279049,1.80,12,5,10s
NGC7025,0b2253c2-75e9-4a2e-9973-9feea62206cd,2025-10-12T14:39:25.090511436Z,2025-10-12T14:40:39.357444065Z,2025-10-12T14:42:05.034691668Z,74.266933,85.677248,159.944180,1.79,12,7,10s
NGC7022,e0fc2118-4f3d-4027-81df-c8273ac86eca,2025-10-12T14:39:29.144780663Z,2025-10-12T14:40:43.20425624Z,2025-10-12T14:42:09.815523342Z,74.059476,86.611267,160.670743,1.79,12,8,10s
NGC7028,c99f5352-148e-41b3-a096-5f58686d198b,2025-10-12T14:39:30.975326089Z,2025-10-12T14:40:44.174131896Z,2025-10-12T14:42:13.334282548Z,73.198806,89.160151,162.358956,1.79,12,9,10s
NGC7023,e71f394c-dd09-40e7-b8dd-8c854804f55d,2025-10-12T14:39:32.666553674Z,2025-10-12T14:40:46.173474662Z,2025-10-12T14:42:11.615530332Z,73.506921,85.442056,158.948977,1.80,12,10,10s
NGC7025,a96a2d65-25a3-4e7a-bd06-575580556df7,2025-10-12T14:39:33.512888004Z,2025-10-12T14:41:43.98770561Z,2025-10-12T14:43:11.615001858Z,130.474818,87.627296,218.102114,1.80,12,12,10s
NGC7022,33f2ba84-39a8-4415-81c6-2312d31a2ae1,2025-10-12T14:39:34.236436395Z,2025-10-12T14:41:46.391983592Z,2025-10-12T14:43:09.957128973Z,132.155547,83.565145,215.720693,1.79,12,13,10s
NGC7028,4be54848-7863-46ef-b138-fdf09716510b,2025-10-12T14:39:35.786384474Z,2025-10-12T14:41:56.530491798Z,2025-10-12T14:43:25.129529527Z,140.744107,88.599038,229.343145,1.79,12,15,10s
NGC7023,ce8d7ab7-545c-4b74-aabd-7aebc769c24b,2025-10-12T14:39:37.399798748Z,2025-10-12T14:42:00.395643143Z,2025-10-12T14:43:30.728379369Z,142.995844,90.332736,233.328581,1.79,12,16,10s
NGC7025,3b011624-1b78-46a0-a47b-11374a5f7779,2025-10-12T14:39:38.172935197Z,2025-10-12T14:42:06.438155792Z,2025-10-12T14:43:28.575087378Z,148.265221,82.136932,230.402152,1.79,12,17,10s
NGC7022,42134b80-3380-4c78-b91f-04f05de6c98f,2025-10-12T14:39:39.225705542Z,2025-10-12T14:42:15.409234916Z,2025-10-12T14:43:36.713993568Z,156.183529,81.304759,237.488288,1.79,12,20,10s
NGC7028,3c845bcb-37c1-4243-b7b0-afa65def3285,2025-10-12T14:39:40.472196173Z,2025-10-12T14:42:15.45091513Z,2025-10-12T14:42:33.052961912Z,154.978719,17.602047,172.580766,0.12,12,21,10s
NGC7023,85058dff-d3a6-4a5a-a734-09e50c9afdf4,2025-10-12T14:39:42.418584764Z,2025-10-12T14:42:15.539224228Z,2025-10-12T14:43:38.406962652Z,153.120639,82.867738,235.988378,1.79,12,22,10s
NGC7025,37f33232-9138-4cbc-8111-34d726ee9e4d,2025-10-12T14:39:43.407737679Z,2025-10-12T14:42:17.597262279Z,2025-10-12T14:43:44.099066096Z,154.189525,86.501804,240.691328,1.80,12,23,10s
NGC7022,74c0ac39-8182-4a39-a326-0b6b233af657,2025-10-12T14:39:45.722862202Z,2025-10-12T14:43:22.623718545Z,2025-10-12T14:44:54.83459712Z,216.900856,92.210879,309.111735,1.79,12,27,10s
NGC7023,1c599539-94e7-4ff1-9375-8d1a61ab07c3,2025-10-12T14:39:50.119031942Z,2025-10-12T14:43:33.765219176Z,2025-10-12T14:45:01.027838351Z,223.646187,87.262619,310.908806,1.79,12,28,10s
NGC7025,6d375d51-d131-4a3b-b24e-90be8dbfdd6f,2025-10-12T14:39:51.247440982Z,2025-10-12T14:43:36.62898826Z,2025-10-12T14:45:06.063812626Z,225.381547,89.434824,314.816372,1.80,12,29,10s
NGC7022,e118a297-6e4f-4fff-a546-834ab63cea3f,2025-10-12T14:39:52.931000973Z,2025-10-12T14:43:41.624656358Z,2025-10-12T14:43:59.26127728Z,228.693655,17.636621,246.330276,0.12,12,32,10s
NGC7023,b8ddf9b6-2609-4040-8234-f6f8e88ad43e,2025-10-12T14:40:05.536047234Z,2025-10-12T14:43:50.857272341Z,2025-10-12T14:46:04.880566455Z,225.321225,134.023294,359.344519,1.79,12,35,10s
NGC7025,9448527e-9214-4cd2-9fe5-0096d2d16f2b,2025-10-12T14:40:06.590298152Z,2025-10-12T14:44:57.568668078Z,2025-10-12T14:46:26.349954765Z,290.978370,88.781287,379.759657,1.79,12,39,10s
NGC7023,dc3aec87-00e1-47e7-a72f-542413be9393,2025-10-12T14:40:13.345924848Z,2025-10-12T14:45:05.858845682Z,2025-10-12T14:45:22.831757123Z,292.512921,16.972911,309.485832,0.12,12,40,10s
NGC7025,1196252b-b07c-4cfb-995f-6a0c75840758,2025-10-12T14:40:18.662959298Z,2025-10-12T14:45:16.039603741Z,2025-10-12T14:46:37.697216167Z,297.376644,81.657612,379.034257,1.79,12,43,10s
NGC7025,01674be8-f19b-42b4-b5d3-c89b3763dac4,2025-10-12T14:40:28.409907354Z,2025-10-12T14:46:38.119274737Z,2025-10-12T14:48:00.285242108Z,369.709367,82.165967,451.875335,1.79,12,50,10s
NGC7025,413b96f5-9692-447f-bc1d-7ade882f164e,2025-10-12T14:40:43.592622607Z,2025-10-12T14:47:29.307387047Z,2025-10-12T14:48:54.708794739Z,405.714764,85.401408,491.116172,1.79,12,53,10s
NGC7025,1552e4a5-4eca-4bb1-a176-f26b2067fea7,2025-10-12T14:40:53.021894696Z,2025-10-12T14:48:56.512033281Z,2025-10-12T14:49:14.627418379Z,483.490139,18.115385,501.605524,0.12,12,60,10s
NGC7028,52cfd987-2948-46a9-85f9-9ae6696f381c,2025-10-12T15:10:42.749343157Z,2025-10-12T15:10:42.865320614Z,2025-10-12T15:12:40.773985317Z,0.115977,117.908665,118.024642,2.99,15,0,30s
NGC7028,1cf60f70-447d-44a9-abe6-75664b12733a,2025-10-12T15:11:04.503357257Z,2025-10-12T15:11:04.642967613Z,2025-10-12T15:13:16.604193302Z,0.139610,131.961226,132.100836,3.00,15,0,30s
NGC7028,f8375774-cda2-4878-bef7-12bf65004ea3,2025-10-12T15:11:13.340170086Z,2025-10-12T15:11:13.73122151Z,2025-10-12T15:13:22.426249812Z,0.391051,128.695028,129.086080,2.99,15,1,30s
NGC7028,2daf394d-2944-4882-8cc4-8192948acbaf,2025-10-12T15:11:36.678156427Z,2025-10-12T15:11:36.78975312Z,2025-10-12T15:14:02.111834556Z,0.111597,145.322081,145.433678,2.98,15,0,30s
NGC7027,8f0fb8c6-a4d9-4829-8ced-b41cf17b63de,2025-10-12T15:11:42.976581724Z,2025-10-12T15:11:43.132008834Z,2025-10-12T15:13:55.376124877Z,0.155427,132.244116,132.399543,2.99,15,0,30s
NGC7028,1f69db05-698e-4da1-b215-1c3f76fe673d,2025-10-12T15:11:44.838893325Z,2025-10-12T15:11:45.138611708Z,2025-10-12T15:13:57.509300365Z,0.299718,132.370689,132.670407,2.99,15,0,30s
NGC7027,47fb655f-7637-4729-a82e-4167c49ddfc9,2025-10-12T15:11:50.795062323Z,2025-10-12T15:11:50.868658315Z,2025-10-12T15:14:08.576376834Z,0.073596,137.707719,137.781315,3.00,15,0,30s
NGC7028,a81bacf6-9ff8-4f19-a250-bda8f202d59b,2025-10-12T15:11:52.278430476Z,2025-10-12T15:11:52.315110497Z,2025-10-12T15:12:59.478390527Z,0.036680,67.163280,67.199960,1.32,15,0,30s
NGC7027,9954361f-4261-4fb6-ada8-ed5ca320b3a0,2025-10-12T15:12:03.47434462Z,2025-10-12T15:12:03.929713952Z,2025-10-12T15:14:10.693448187Z,0.455369,126.763734,127.219104,2.99,15,0,30s
NGC7027,e6fee8af-5d25-40b9-bf33-c2ad39ebdee7,2025-10-12T15:12:22.765007064Z,2025-10-12T15:12:45.202456734Z,2025-10-12T15:14:58.051260978Z,22.437450,132.848804,155.286254,2.98,15,0,30s
NGC7027,4eaeb5f2-8a97-47be-8a49-0be7b5a94662,2025-10-12T15:12:40.438034194Z,2025-10-12T15:13:19.92702104Z,2025-10-12T15:15:36.748293656Z,39.488987,136.821273,176.310259,2.99,15,3,30s
NGC7023,b2c40edf-d1a2-4cea-b983-f97970eb3b88,2025-10-12T15:12:43.486203352Z,2025-10-12T15:13:21.11068513Z,2025-10-12T15:15:34.749770225Z,37.624482,133.639085,171.263567,2.99,15,4,30s
NGC7027,bf56cfa4-38a0-41f6-9299-5f00b5678ced,2025-10-12T15:12:55.010531152Z,2025-10-12T15:13:55.405136794Z,2025-10-12T15:15:05.555514793Z,60.394606,70.150378,130.544984,1.32,15,5,30s
NGC7023,9d701e99-454d-498e-b953-ed84f2542a7c,2025-10-12T15:12:59.961210735Z,2025-10-12T15:13:58.463007995Z,2025-10-12T15:16:21.593812602Z,58.501797,143.130805,201.632602,3.00,15,6,30s
NGC7023,6c2d430a-abfa-4b6c-a9a9-bf85cd54d948,2025-10-12T15:13:09.495794217Z,2025-10-12T15:14:02.091485626Z,2025-10-12T15:16:19.455912278Z,52.595691,137.364427,189.960118,2.99,15,7,30s
NGC7023,57d22d55-cfd1-44c1-b850-1592fefbd4d9,2025-10-12T15:13:17.02974876Z,2025-10-12T15:14:15.256879944Z,2025-10-12T15:16:34.088847528Z,58.227131,138.831968,197.059099,2.98,15,9,30s
NGC7023,197a2763-8dfd-40d5-8191-58d533908d81,2025-10-12T15:13:27.63531929Z,2025-10-12T15:14:23.709708469Z,2025-10-12T15:16:36.206650961Z,56.074389,132.496942,188.571332,2.99,15,9,30s
NGC7023,5398ff89-7b46-40c5-88fb-768567f2cdd5,2025-10-12T15:13:39.220338889Z,2025-10-12T15:15:10.587765215Z,2025-10-12T15:16:28.274144958Z,91.367426,77.686380,169.053806,1.32,15,11,30s
NGC7021,8655583d-6881-461c-bc65-c903306ba558,2025-10-12T15:13:43.063520324Z,2025-10-12T15:15:34.89533809Z,2025-10-12T15:17:43.560844216Z,111.831818,128.665506,240.497324,2.99,15,12,30s
NGC7021,8cf412e4-9c87-4e0e-a9bf-78d7b0d13e86,2025-10-12T15:13:53.764570566Z,2025-10-12T15:15:37.4929104Z,2025-10-12T15:17:59.138258865Z,103.728340,141.645348,245.373688,3.00,15,14,30s
NGC7021,37537fa8-0e2d-40a4-963c-a68b72c0e142,2025-10-12T15:14:11.421110422Z,2025-10-12T15:15:39.352178869Z,2025-10-12T15:17:47.784820059Z,87.931068,128.432641,216.363710,2.99,15,11,30s
NGC7021,cd0c063f-6fcf-421e-9ee2-4f5a51e5c733,2025-10-12T15:14:28.19857804Z,2025-10-12T15:16:19.747028355Z,2025-10-12T15:18:35.201003011Z,111.548450,135.453975,247.002425,2.98,15,9,30s
NGC7021,640428c4-a429-484b-95ff-5c5a6ad0b0da,2025-10-12T15:14:49.648300971Z,2025-10-12T15:16:30.577787348Z,2025-10-12T15:18:41.220411098Z,100.929486,130.642624,231.572110,2.99,15,13,30s
NGC7021,903a67f9-1091-4cfd-ab68-3cd219c9413c,2025-10-12T15:14:58.022290266Z,2025-10-12T15:16:45.005662414Z,2025-10-12T15:17:54.792822838Z,106.983372,69.787160,176.770533,1.32,15,15,30s
NGC7027,52bbbeb3-a0a5-4dee-9267-07821640c083,2025-10-12T16:17:43.287475625Z,2025-10-12T16:17:43.468215854Z,2025-10-12T16:19:33.852794974Z,0.180740,110.384579,110.565319,1.43,7,0,1s
NGC7025,6f97599f-5faa-424b-85d6-d36c0979e757,2025-10-12T16:17:43.491830693Z,2025-10-12T16:17:44.193073227Z,2025-10-12T16:19:23.986858158Z,0.701243,99.793785,100.495027,1.43,7,0,1s
NGC7026,6daa4423-621b-44e6-be40-c300757ab11d,2025-10-12T16:17:43.889250627Z,2025-10-12T16:17:44.197137944Z,2025-10-12T16:19:19.603801778Z,0.307887,95.406664,95.714551,1.43,7,1,1s
NGC7020,589594fb-1cf6-40e0-9235-76d37ae08cc4,2025-10-12T16:17:43.949181959Z,2025-10-12T16:17:44.202222788Z,2025-10-12T16:19:30.133967662Z,0.253041,105.931745,106.184786,1.43,7,2,1s
NGC7021,e699df5e-5915-47d3-863e-847b5af14cfd,2025-10-12T16:17:45.109032742Z,2025-10-12T16:17:45.202079726Z,2025-10-12T16:19:26.832071069Z,0.093047,101.629991,101.723038,1.43,7,0,1s
NGC7022,3ea43a71-10e7-42bb-9b57-da4bc60a3831,2025-10-12T16:17:46.425937811Z,2025-10-12T16:17:47.216495198Z,2025-10-12T16:19:35.854058972Z,0.790557,108.637564,109.428121,1.43,7,0,1s
NGC7023,2f9a8bc7-de80-4464-a072-3f6626d9725a,2025-10-12T16:17:47.113971553Z,2025-10-12T16:17:47.301699231Z,2025-10-12T16:19:39.786323136Z,0.187728,112.484624,112.672352,1.43,7,1,1s
NGC7027,92187f2b-a527-4972-a939-73b2345c3515,2025-10-12T16:17:47.429366162Z,2025-10-12T16:19:22.541331101Z,2025-10-12T16:20:49.656683844Z,95.111965,87.115353,182.227318,1.44,7,0,1s
NGC7025,1716be6a-111b-440d-bbfa-f66d9afa1e59,2025-10-12T16:17:47.495725432Z,2025-10-12T16:19:23.446068037Z,2025-10-12T16:20:51.220648263Z,95.950343,87.774580,183.724923,1.44,7,1,1s
NGC7020,15835be4-e7ad-429d-aa2c-bf1a21c016cd,2025-10-12T16:17:48.153704912Z,2025-10-12T16:19:23.494885107Z,2025-10-12T16:20:57.801905786Z,95.341180,94.307021,189.648201,1.44,7,2,1s
NGC7026,83e87864-3b65-45c7-b411-a6559543cbe8,2025-10-12T16:17:48.453387237Z,2025-10-12T16:19:30.697772409Z,2025-10-12T16:21:02.53221272Z,102.244385,91.834440,194.078825,1.44,7,4,1s
NGC7021,b76514ef-170f-4671-9c48-4ae0b9554599,2025-10-12T16:17:49.674104284Z,2025-10-12T16:19:31.480727503Z,2025-10-12T16:21:05.136509705Z,101.806623,93.655782,195.462405,1.44,7,5,1s
NGC7022,8ac4161b-0c8b-43ee-ab48-19269301e397,2025-10-12T16:17:50.208192973Z,2025-10-12T16:19:32.56341903Z,2025-10-12T16:21:00.348483474Z,102.355226,87.785064,190.140291,1.44,7,6,1s
NGC7023,4e747000-ddb5-4b1a-9328-f5d73e85f2b3,2025-10-12T16:17:51.471802486Z,2025-10-12T16:20:52.709177063Z,2025-10-12T16:22:36.789332686Z,181.237375,104.080156,285.317530,1.44,7,7,1s
NGC7027,d5fce0a5-cf54-4b3f-948d-14057223c947,2025-10-12T16:17:51.654284835Z,2025-10-12T16:20:53.600931856Z,2025-10-12T16:22:39.6706657Z,181.946647,106.069734,288.016381,1.44,7,8,1s
NGC7025,698f10ed-82ba-488a-bb58-7ec37a56c887,2025-10-12T16:17:51.704199403Z,2025-10-12T16:20:57.563194847Z,2025-10-12T16:22:41.229207601Z,185.858995,103.666013,289.525008,1.44,7,9,1s
NGC7020,f794d7ad-810e-4435-8ae2-69d10c878168,2025-10-12T16:17:52.233040752Z,2025-10-12T16:20:57.628308867Z,2025-10-12T16:22:43.149878144Z,185.395268,105.521569,290.916837,1.44,7,10,1s
NGC7026,c0da52d1-a8c9-4100-906f-e51e6640d488,2025-10-12T16:17:52.783182038Z,2025-10-12T16:21:06.853250186Z,2025-10-12T16:22:46.244619584Z,194.070068,99.391369,293.461438,1.44,7,11,1s
NGC7021,8d9581e5-8512-4995-82ad-4c5fe0d99b86,2025-10-12T16:17:54.54311681Z,2025-10-12T16:21:10.707714383Z,2025-10-12T16:22:47.791211253Z,196.164598,97.083497,293.248094,1.44,7,13,1s
NGC7022,b16ab789-eae5-4206-af3e-d0b59bd504e6,2025-10-12T16:17:54.691736604Z,2025-10-12T16:22:38.878432635Z,2025-10-12T16:24:05.578382548Z,284.186696,86.699950,370.886646,1.44,7,14,1s
NGC7025,a8ef4bcb-5629-4262-999e-a0aa760c8018,2025-10-12T16:17:55.437496422Z,2025-10-12T16:22:40.797111107Z,2025-10-12T16:24:11.322601608Z,285.359615,90.525491,375.885105,1.44,7,15,1s
NGC7023,2f7cda0c-ddd6-4438-a496-7cf14b3130a0,2025-10-12T16:17:55.546371408Z,2025-10-12T16:22:45.721907817Z,2025-10-12T16:24:20.256024958Z,290.175536,94.534117,384.709654,1.44,7,16,1s
NGC7027,31ec4f12-080c-40e6-adf9-b5705a27f3a2,2025-10-12T16:17:55.559808457Z,2025-10-12T16:22:45.902307475Z,2025-10-12T16:24:15.750688804Z,290.342499,89.848381,380.190880,1.44,7,16,1s
NGC7020,960cee13-339b-42d1-a1ca-11f0217cccf8,2025-10-12T16:17:56.049970389Z,2025-10-12T16:22:48.120725179Z,2025-10-12T16:24:13.850021011Z,292.070755,85.729296,377.800051,1.44,7,18,1s
NGC7026,9b66514a-bd4d-45da-8735-d520f2c7fff7,2025-10-12T16:17:56.753794823Z,2025-10-12T16:22:48.198923972Z,2025-10-12T16:24:18.347879435Z,291.445129,90.148955,381.594085,1.44,7,19,1s
NGC7022,9ae108a6-92cc-4429-9003-26ac16a8a20f,2025-10-12T16:18:00.672116846Z,2025-10-12T16:24:07.999427103Z,2025-10-12T16:25:27.93545988Z,367.327310,79.936033,447.263343,1.44,7,21,1s
NGC7025,1279a591-cb8f-44e9-9e77-b1164f7b10e2,2025-10-12T16:18:00.699330969Z,2025-10-12T16:24:14.942724825Z,2025-10-12T16:25:36.308370839Z,374.243394,81.365646,455.609040,1.44,7,22,1s
NGC7023,39a628d3-1670-49ac-9df2-efe369e4e5bf,2025-10-12T16:18:00.75165719Z,2025-10-12T16:24:16.07304811Z,2025-10-12T16:25:29.479160481Z,375.321391,73.406112,448.727503,1.44,7,23,1s
NGC7021,a436bea0-71f7-4ab0-b013-064a2d1814ca,2025-10-12T16:18:01.041692117Z,2025-10-12T16:24:16.350414742Z,2025-10-12T16:25:31.003708334Z,375.308723,74.653294,449.962016,1.44,7,24,1s
NGC7027,213e3f6e-6774-404b-a80e-84cfc40ddc70,2025-10-12T16:18:01.116951553Z,2025-10-12T16:24:17.367769764Z,2025-10-12T16:25:38.712918223Z,376.250818,81.345148,457.595967,1.44,7,25,1s
NGC7020,e0572d71-404d-430e-bf18-f824c1a01857,2025-10-12T16:18:01.149225611Z,2025-10-12T16:24:17.905537875Z,2025-10-12T16:25:40.413967086Z,376.756312,82.508429,459.264741,1.44,7,26,1s
NGC7026,5a5f52cb-df99-4ef5-a3b8-bb3794daf489,2025-10-12T16:18:01.750299729Z,2025-10-12T16:24:19.173852741Z,2025-10-12T16:25:43.905458298Z,377.423553,84.731606,462.155159,1.44,7,27,1s
NGC7022,64ffab2f-548f-4f9d-be7e-1e11949d5df1,2025-10-12T16:18:06.563918398Z,2025-10-12T16:25:31.219043343Z,2025-10-12T16:27:16.58065655Z,444.655125,105.361613,550.016738,1.44,7,29,1s
NGC7023,9b3ca6a8-9e49-4c5f-9bd6-7052377f651d,2025-10-12T16:18:06.579700903Z,2025-10-12T16:25:32.075215509Z,2025-10-12T16:27:14.761473188Z,445.495515,102.686258,548.181772,1.44,7,30,1s
NGC7025,82d9d784-610f-4af0-9c3d-493d53d5e321,2025-10-12T16:18:07.043634561Z,2025-10-12T16:25:32.527876569Z,2025-10-12T16:27:23.808569923Z,445.484242,111.280693,556.764935,1.44,7,31,1s
NGC7020,29088f52-2290-4c9f-b730-73b89f3c68b2,2025-10-12T16:18:07.685030477Z,2025-10-12T16:25:33.542086554Z,2025-10-12T16:27:28.799769654Z,445.857056,115.257683,561.114739,1.44,7,32,1s
NGC7027,a6365e1e-fc41-4220-b618-b48f6fbd98d1,2025-10-12T16:18:08.214138125Z,2025-10-12T16:25:35.085506684Z,2025-10-12T16:27:27.077256498Z,446.871369,111.991750,558.863118,1.44,7,33,1s
NGC7021,2d71bc08-1d55-4132-9ad4-20e1a826e2c5,2025-10-12T16:18:08.234646491Z,2025-10-12T16:25:35.291390274Z,2025-10-12T16:27:25.391817347Z,447.056744,110.100427,557.157171,1.44,7,34,1s
NGC7026,979a2f08-67e4-47ad-8acb-b4cf41d6f0c1,2025-10-12T16:18:09.641638516Z,2025-10-12T16:27:15.303491632Z,2025-10-12T16:28:17.41619114Z,545.661853,62.112700,607.774553,1.44,7,35,1s
NGC7022,1854a3bd-df2b-4f54-b8d2-f11f1dc267d2,2025-10-12T16:18:10.81490271Z,2025-10-12T16:27:18.246894383Z,2025-10-12T16:28:22.066843173Z,547.431992,63.819949,611.251940,1.44,7,36,1s
NGC7023,cc47a86e-61df-4fbd-a6c4-082897a878c0,2025-10-12T16:18:11.352543044Z,2025-10-12T16:27:22.50213268Z,2025-10-12T16:28:28.197067862Z,551.149590,65.694935,616.844525,1.44,7,38,1s
NGC7025,f74fe1b1-cc1d-4c78-ac08-ba370867fbd5,2025-10-12T16:18:11.905282204Z,2025-10-12T16:27:22.727838786Z,2025-10-12T16:28:31.408123971Z,550.822557,68.680285,619.502842,1.43,7,39,1s
NGC7020,a720fd45-6544-4d22-a459-e6efe59e19b4,2025-10-12T16:18:11.955784118Z,2025-10-12T16:27:22.778130749Z,2025-10-12T16:28:34.914156562Z,550.822347,72.136026,622.958372,1.43,7,40,1s
NGC7027,8cacc834-27ee-42e1-bc24-1cbd9ec697d5,2025-10-12T16:18:12.205813523Z,2025-10-12T16:27:23.327737868Z,2025-10-12T16:28:33.410248377Z,551.121924,70.082511,621.204435,1.43,7,41,1s
NGC7021,4d8165c9-54ca-4a1c-84f3-2017d676515c,2025-10-12T16:18:12.853891565Z,2025-10-12T16:28:20.441005326Z,2025-10-12T16:29:43.612605076Z,607.587114,83.171600,690.758714,1.44,7,42,1s
NGC7026,f8bfaaf8-5e2a-4099-8259-57dfccb8eed8,2025-10-12T16:18:16.97751409Z,2025-10-12T16:28:23.342662331Z,2025-10-12T16:29:50.414243938Z,606.365148,87.071582,693.436730,1.43,7,43,1s
NGC7020,c8252d06-2bad-438d-aee7-6cd120d99176,2025-10-12T16:18:17.185923679Z,2025-10-12T16:28:29.555992Z,2025-10-12T16:29:52.90425383Z,612.370068,83.348262,695.718330,1.43,7,44,1s
NGC7027,cca3f3b0-e51c-4367-8c0c-c6b49854dd3b,2025-10-12T16:18:17.266327809Z,2025-10-12T16:28:31.624721947Z,2025-10-12T16:29:54.480130643Z,614.358394,82.855409,697.213803,1.43,7,45,1s
NGC7023,b57fc075-43f0-4920-a538-1bcc20b2e6c0,2025-10-12T16:18:17.348723494Z,2025-10-12T16:28:31.851220479Z,2025-10-12T16:30:00.132691572Z,614.502497,88.281471,702.783968,1.43,7,46,1s
NGC7022,6416e06c-7f6d-4cdc-afe3-bff36bb72b1d,2025-10-12T16:18:18.358403555Z,2025-10-12T16:28:32.952124953Z,2025-10-12T16:30:01.618002682Z,614.593721,88.665878,703.259599,1.43,7,48,1s
NGC7021,896fce7a-40d3-400e-b1ad-25aa845ab51a,2025-10-12T16:18:18.455301094Z,2025-10-12T16:29:45.617156817Z,2025-10-12T16:31:20.961430276Z,687.161856,95.344273,782.506129,1.43,7,49,1s
NGC7025,6e99e119-1642-4dd8-a4c0-2392749317c5,2025-10-12T16:18:18.604496597Z,2025-10-12T16:29:53.529397591Z,2025-10-12T16:31:35.332207903Z,694.924901,101.802810,796.727711,1.43,7,50,1s
NGC7026,7cf5920f-eb67-49c2-9557-bfecf07e4683,2025-10-12T16:18:22.661627036Z,2025-10-12T16:29:55.69570119Z,2025-10-12T16:31:33.813418991Z,693.034074,98.117718,791.151792,1.43,7,51,1s
NGC7027,a95416c5-a979-49fc-91c0-b21653af841e,2025-10-12T16:18:24.167112679Z,2025-10-12T16:29:56.679762806Z,2025-10-12T16:31:32.054944869Z,692.512650,95.375182,787.887832,1.43,7,52,1s
NGC7022,9d62cbb4-0c89-4839-99b5-fca576e03aea,2025-10-12T16:18:24.835534731Z,2025-10-12T16:29:57.968023082Z,2025-10-12T16:31:38.424066914Z,693.132488,100.456044,793.588532,1.43,7,54,1s
NGC7025,9b730011-547d-4ef8-ae8b-e26ffbb24da4,2025-10-12T16:18:25.152005007Z,2025-10-12T16:29:59.121663153Z,2025-10-12T16:31:30.513933587Z,693.969658,91.392270,785.361929,1.43,7,55,1s
NGC7020,5fcfa857-38a3-4b7f-b03c-3db7eb9e0609,2025-10-12T16:18:25.26195599Z,2025-10-12T16:31:29.822504195Z,2025-10-12T16:32:37.251286077Z,784.560548,67.428782,851.989330,1.43,7,56,1s
NGC7021,2b4786c6-a004-4429-9e3c-3ad155e21429,2025-10-12T16:18:25.331567841Z,2025-10-12T16:31:37.326384581Z,2025-10-12T16:32:46.954147416Z,791.994817,69.627763,861.622580,1.43,7,57,1s
NGC7023,32c0b043-5d20-46f5-bdad-845029f5111f,2025-10-12T16:18:27.096955805Z,2025-10-12T16:31:37.837386027Z,2025-10-12T16:32:58.46512852Z,790.740430,80.627742,871.368173,1.43,7,58,1s
NGC7027,a06d9ce4-7689-4643-a081-90ccbbc854ee,2025-10-12T16:18:28.908801454Z,2025-10-12T16:31:37.898036619Z,2025-10-12T16:32:53.966978262Z,788.989235,76.068942,865.058177,1.43,7,59,1s
NGC7026,959029f3-8761-47f4-8b22-f7f9404b6d34,2025-10-12T16:18:28.939974889Z,2025-10-12T16:31:38.007136312Z,2025-10-12T16:32:42.354933203Z,789.067161,64.347797,853.414958,1.43,7,60,1s
NGC7020,de8673fe-bcf4-4f3f-b6a0-ab1ae6df100f,2025-10-12T16:18:29.31087532Z,2025-10-12T16:31:38.106125579Z,2025-10-12T16:33:00.438005833Z,788.795250,82.331880,871.127131,1.43,7,61,1s
NGC7022,4327cd91-14d2-47d1-a1ff-7650179c65c0,2025-10-12T16:18:29.388923588Z,2025-10-12T16:31:38.783280494Z,2025-10-12T16:32:40.808821904Z,789.394357,62.025541,851.419898,1.43,7,62,1s
NGC7025,e8896a67-6b8a-40c2-91d9-484438c11f0e,2025-10-12T16:18:29.431380193Z,2025-10-12T16:32:40.022946281Z,2025-10-12T16:34:04.541849402Z,850.591566,84.518903,935.110469,1.43,7,63,1s
NGC7021,24f0bc64-dd5a-49b3-802d-de19b51734a0,2025-10-12T16:18:29.584973856Z,2025-10-12T16:32:42.962544124Z,2025-10-12T16:33:40.471402743Z,853.377570,57.508859,910.886429,1.43,7,64,1s
NGC7023,e23b594c-ebde-4472-bf6e-75e7ef9becec,2025-10-12T16:18:30.804806258Z,2025-10-12T16:32:44.002068891Z,2025-10-12T16:33:52.147025731Z,853.197263,68.144957,921.342219,1.43,7,66,1s
NGC7026,a4bd86d7-a8cc-4716-93e1-55c10b7b9234,2025-10-12T16:18:38.439903993Z,2025-10-12T16:32:44.501470802Z,2025-10-12T16:33:56.439374402Z,846.061567,71.937904,917.999470,1.43,7,67,1s
NGC7021,837cb563-d596-47c9-8db3-91bdd5331669,2025-10-12T16:18:39.481777951Z,2025-10-12T16:32:45.968260039Z,2025-10-12T16:34:03.043172926Z,846.486482,77.074913,923.561395,1.43,7,68,1s
NGC7022,ad2fec7a-63af-488c-9503-ec5b0d6a1ac1,2025-10-12T16:18:39.868108514Z,2025-10-12T16:32:48.273470157Z,2025-10-12T16:33:58.544419349Z,848.405362,70.270949,918.676311,1.43,7,69,1s
NGC7020,87b1a6fa-89f6-4653-82fc-93a49924bfba,2025-10-12T16:18:41.571721935Z,2025-10-12T16:33:43.155792836Z,2025-10-12T16:35:32.359816161Z,901.584071,109.204023,1010.788094,1.44,7,71,1s
NGC7027,efbd5861-6d1c-43f6-aec8-e8cecc105eb8,2025-10-12T16:18:42.098801784Z,2025-10-12T16:33:43.323256795Z,2025-10-12T16:35:34.132759067Z,901.224455,110.809502,1012.033957,1.44,7,72,1s
NGC7025,14ee96e5-f2fc-42c9-aa4c-f15bb3dff7d1,2025-10-12T16:18:42.329947089Z,2025-10-12T16:33:43.661709101Z,2025-10-12T16:35:30.851491516Z,901.331762,107.189782,1008.521544,1.44,7,73,1s
NGC7023,657bf44a-b9fe-440a-b601-ecb5fba3a08b,2025-10-12T16:18:43.664680214Z,2025-10-12T16:33:44.120793241Z,2025-10-12T16:35:27.532929368Z,900.456113,103.412136,1003.868249,1.43,7,74,1s
NGC7020,31ca8dc5-47d4-4277-bc53-19646a5b818a,2025-10-12T16:18:46.739134927Z,2025-10-12T16:33:44.441572428Z,2025-10-12T16:34:22.989018339Z,897.702438,38.547446,936.249883,0.48,7,75,1s
NGC7021,f5f613f2-9904-48dc-b40c-988125d1c7ad,2025-10-12T16:18:46.782370313Z,2025-10-12T16:34:01.192664516Z,2025-10-12T16:35:36.249775615Z,914.410294,95.057111,1009.467405,1.44,7,76,1s
NGC7022,53be2fbf-773b-453f-846d-8c031944ef23,2025-10-12T16:18:46.852834132Z,2025-10-12T16:34:29.55554898Z,2025-10-12T16:35:49.827912557Z,942.702715,80.272364,1022.975078,1.44,7,77,1s
NGC7027,2aab18ea-69bf-489e-a211-259d51b71e41,2025-10-12T16:18:48.706696478Z,2025-10-12T16:35:26.290889383Z,2025-10-12T16:35:52.22696756Z,997.584193,25.936078,1023.520271,0.48,7,79,1s
NGC7025,74c54c3f-66e3-4583-8dd1-9cb19d1c82e1,2025-10-12T16:18:52.093255546Z,2025-10-12T16:35:26.815329333Z,2025-10-12T16:35:53.422728954Z,994.722074,26.607400,1021.329473,0.48,7,80,1s
NGC7026,4d3bf84e-1627-44f6-8d82-8f935666b442,2025-10-12T16:18:58.887406994Z,2025-10-12T16:35:27.308457067Z,2025-10-12T16:36:19.906636855Z,988.421050,52.598180,1041.019230,1.44,7,81,1s
NGC7023,69e8e34a-37b8-4e9a-a77e-e6eb1a72dacc,2025-10-12T16:19:00.703900693Z,2025-10-12T16:35:31.505796808Z,2025-10-12T16:36:23.763260465Z,990.801896,52.257464,1043.059360,1.44,7,82,1s
NGC7021,110a85c0-4ccf-424f-994e-9261df5b8f00,2025-10-12T16:19:02.330687567Z,2025-10-12T16:35:39.410473001Z,2025-10-12T16:36:03.640030679Z,997.079785,24.229558,1021.309343,0.48,7,83,1s
NGC7022,24fcfe30-791d-4419-bb0b-79e8ad17764d,2025-10-12T16:19:03.226047586Z,2025-10-12T16:35:52.71009616Z,2025-10-12T16:36:18.391391355Z,1009.484049,25.681295,1035.165344,0.48,7,84,1s
NGC7026,429d6c7d-a95f-4979-bd83-b2cc1db949eb,2025-10-12T16:19:06.393184122Z,2025-10-12T16:35:54.334544543Z,2025-10-12T16:36:21.248288294Z,1007.941360,26.913744,1034.855104,0.48,7,85,1s
NGC7023,077dcb44-429a-4bf1-bea9-f45c40397cc1,2025-10-12T16:19:08.280326591Z,2025-10-12T16:36:06.457349279Z,2025-10-12T16:36:34.985439862Z,1018.177023,28.528091,1046.705113,0.48,7,87,1s
NGC7038,e8c0f27b-b029-44e4-9b4c-dbbd523a50ee,2025-10-12T16:56:54.71588604Z,2025-10-12T16:56:54.880891601Z,2025-10-12T17:00:11.808654407Z,0.165006,196.927763,197.092768,4.55,18,0,1s
NGC7024,c76cbe5b-7523-4ea2-bf89-d3d33ff317d3,2025-10-12T16:56:56.558368301Z,2025-10-12T16:56:56.695205393Z,2025-10-12T17:00:18.829850862Z,0.136837,202.134645,202.271483,4.55,18,0,1s
NGC7028,4bf2f604-bfa6-4107-9669-091f41df5a89,2025-10-12T16:56:59.63440365Z,2025-10-12T16:56:59.702733006Z,2025-10-12T17:00:28.788909522Z,0.068329,209.086177,209.154506,4.55,18,0,1s
NGC7034,a24c32af-a5e3-4056-9953-324b8c51a84f,2025-10-12T16:57:00.071465749Z,2025-10-12T16:57:00.166025589Z,2025-10-12T17:00:25.610066051Z,0.094560,205.444040,205.538600,4.55,18,0,1s
NGC7020,988db76a-0d09-458a-805a-ed3a985a22bb,2025-10-12T16:57:03.72300916Z,2025-10-12T16:57:03.917078976Z,2025-10-12T17:00:47.88481281Z,0.194070,223.967734,224.161804,4.55,18,0,1s
NGC7022,8b003c57-e8b0-43a8-b741-7bf7c7d19bd9,2025-10-12T16:57:05.028253773Z,2025-10-12T16:57:05.344189817Z,2025-10-12T17:00:51.707077291Z,0.315936,226.362887,226.678824,4.55,18,0,1s
NGC7025,2f8f7da1-8192-412f-8d72-b6ebe1bd4fe1,2025-10-12T16:57:05.341009679Z,2025-10-12T16:57:05.352698917Z,2025-10-12T17:00:42.058179992Z,0.011689,216.705481,216.717170,4.55,18,1,1s
NGC7039,82100417-80e3-423b-94d4-48440acd5189,2025-10-12T16:57:05.407840397Z,2025-10-12T16:57:05.464264109Z,2025-10-12T17:00:19.468360342Z,0.056424,194.004096,194.060520,4.55,18,0,1s
NGC7021,70ea1ad2-8263-4b6a-bc80-0be51b40b5f3,2025-10-12T16:57:05.819237336Z,2025-10-12T16:57:05.921385136Z,2025-10-12T17:00:20.019255237Z,0.102148,194.097870,194.200018,4.55,18,0,1s
NGC7036,45d8cc89-5d99-44e5-ba76-627058e0ba6e,2025-10-12T16:57:06.618806399Z,2025-10-12T16:57:06.909000787Z,2025-10-12T17:00:27.761805044Z,0.290194,200.852804,201.142999,4.55,18,0,1s
NGC7027,177b2e19-61d7-42e9-873f-92c06c88ce55,2025-10-12T16:57:07.20367589Z,2025-10-12T16:57:07.347174667Z,2025-10-12T17:00:52.875076959Z,0.143499,225.527902,225.671401,4.55,18,0,1s
NGC7023,41446f15-789a-44e0-b445-db10672535a7,2025-10-12T16:57:12.171548055Z,2025-10-12T16:57:12.537058398Z,2025-10-12T17:00:59.280831975Z,0.365510,226.743774,227.109284,4.55,18,0,1s
NGC7031,216dcf27-ead1-40e4-86c4-df7e13968c25,2025-10-12T16:57:13.26878847Z,2025-10-12T16:57:13.948081325Z,2025-10-12T17:00:56.635412702Z,0.679293,222.687331,223.366624,4.55,18,0,1s
NGC7037,f8bb83aa-cf42-42e2-a1b7-bcfcb5674faa,2025-10-12T16:57:13.62299823Z,2025-10-12T16:57:13.950023636Z,2025-10-12T17:00:49.084732411Z,0.327025,215.134709,215.461734,4.55,18,1,1s
NGC7029,9e96152d-de38-4a1f-8efc-d07e267ed98c,2025-10-12T16:57:13.955077459Z,2025-10-12T16:57:14.954057913Z,2025-10-12T17:00:55.921090045Z,0.998980,220.967032,221.966013,4.55,18,2,1s
NGC7032,06bd542f-d61c-4c6f-b3b3-48458d9ca78e,2025-10-12T16:57:14.789376009Z,2025-10-12T17:00:13.51291395Z,2025-10-12T17:03:34.441355136Z,178.723538,200.928441,379.651979,4.55,18,1,1s
NGC7028,9e755a07-31e3-4a23-a69f-f8076f2d1c2a,2025-10-12T16:57:34.399452124Z,2025-10-12T17:00:20.144095364Z,2025-10-12T17:03:36.224198549Z,165.744643,196.080103,361.824746,4.55,18,2,1s
NGC7024,5cac3d30-a267-48d1-9ee8-10548491a807,2025-10-12T16:57:36.51576576Z,2025-10-12T17:00:23.478955401Z,2025-10-12T17:03:44.995470182Z,166.963190,201.516515,368.479704,4.55,18,3,1s
NGC7038,3fcdbcb1-9523-4bad-b296-e141b1e0b0e4,2025-10-12T16:57:37.048549614Z,2025-10-12T17:00:24.40621818Z,2025-10-12T17:03:39.716161359Z,167.357669,195.309943,362.667612,4.55,18,4,1s
NGC7020,da6e5799-7442-47c5-9e80-2008faaadeba,2025-10-12T16:57:37.39836752Z,2025-10-12T17:00:25.852782853Z,2025-10-12T17:03:48.86283124Z,168.454415,203.010048,371.464464,4.55,18,5,1s
NGC7034,80d15ed7-3505-45f6-a929-08d99ac9ad9e,2025-10-12T16:57:39.056771929Z,2025-10-12T17:00:26.506549103Z,2025-10-12T17:03:52.369664638Z,167.449777,205.863116,373.312893,4.55,18,6,1s
NGC7039,f6e54c8f-c93a-4227-bcf2-190c66eb891e,2025-10-12T16:57:39.549725716Z,2025-10-12T17:00:27.33604947Z,2025-10-12T17:03:52.91896345Z,167.786324,205.582914,373.369238,4.55,18,7,1s
NGC7022,9b2a7654-ab8a-4713-bb75-f2ab08a5c7aa,2025-10-12T16:57:39.621885469Z,2025-10-12T17:00:28.534054659Z,2025-10-12T17:03:48.427119982Z,168.912169,199.893065,368.805235,4.55,18,8,1s
NGC7021,c95032cc-ca2c-4db4-82f3-c0bdecbec5e3,2025-10-12T16:57:39.905860892Z,2025-10-12T17:00:28.793743251Z,2025-10-12T17:03:47.466849093Z,168.887882,198.673106,367.560988,4.55,18,9,1s
NGC7025,85f6c68e-d244-4dd8-910f-3d6411c4c09e,2025-10-12T16:57:42.950316179Z,2025-10-12T17:00:29.829639167Z,2025-10-12T17:03:54.083294879Z,166.879323,204.253656,371.132979,4.55,18,11,1s
NGC7029,a5612908-62a3-4afc-9401-c380ca6df587,2025-10-12T16:57:47.231970406Z,2025-10-12T17:00:33.560483234Z,2025-10-12T17:04:01.314474736Z,166.328513,207.753992,374.082504,4.55,18,14,1s
NGC7031,0fde14a2-9be6-4848-a8dd-93f200b73400,2025-10-12T16:57:47.825644689Z,2025-10-12T17:00:34.728831031Z,2025-10-12T17:03:58.197153779Z,166.903186,203.468323,370.371509,4.55,18,16,1s
NGC7023,a61032d9-c701-4153-9b25-c1fb7a70b960,2025-10-12T16:57:47.838748163Z,2025-10-12T17:00:35.867147824Z,2025-10-12T17:03:55.718376046Z,168.028400,199.851228,367.879628,4.55,18,16,1s
NGC7027,4a6a18ff-5025-4af8-9141-28b5b9df6ee4,2025-10-12T16:57:49.019491711Z,2025-10-12T17:03:31.176512735Z,2025-10-12T17:07:11.230691591Z,342.157021,220.054179,562.211200,4.55,18,18,1s
NGC7036,f3b96bbc-e881-4cfe-9372-7e4237da55a5,2025-10-12T16:57:49.658011013Z,2025-10-12T17:03:38.659083346Z,2025-10-12T17:07:09.371142157Z,349.001072,210.712059,559.713131,4.55,18,19,1s
NGC7037,90e49ea2-0849-47c3-9989-1760bbb14bbf,2025-10-12T16:57:50.297089076Z,2025-10-12T17:03:40.895021284Z,2025-10-12T17:07:16.7266838Z,350.597932,215.831663,566.429595,4.55,18,20,1s
NGC7032,4dd2b9fa-53b5-4199-96f1-6092b8f89afb,2025-10-12T16:57:51.914828213Z,2025-10-12T17:03:41.947833214Z,2025-10-12T17:07:12.198991343Z,350.033005,210.251158,560.284163,4.55,18,21,1s
NGC7028,035319c0-c93c-48da-a159-d16f6e4f6d4e,2025-10-12T16:58:08.00177843Z,2025-10-12T17:03:44.086055863Z,2025-10-12T17:07:11.306115127Z,336.084277,207.220059,543.304337,4.54,18,22,1s
NGC7024,bfd42692-b0d4-405e-bf36-26df4b0f79fb,2025-10-12T16:58:09.918559015Z,2025-10-12T17:03:45.345199654Z,2025-10-12T17:07:06.395909199Z,335.426641,201.050710,536.477350,4.54,18,23,1s
NGC7020,69c0a654-40ef-48f8-86b1-5b964c76d88f,2025-10-12T16:58:14.653764303Z,2025-10-12T17:03:45.356000068Z,2025-10-12T17:07:24.653268376Z,330.702236,219.297268,549.999504,4.54,18,24,1s
NGC7025,933444c2-a32b-4b86-9f50-af72e2d0b08e,2025-10-12T16:58:16.926735913Z,2025-10-12T17:03:46.031211347Z,2025-10-12T17:07:15.26853637Z,329.104475,209.237325,538.341800,4.54,18,25,1s
NGC7023,8a8ffa43-5d7c-44a8-8387-5126d32520b6,2025-10-12T16:58:16.977207425Z,2025-10-12T17:03:46.146832645Z,2025-10-12T17:07:25.884497896Z,329.169625,219.737665,548.907290,4.54,18,25,1s
NGC7022,28c77021-5b25-4709-b352-44777c9204e3,2025-10-12T16:58:17.022852954Z,2025-10-12T17:03:46.850493496Z,2025-10-12T17:07:19.791812734Z,329.827641,212.941319,542.768960,4.54,18,27,1s
NGC7038,49670a25-c522-4fe4-8427-f917073143f8,2025-10-12T16:58:17.985782411Z,2025-10-12T17:03:48.535327754Z,2025-10-12T17:07:24.275242417Z,330.549545,215.739915,546.289460,4.54,18,28,1s
NGC7021,0c65e58a-7921-486d-9e6c-286cb5e1f6dd,2025-10-12T16:58:19.700948377Z,2025-10-12T17:03:54.154049014Z,2025-10-12T17:07:52.150986419Z,334.453101,237.996937,572.450038,4.54,18,32,1s
NGC7027,13b555ea-6548-47d7-adf5-be3b6be2628c,2025-10-12T16:58:20.035983237Z,2025-10-12T17:03:54.36855239Z,2025-10-12T17:07:41.125144277Z,334.332569,226.756592,561.089161,4.54,18,33,1s
NGC7034,8421d4e0-5991-4003-8c42-aa4c072bce1c,2025-10-12T16:58:20.51801473Z,2025-10-12T17:03:55.177946111Z,2025-10-12T17:07:40.694197746Z,334.659931,225.516252,560.176183,4.54,18,34,1s
NGC7031,e0183d48-dc05-43de-a177-e41ee3d03660,2025-10-12T16:58:22.227370094Z,2025-10-12T17:03:56.820519406Z,2025-10-12T17:07:51.407223912Z,334.593149,234.586705,569.179854,4.54,18,35,1s
NGC7039,e95bc933-6059-4759-a928-fdf86ea6869d,2025-10-12T16:58:22.57412096Z,2025-10-12T17:06:57.658618629Z,2025-10-12T17:10:21.442998764Z,515.084498,203.784380,718.868878,4.54,18,36,1s
NGC7029,568dd710-e111-45ee-b27e-2d6d87c98e40,2025-10-12T16:58:25.225119581Z,2025-10-12T17:07:00.647219765Z,2025-10-12T17:10:20.988359566Z,515.422100,200.341140,715.763240,4.54,18,38,1s
NGC7036,cdb65266-77c8-4954-b517-bd79d6309363,2025-10-12T16:58:26.65413968Z,2025-10-12T17:07:00.871549827Z,2025-10-12T17:10:29.47244687Z,514.217410,208.600897,722.818307,4.54,18,39,1s
NGC7037,75ec2a93-2b92-4966-9323-558e80f92655,2025-10-12T16:58:29.716744352Z,2025-10-12T17:07:02.408835898Z,2025-10-12T17:10:26.420677667Z,512.692092,204.011842,716.703933,4.54,18,40,1s
NGC7032,75b297cc-6ccc-4cce-a864-84778fd24976,2025-10-12T16:58:35.225682748Z,2025-10-12T17:07:02.414268196Z,2025-10-12T17:10:24.278251115Z,507.188585,201.863983,709.052568,4.54,18,41,1s
NGC7025,0131ad41-8b61-40d5-8ba0-1e6aa621702f,2025-10-12T16:58:39.538093734Z,2025-10-12T17:07:02.492833063Z,2025-10-12T17:08:57.545775468Z,502.954739,115.052942,618.007682,2.63,18,42,1s
NGC7024,b2220c45-a123-4790-97fb-2a4d20eaca10,2025-10-12T16:58:39.603225219Z,2025-10-12T17:07:02.496835892Z,2025-10-12T17:09:00.077846074Z,502.893611,117.581010,620.474621,2.63,18,43,1s
NGC7028,35343817-b021-4444-b451-b138c9d9336f,2025-10-12T16:58:39.885701668Z,2025-10-12T17:07:02.625549693Z,2025-10-12T17:08:56.741019468Z,502.739848,114.115470,616.855318,2.63,18,44,1s
NGC7020,5daef6c0-2181-448e-9a5f-6dfb15273e9f,2025-10-12T16:58:40.062688781Z,2025-10-12T17:07:03.188786914Z,2025-10-12T17:09:00.507536512Z,503.126098,117.318750,620.444848,2.63,18,45,1s
NGC7022,fb296032-ba96-4b6a-a9ea-3e40050e6a16,2025-10-12T16:58:41.253860016Z,2025-10-12T17:07:09.841755392Z,2025-10-12T17:09:12.393034154Z,508.587895,122.551279,631.139174,2.63,18,46,1s
NGC7038,b60990e2-3cd1-4a45-9979-09fad88b51b9,2025-10-12T16:58:41.455175635Z,2025-10-12T17:07:11.062716352Z,2025-10-12T17:09:08.485342243Z,509.607541,117.422626,627.030167,2.63,18,47,1s
NGC7027,8a76202f-548b-4221-b3ec-39919bd9226e,2025-10-12T16:58:42.305954521Z,2025-10-12T17:07:12.870382289Z,2025-10-12T17:09:08.840112879Z,510.564428,115.969731,626.534158,2.63,18,48,1s
NGC7021,760ef9fc-2e13-42cd-9a69-548a45abe062,2025-10-12T16:58:42.956082363Z,2025-10-12T17:07:13.678422155Z,2025-10-12T17:09:15.169119116Z,510.722340,121.490697,632.213037,2.63,18,49,1s
NGC7023,1d8a24cc-0ea6-45b4-a19e-f166985f192e,2025-10-12T16:58:43.323613321Z,2025-10-12T17:07:14.300480672Z,2025-10-12T17:09:14.004879617Z,510.976867,119.704399,630.681266,2.63,18,50,1s
NGC7039,860c4524-b12a-463a-b393-506da171a7c4,2025-10-12T16:58:44.695107584Z,2025-10-12T17:07:18.067744211Z,2025-10-12T17:09:15.187174829Z,513.372637,117.119431,630.492067,2.63,18,52,1s
NGC7031,de640517-647d-406c-9e2b-09af25546a04,2025-10-12T16:58:44.991289361Z,2025-10-12T17:07:18.654767261Z,2025-10-12T17:09:16.124512265Z,513.663478,117.469745,631.133223,2.63,18,53,1s
NGC7034,e967c24c-2671-4e9e-80fc-3a735b1a72b4,2025-10-12T16:58:47.792726865Z,2025-10-12T17:08:59.973365509Z,2025-10-12T17:11:15.608983641Z,612.180639,135.635618,747.816257,2.63,18,55,1s
NGC7029,546a4ce2-9d1f-41ef-af6b-1aa872813d24,2025-10-12T16:58:48.294263481Z,2025-10-12T17:09:00.764473626Z,2025-10-12T17:11:17.978268844Z,612.470210,137.213795,749.684005,2.63,18,56,1s
NGC7036,557c9342-3e07-4ccb-9d81-7ccf96e9bec3,2025-10-12T16:58:51.168711848Z,2025-10-12T17:09:10.222301992Z,2025-10-12T17:11:34.534340778Z,619.053590,144.312039,763.365629,2.63,18,59,1s
NGC7037,55af2ae5-7ff1-45d4-869a-ecb184afcf12,2025-10-12T16:58:52.401954545Z,2025-10-12T17:09:11.364179848Z,2025-10-12T17:11:34.772910738Z,618.962225,143.408731,762.370956,2.63,18,60,1s
NGC7032,994f522f-44a2-4adb-ac79-082232e26f62,2025-10-12T16:58:52.587853155Z,2025-10-12T17:09:11.59764931Z,2025-10-12T17:11:35.414747317Z,619.009796,143.817098,762.826894,2.63,18,61,1s
NGC7027,c978da15-d56d-4a81-9f58-40388bdba87f,2025-10-12T17:30:17.232396011Z,2025-10-12T17:30:17.35855286Z,2025-10-12T17:34:45.768619553Z,0.126157,268.410067,268.536224,6.11,22,0,20s
NGC7027,b60a539e-2ec5-480d-975b-d851b11eb1e1,2025-10-12T17:30:39.840524941Z,2025-10-12T17:30:40.157334835Z,2025-10-12T17:35:06.362293807Z,0.316810,266.204959,266.521769,6.10,22,0,20s
NGC7022,9a3bfab1-96d9-4792-a588-f4c879bae8a9,2025-10-12T17:30:59.200798468Z,2025-10-12T17:30:59.220988156Z,2025-10-12T17:35:45.614888367Z,0.020190,286.393900,286.414090,6.11,22,0,20s
NGC7027,60463fc1-d8e8-468f-99b6-18a621cbc292,2025-10-12T17:31:11.810066685Z,2025-10-12T17:31:12.488664337Z,2025-10-12T17:34:14.120481183Z,0.678598,181.631817,182.310414,4.06,22,0,20s
NGC7026,1feb983e-74ae-4126-93da-d537a5c1658a,2025-10-12T17:31:20.087720043Z,2025-10-12T17:31:20.676465653Z,2025-10-12T17:35:48.883630101Z,0.588746,268.207164,268.795910,6.11,22,0,20s
NGC7022,a83c84a6-2b5c-4bf7-8eaf-2f8430c2be0c,2025-10-12T17:31:33.28154353Z,2025-10-12T17:31:33.787613466Z,2025-10-12T17:36:00.491236791Z,0.506070,266.703623,267.209693,6.10,22,0,20s
NGC7023,fc486db0-ae40-4ea5-b718-ff2c8341f0af,2025-10-12T17:31:37.815095874Z,2025-10-12T17:31:38.081526661Z,2025-10-12T17:36:11.026559082Z,0.266431,272.945032,273.211463,6.11,22,0,20s
NGC7026,bb66db3d-0cc0-47d5-b25d-aae002b0b330,2025-10-12T17:31:45.657188841Z,2025-10-12T17:31:45.860752017Z,2025-10-12T17:36:18.467187631Z,0.203563,272.606436,272.809999,6.10,22,0,20s
NGC7022,890e621c-f027-49d5-afa6-19b580e312ca,2025-10-12T17:31:49.499365979Z,2025-10-12T17:31:49.856772464Z,2025-10-12T17:34:49.664810226Z,0.357406,179.808038,180.165444,4.06,22,0,20s
NGC7023,6ed3a1eb-56ba-4ef4-a133-8f875a1f58ee,2025-10-12T17:31:52.939538207Z,2025-10-12T17:31:53.141033269Z,2025-10-12T17:36:25.768255777Z,0.201495,272.627223,272.828718,6.10,22,0,20s
NGC7024,4a25f7af-9aee-41ae-b8e4-1e450bb4e780,2025-10-12T17:32:18.106823149Z,2025-10-12T17:32:18.32775566Z,2025-10-12T17:36:49.781101315Z,0.220933,271.453346,271.674278,6.11,22,0,20s
NGC7028,c616023c-ba7f-4a16-a278-70f6620b65e0,2025-10-12T17:32:26.534828955Z,2025-10-12T17:32:27.003311431Z,2025-10-12T17:37:02.854456602Z,0.468482,275.851145,276.319628,6.11,22,0,20s
NGC7026,514b9aca-e856-443d-bc6d-74ef3798b198,2025-10-12T17:32:31.658608496Z,2025-10-12T17:32:32.01182792Z,2025-10-12T17:35:36.656776228Z,0.353219,184.644948,184.998168,4.06,22,0,20s
NGC7029,a52eca0d-4884-487b-954a-a9a1d1542da1,2025-10-12T17:32:38.348596772Z,2025-10-12T17:32:38.404464154Z,2025-10-12T17:37:07.943343106Z,0.055867,269.538879,269.594746,6.11,22,0,20s
NGC7023,7ef4b2ab-718b-4b19-b0ce-d5599092c08c,2025-10-12T17:32:38.445870462Z,2025-10-12T17:32:39.050046147Z,2025-10-12T17:35:39.260530242Z,0.604176,180.210484,180.814660,4.06,22,0,20s
NGC7024,40c90507-1ad8-4649-af72-9c486d6bb97f,2025-10-12T17:32:45.618767039Z,2025-10-12T17:32:46.083175845Z,2025-10-12T17:37:14.634746028Z,0.464409,268.551570,269.015979,6.10,22,0,20s
NGC7028,3a53ba1f-ba3f-42fa-bbf6-573c5d57ba42,2025-10-12T17:32:47.032181028Z,2025-10-12T17:32:47.091954606Z,2025-10-12T17:37:11.429077749Z,0.059774,264.337123,264.396897,6.10,22,0,20s
NGC7030,506bd721-ee46-4b24-a179-1d0b1168f9c0,2025-10-12T17:33:03.448959663Z,2025-10-12T17:33:03.528808005Z,2025-10-12T17:37:26.898260232Z,0.079848,263.369452,263.449301,6.11,22,0,20s
NGC7029,150f6a7d-8c23-4760-9a55-12bf37e31ae1,2025-10-12T17:33:10.110280265Z,2025-10-12T17:33:10.348983659Z,2025-10-12T17:37:30.002556887Z,0.238703,259.653573,259.892277,6.10,22,0,20s
NGC7031,4ad49a66-e32d-460d-8ed7-fa8c606d1302,2025-10-12T17:33:29.933127508Z,2025-10-12T17:34:16.137216835Z,2025-10-12T17:39:20.783124555Z,46.204089,304.645908,350.849997,6.11,22,0,20s
NGC7024,e3d81b85-e7a4-4e3e-9d2d-7a60a1c84d74,2025-10-12T17:33:29.936906218Z,2025-10-12T17:34:22.363954919Z,2025-10-12T17:37:17.054932052Z,52.427049,174.690977,227.118026,4.06,22,0,20s
NGC7028,6d0f6956-a785-4c7b-83df-ce2aa3b3c20f,2025-10-12T17:33:45.582449106Z,2025-10-12T17:34:49.126996196Z,2025-10-12T17:37:41.905395921Z,63.544547,172.778400,236.322947,4.06,22,2,20s
NGC7021,ac11c467-349c-4e63-b1b7-ffc3d09ef168,2025-10-12T17:33:46.936782085Z,2025-10-12T17:34:51.432917082Z,2025-10-12T17:39:53.318989372Z,64.496135,301.886072,366.382207,6.11,22,3,20s
NGC7030,0e44192c-5d0d-416a-a6e3-365c83d1f168,2025-10-12T17:34:04.034488314Z,2025-10-12T17:35:10.040852757Z,2025-10-12T17:40:39.609289982Z,66.006364,329.568437,395.574802,6.10,22,4,20s
NGC7029,b4013635-636b-4d2b-b266-af27658a8255,2025-10-12T17:34:18.378707568Z,2025-10-12T17:35:31.183969039Z,2025-10-12T17:38:18.582568989Z,72.805261,167.398600,240.203861,4.06,22,5,20s
NGC7031,6c0f2fb6-cfdb-4b10-a9eb-28567b83d2d6,2025-10-12T17:34:27.686816239Z,2025-10-12T17:35:33.67917265Z,2025-10-12T17:39:57.703125248Z,65.992356,264.023953,330.016309,6.10,22,5,20s
NGC7021,eb005abc-236e-4d5c-abb7-c17b5b6bd9fb,2025-10-12T17:34:36.415687173Z,2025-10-12T17:35:40.636581792Z,2025-10-12T17:40:27.150885847Z,64.220895,286.514304,350.735199,6.10,22,6,20s
NGC7030,b96d8360-81eb-4a89-b1cb-5fb24cf5659c,2025-10-12T17:34:43.72936076Z,2025-10-12T17:35:53.711070589Z,2025-10-12T17:38:42.905377569Z,69.981710,169.194307,239.176017,4.06,22,8,20s
NGC7031,b3c2af68-480a-4fca-8191-6e097b597cff,2025-10-12T17:34:55.902861028Z,2025-10-12T17:35:56.577421383Z,2025-10-12T17:38:46.673977297Z,60.674560,170.096556,230.771116,4.06,22,7,20s
NGC7021,ffc091c1-60b8-447e-9124-27df57dcb912,2025-10-12T17:34:59.277521281Z,2025-10-12T17:36:12.030220245Z,2025-10-12T17:39:17.362772224Z,72.752699,185.332552,258.085251,4.06,22,8,20s
NGC7024,591de4a7-eef7-4105-a8f1-783bdfe97db6,2025-10-12T17:55:46.745319628Z,2025-10-12T17:55:47.013920305Z,2025-10-12T17:57:16.593102283Z,0.268601,89.579182,89.847783,2.51,10,0,30s
NGC7024,2bb4673b-e0c4-4964-a46f-7ff3fad6cf8e,2025-10-12T17:55:57.730909363Z,2025-10-12T17:55:57.790781848Z,2025-10-12T17:57:38.022612074Z,0.059872,100.231830,100.291703,2.52,10,0,30s
NGC7024,1819e948-96a5-4081-bc24-8f3580945167,2025-10-12T17:56:07.621036786Z,2025-10-12T17:56:07.744521079Z,2025-10-12T17:58:09.500470326Z,0.123484,121.755949,121.879434,2.51,10,0,30s
NGC7024,19ce3bf5-d96d-4753-a22e-2a6ca73793ea,2025-10-12T17:56:14.955759848Z,2025-10-12T17:56:15.127999275Z,2025-10-12T17:58:11.56299691Z,0.172239,116.434998,116.607237,2.51,10,0,30s
NGC7020,16ed0105-7791-4aff-b38d-69a245f3c2ea,2025-10-12T17:56:17.836889098Z,2025-10-12T17:56:18.192235143Z,2025-10-12T17:58:34.700166195Z,0.355346,136.507931,136.863277,2.51,10,0,30s
NGC7024,40ce2120-d440-4a24-8295-6b9feccd9560,2025-10-12T17:56:27.836276423Z,2025-10-12T17:56:28.20818428Z,2025-10-12T17:58:46.777302689Z,0.371908,138.569118,138.941026,2.51,10,0,30s
NGC7020,cedc8c44-3af3-4faf-80e3-1cb6b6afc8f1,2025-10-12T17:56:34.930834208Z,2025-10-12T17:56:35.573753546Z,2025-10-12T17:59:03.009150373Z,0.642919,147.435397,148.078316,2.52,10,0,30s
NGC7021,d4e02cac-9d8c-4475-916d-2fdfb5360c07,2025-10-12T17:56:53.924933774Z,2025-10-12T17:56:54.862028416Z,2025-10-12T17:59:19.880282281Z,0.937095,145.018254,145.955349,2.51,10,0,30s
NGC7020,da2f3e97-af81-4978-8198-8134ded0742a,2025-10-12T17:56:56.226895375Z,2025-10-12T17:56:56.872998524Z,2025-10-12T17:59:23.683583733Z,0.646103,146.810585,147.456688,2.51,10,0,30s
NGC7024,9e0f9013-397a-4b10-8cf4-34253dea37df,2025-10-12T17:57:00.935124261Z,2025-10-12T17:57:01.889341734Z,2025-10-12T17:59:14.200062932Z,0.954217,132.310721,133.264939,2.51,10,0,30s
NGC7021,8e086b88-8845-43f6-8669-7b8c2ab71871,2025-10-12T17:57:09.149307868Z,2025-10-12T17:57:21.297036528Z,2025-10-12T18:00:17.348757148Z,12.147729,176.051721,188.199449,2.52,10,0,30s
NGC7020,83a54d69-ff18-4716-aaa9-91a450144eed,2025-10-12T17:57:10.100650189Z,2025-10-12T17:57:45.0556917Z,2025-10-12T18:00:39.219446433Z,34.955042,174.163755,209.118796,2.51,10,1,30s
NGC7024,074c772f-1266-4262-a1c5-0a673fcd143f,2025-10-12T17:57:10.523653813Z,2025-10-12T17:58:16.121708734Z,2025-10-12T17:59:40.406417851Z,65.598055,84.284709,149.882764,1.20,10,2,30s
NGC7021,a1b23c2b-c17b-4a14-ac45-32e88f4efbdb,2025-10-12T17:57:17.525134331Z,2025-10-12T17:58:17.350451751Z,2025-10-12T18:00:47.215149761Z,59.825317,149.864698,209.690015,2.51,10,3,30s
NGC7022,b393b1df-8a82-4e8e-a879-4343f1a82247,2025-10-12T17:57:17.753193589Z,2025-10-12T17:58:39.459349937Z,2025-10-12T18:01:37.355084616Z,81.706156,177.895735,259.601891,2.51,10,4,30s
NGC7020,8e51ac29-50d3-4a59-a11a-58d451dbad82,2025-10-12T17:57:18.995140316Z,2025-10-12T17:58:56.507839976Z,2025-10-12T18:01:33.395999721Z,97.512700,156.888160,254.400859,2.51,10,5,30s
NGC7022,256dc679-68ea-483a-8f98-cf8fe1ee4d61,2025-10-12T17:57:25.287027324Z,2025-10-12T17:59:06.926569516Z,2025-10-12T18:02:05.84393938Z,101.639542,178.917370,280.556912,2.52,10,5,30s
NGC7021,411ce245-3db1-47a4-98bd-5825b2e2213a,2025-10-12T17:57:27.573098286Z,2025-10-12T17:59:23.225348763Z,2025-10-12T18:02:01.716144717Z,115.652250,158.490796,274.143046,2.51,10,6,30s
NGC7020,d643c781-12ab-48a7-abb7-f311b616fb94,2025-10-12T17:57:31.044185502Z,2025-10-12T17:59:29.173436144Z,2025-10-12T18:02:10.513734596Z,118.129251,161.340298,279.469549,2.51,10,7,30s
NGC7022,4d191626-8ffe-4b47-a9ee-86668cb1e9ff,2025-10-12T17:57:36.366974703Z,2025-10-12T17:59:29.182694317Z,2025-10-12T18:02:18.843749224Z,112.815720,169.661055,282.476775,2.51,10,8,30s
NGC7021,acabe787-34a9-4ea5-9edd-7cd169090a52,2025-10-12T17:57:37.545795394Z,2025-10-12T17:59:47.323233053Z,2025-10-12T18:02:21.880182727Z,129.777438,154.556950,284.334387,2.51,10,9,30s
NGC7020,015bb7f7-54d4-4a39-9281-63bdeba21c37,2025-10-12T17:57:37.896866655Z,2025-10-12T18:00:18.699085915Z,2025-10-12T18:01:58.738849448Z,160.802219,100.039764,260.841983,1.20,10,10,30s
NGC7022,5fa588b9-ed44-4cf0-9108-acc7d41aba0a,2025-10-12T17:57:43.454329798Z,2025-10-12T18:00:44.428899948Z,2025-10-12T18:03:39.843568285Z,180.974570,175.414668,356.389238,2.51,10,11,30s
NGC7021,caf41d96-4182-4e4b-8624-5e77861ecbca,2025-10-12T17:57:44.412671518Z,2025-10-12T18:00:53.732978441Z,2025-10-12T18:03:34.345078409Z,189.320307,160.612100,349.932407,2.51,10,12,30s
NGC7023,4e55c2c8-60fc-43fd-b360-6a77da5f978b,2025-10-12T17:57:46.884674875Z,2025-10-12T18:01:36.921033176Z,2025-10-12T18:04:12.294260976Z,230.036358,155.373228,385.409586,2.51,10,12,30s
NGC7021,09da35d4-ce88-4212-a6a0-0b4a8750052d,2025-10-12T17:57:50.238058966Z,2025-10-12T18:01:40.772690349Z,2025-10-12T18:02:59.987341755Z,230.534631,79.214651,309.749283,1.20,10,13,30s
NGC7022,79f45e9b-4102-4cf5-9bb8-39539c90ff3f,2025-10-12T17:57:50.421369802Z,2025-10-12T18:02:05.888717331Z,2025-10-12T18:05:04.274901526Z,255.467348,178.386184,433.853532,2.51,10,14,30s
NGC7023,896ce8f9-12c9-4dbb-91fa-0c65526bff5d,2025-10-12T17:57:53.816070339Z,2025-10-12T18:02:07.661434687Z,2025-10-12T18:05:15.479912344Z,253.845364,187.818478,441.663842,2.52,10,15,30s
NGC7022,da747022-6581-459c-bac4-6a64c02cfb28,2025-10-12T17:57:59.158517357Z,2025-10-12T18:02:10.386318693Z,2025-10-12T18:05:10.488293726Z,251.227801,180.101975,431.329776,2.51,10,16,30s
NGC7023,2aa2ad85-b611-477a-8238-cab72148c2fa,2025-10-12T17:58:07.345359263Z,2025-10-12T18:02:10.568251169Z,2025-10-12T18:04:51.649198683Z,243.222892,161.080948,404.303839,2.51,10,17,30s
NGC7022,3ffe8c59-8234-45cf-a2aa-ea7c4be13781,2025-10-12T17:58:08.233460749Z,2025-10-12T18:02:27.61807374Z,2025-10-12T18:04:00.363830349Z,259.384613,92.745757,352.130370,1.20,10,18,30s
NGC7023,e2fca469-67ff-410e-b793-e1dbceab7c57,2025-10-12T17:58:14.651001255Z,2025-10-12T18:02:29.812270165Z,2025-10-12T18:05:17.976179826Z,255.161269,168.163910,423.325179,2.51,10,19,30s
NGC7023,28572015-1107-4cc2-984e-ff6f50f7f782,2025-10-12T17:58:23.807523101Z,2025-10-12T18:03:08.975875831Z,2025-10-12T18:05:33.535744428Z,285.168353,144.559869,429.728221,2.51,10,18,30s
NGC7023,b1c77065-b6b1-43ba-9c76-f2cacaf54b81,2025-10-12T17:58:38.853834244Z,2025-10-12T18:03:40.116005096Z,2025-10-12T18:05:50.262840075Z,301.262171,130.146835,431.409006,2.51,10,19,30s
NGC7023,c029316b-1cec-45e1-b7db-9a807e8b68ce,2025-10-12T17:58:47.786233558Z,2025-10-12T18:03:43.858686542Z,2025-10-12T18:05:12.309364366Z,296.072453,88.450678,384.523131,1.20,10,19,30s
NGC7026,3fb53f41-24f0-4651-9d95-7034607193ef,2025-10-12T18:19:36.332835427Z,2025-10-12T18:19:36.377179728Z,2025-10-12T18:20:58.799307112Z,0.044344,82.422127,82.466472,2.75,15,0,45s
NGC7026,16341032-6623-4bb9-b382-334d2b27ad25,2025-10-12T18:19:47.471897782Z,2025-10-12T18:19:47.557179087Z,2025-10-12T18:21:18.221737296Z,0.085281,90.664558,90.749840,2.76,15,0,45s
NGC7026,b7f7344c-06f4-42e1-87b5-8b5460197c35,2025-10-12T18:19:57.612677254Z,2025-10-12T18:19:57.694911262Z,2025-10-12T18:21:25.511032025Z,0.082234,87.816121,87.898355,2.75,15,0,45s
NGC7026,869b8797-1412-4356-9bbb-5d9e25090fea,2025-10-12T18:20:14.692717951Z,2025-10-12T18:20:15.18994057Z,2025-10-12T18:21:53.198233387Z,0.497223,98.008293,98.505515,2.74,15,0,45s
NGC7023,b120341f-9697-41f7-889d-e475807b7575,2025-10-12T18:20:22.14839682Z,2025-10-12T18:20:22.218521306Z,2025-10-12T18:22:03.700011548Z,0.070124,101.481490,101.551615,2.75,15,0,45s
NGC7026,825583ca-a1ff-4f32-8bf3-4bb5aafd232c,2025-10-12T18:20:47.156356308Z,2025-10-12T18:20:47.409621834Z,2025-10-12T18:22:40.914624126Z,0.253266,113.505002,113.758268,2.75,15,0,45s
NGC7023,0cf825a6-3e19-42c0-a1de-5e45cea7d903,2025-10-12T18:20:47.477031049Z,2025-10-12T18:20:47.491940874Z,2025-10-12T18:22:35.783391791Z,0.014910,108.291451,108.306361,2.76,15,0,45s
NGC7023,56f20e53-e8a0-4ab4-831c-d8f12ae6ea29,2025-10-12T18:20:56.624146235Z,2025-10-12T18:20:56.652176547Z,2025-10-12T18:22:46.975327995Z,0.028030,110.323151,110.351182,2.75,15,0,45s
NGC7026,17985b51-ce9d-4121-a355-8eec3baddd40,2025-10-12T18:20:57.916524271Z,2025-10-12T18:20:58.449046937Z,2025-10-12T18:22:56.557507822Z,0.532523,118.108461,118.640984,2.51,15,0,45s
NGC7024,acae840b-c1c8-4ceb-8e1b-1454c78efb0e,2025-10-12T18:21:07.370646545Z,2025-10-12T18:21:07.472420046Z,2025-10-12T18:23:11.588456627Z,0.101774,124.116037,124.217810,2.75,15,0,45s
NGC7023,db783779-19f9-4728-998b-b3ac62758f24,2025-10-12T18:21:10.178273526Z,2025-10-12T18:21:10.461505817Z,2025-10-12T18:23:19.603382141Z,0.283232,129.141876,129.425109,2.74,15,0,45s
NGC7024,da83d2fd-a6a2-4fb5-9557-1d381b11d66d,2025-10-12T18:21:14.887877028Z,2025-10-12T18:21:15.501484412Z,2025-10-12T18:23:17.46339684Z,0.613607,121.961912,122.575520,2.76,15,0,45s
NGC7023,36181003-c755-4b72-aa19-a0a62c457955,2025-10-12T18:21:17.130683984Z,2025-10-12T18:21:17.500038241Z,2025-10-12T18:23:15.095057309Z,0.369354,117.595019,117.964373,2.75,15,0,45s
NGC7024,cdcf10aa-2095-408b-8cc3-9b17729956c8,2025-10-12T18:21:28.949037298Z,2025-10-12T18:21:29.701380187Z,2025-10-12T18:23:43.76639123Z,0.752343,134.065011,134.817354,2.75,15,0,45s
NGC7023,329f2b82-dfe4-4fb2-83f9-22649f133b02,2025-10-12T18:21:33.584989507Z,2025-10-12T18:21:33.718496828Z,2025-10-12T18:23:21.975750697Z,0.133507,108.257254,108.390761,2.51,15,0,45s
NGC7024,5e46418d-fd06-40c9-9ddc-526844173305,2025-10-12T18:21:46.644416382Z,2025-10-12T18:21:46.806784603Z,2025-10-12T18:23:50.246274874Z,0.162368,123.439490,123.601858,2.74,15,0,45s
NGC7024,9ccf8289-8aa8-49b1-9f84-1f799a536e40,2025-10-12T18:22:09.445933662Z,2025-10-12T18:22:09.481256178Z,2025-10-12T18:24:08.036389055Z,0.035323,118.555133,118.590455,2.75,15,0,45s
NGC7024,fa6de446-74c7-4fff-b5a7-0a5438c567d4,2025-10-12T18:22:20.487769443Z,2025-10-12T18:22:21.504639982Z,2025-10-12T18:24:03.779529374Z,1.016871,102.274889,103.291760,2.51,15,0,45s
NGC7028,649f3cd2-7235-4b4a-8a24-666a9cddc2ba,2025-10-12T18:23:20.29086952Z,2025-10-12T18:23:24.089636529Z,2025-10-12T18:26:04.832407805Z,3.798767,160.742771,164.541538,2.75,15,2,45s
NGC7028,7ca765ce-de04-4d5e-a348-4a7ea4648af3,2025-10-12T18:23:49.348748329Z,2025-10-12T18:23:56.143190196Z,2025-10-12T18:26:57.137893231Z,6.794442,180.994703,187.789145,2.76,15,0,45s
NGC7028,8a517f62-318b-4e5a-ae75-25cd3427f0f1,2025-10-12T18:23:57.993944038Z,2025-10-12T18:24:09.791723084Z,2025-10-12T18:27:41.109707597Z,11.797779,211.317985,223.115764,2.75,15,0,45s
NGC7029,12267aea-c4c2-467b-9a6f-e1990bb943cf,2025-10-12T18:24:05.384248522Z,2025-10-12T18:24:11.903148343Z,2025-10-12T18:27:28.920077604Z,6.518900,197.016929,203.535829,2.75,15,1,45s
NGC7028,52c634b0-c653-4eb3-8e7c-592195d29ebb,2025-10-12T18:24:08.149075131Z,2025-10-12T18:24:23.528570293Z,2025-10-12T18:27:38.771859127Z,15.379495,195.243289,210.622784,2.74,15,2,45s
NGC7029,a45cc4c6-fb83-400b-a553-da2ea2aee38a,2025-10-12T18:24:15.271572387Z,2025-10-12T18:24:50.07089297Z,2025-10-12T18:28:06.948628351Z,34.799321,196.877735,231.677056,2.76,15,1,45s
NGC7028,3ead2ab5-4dc3-4c10-9a98-31808eebb1fd,2025-10-12T18:24:17.844209099Z,2025-10-12T18:24:50.098698179Z,2025-10-12T18:27:50.299530853Z,32.254489,180.200833,212.455322,2.75,15,2,45s
NGC7029,50e1fa42-58f7-4343-b76b-2bea96bd550b,2025-10-12T18:24:30.879610892Z,2025-10-12T18:25:04.146608153Z,2025-10-12T18:28:31.299828082Z,33.266997,207.153220,240.420217,2.75,15,2,45s
NGC7028,17fc95fd-7288-44f1-89bf-6da0297f03eb,2025-10-12T18:24:34.896652372Z,2025-10-12T18:25:07.139271388Z,2025-10-12T18:28:08.790818266Z,32.242619,181.651547,213.894166,2.51,15,3,45s
NGC7020,e1d959c9-a2cb-4ebc-91e2-dcc82c39fd94,2025-10-12T18:24:56.232823176Z,2025-10-12T18:25:16.169815695Z,2025-10-12T18:28:39.291188751Z,19.936993,203.121373,223.058366,2.75,15,2,45s
NGC7029,3efc4e8b-79ec-4a51-aabc-8fcec9187c1d,2025-10-12T18:25:13.875477512Z,2025-10-12T18:25:20.198541129Z,2025-10-12T18:28:59.78087291Z,6.323064,219.582332,225.905395,2.74,15,1,45s
NGC7022,e0edec70-2db5-45d6-8a11-4e7a03866688,2025-10-12T18:26:24.655755445Z,2025-10-12T18:26:25.250483126Z,2025-10-12T18:29:06.009917706Z,0.594728,160.759435,161.354162,2.75,15,0,45s
NGC7020,2d3a9e32-ff69-4593-a69c-fd6f2d5b2de1,2025-10-12T18:26:25.320095001Z,2025-10-12T18:26:25.358030392Z,2025-10-12T18:29:15.198162244Z,0.037935,169.840132,169.878067,2.76,15,0,45s
NGC7029,cf90eefd-0fbf-4c61-8b93-cd165dacc4ed,2025-10-12T18:26:55.284905828Z,2025-10-12T18:26:55.667397698Z,2025-10-12T18:29:20.149334844Z,0.382492,144.481937,144.864429,2.75,15,0,45s
NGC7020,7f9674da-a2c5-4713-9e10-34c43f6a175d,2025-10-12T18:27:43.686516219Z,2025-10-12T18:27:43.858582677Z,2025-10-12T18:30:20.406041935Z,0.172066,156.547459,156.719526,2.75,15,0,45s
NGC7029,3a6495d4-6d86-4085-9aa5-c7bc3600ab7a,2025-10-12T18:27:48.207386692Z,2025-10-12T18:27:48.315654396Z,2025-10-12T18:30:13.048354135Z,0.108268,144.732700,144.840967,2.51,15,0,45s
NGC7022,676e0ef5-ad96-42df-949f-cb3b3e03d9ea,2025-10-12T18:28:20.943175223Z,2025-10-12T18:28:21.042862711Z,2025-10-12T18:31:19.713506291Z,0.099687,178.670644,178.770331,2.76,15,0,45s
NGC7020,65099c3d-8631-448f-bd45-4033322af05b,2025-10-12T18:29:05.794869129Z,2025-10-12T18:29:05.914398645Z,2025-10-12T18:32:17.177368728Z,0.119530,191.262970,191.382500,2.74,15,0,45s
NGC7022,24e1ed70-de56-4e51-95d9-dbd3855bef41,2025-10-12T18:29:15.861193876Z,2025-10-12T18:29:16.086665923Z,2025-10-12T18:31:38.384963334Z,0.225472,142.298297,142.523769,2.75,15,0,45s
NGC7020,f0c0261f-dd6d-41ed-a05d-fb08054b6a96,2025-10-12T18:29:47.409477781Z,2025-10-12T18:29:47.608067735Z,2025-10-12T18:32:36.960315729Z,0.198590,169.352248,169.550838,2.75,15,0,45s
NGC7022,cb76d160-0e09-4461-9d11-da4db4144186,2025-10-12T18:29:52.385936347Z,2025-10-12T18:29:52.785143296Z,2025-10-12T18:32:43.50296871Z,0.399207,170.717825,171.117032,2.74,15,0,45s
NGC7020,bcca6e51-b50b-4188-be45-479183e7212b,2025-10-12T18:30:08.099431872Z,2025-10-12T18:30:08.320529014Z,2025-10-12T18:32:20.024905853Z,0.221097,131.704377,131.925474,2.51,15,0,45s
NGC7022,7c56f9ee-be37-426f-9f8b-705c1e9a2a14,2025-10-12T18:30:10.746102534Z,2025-10-12T18:30:11.010557302Z,2025-10-12T18:32:34.886394058Z,0.264455,143.875837,144.140292,2.75,15,0,45s
NGC7022,e2e9b716-e7ab-4ab2-8260-a104869ecddd,2025-10-12T18:30:32.179735577Z,2025-10-12T18:30:32.410658009Z,2025-10-12T18:32:51.228429959Z,0.230922,138.817772,139.048694,2.51,15,0,45s
NGC7024,22891708-f2e1-479e-9702-3ba08d09d30a,2025-10-12T18:48:38.896048499Z,2025-10-12T18:48:38.918516777Z,2025-10-12T18:50:56.694168405Z,0.022468,137.775652,137.798120,4.07,20,0,60s
NGC7032,438cbb4a-e798-4ae7-80df-512a484bc337,2025-10-12T18:49:18.825960734Z,2025-10-12T18:49:18.906051405Z,2025-10-12T18:51:47.607401278Z,0.080091,148.701350,148.781441,4.07,20,0,60s
NGC7024,fe491b88-c2bd-4847-ba40-14b73bdff358,2025-10-12T18:49:25.328878999Z,2025-10-12T18:49:25.350981286Z,2025-10-12T18:51:54.098292373Z,0.022102,148.747311,148.769413,4.07,20,0,60s
NGC7032,2e68200f-785d-4e12-8fb5-ca7a6983ecba,2025-10-12T18:50:06.941101599Z,2025-10-12T18:50:07.063856578Z,2025-10-12T18:52:44.805913774Z,0.122755,157.742057,157.864812,4.07,20,0,60s
NGC7024,894592a8-a893-43a6-a80f-7e4f7b4cdaa1,2025-10-12T18:50:09.565716608Z,2025-10-12T18:50:09.885808988Z,2025-10-12T18:52:55.33625818Z,0.320092,165.450449,165.770542,4.06,20,0,60s
NGC7032,02d5fbaa-7e35-4b3e-aa50-ad6df2a2e503,2025-10-12T18:50:16.78436118Z,2025-10-12T18:50:16.906293214Z,2025-10-12T18:53:37.427502007Z,0.121932,200.521209,200.643141,4.06,20,0,60s
NGC7027,5eb79ce4-7054-4668-8170-7cb6a79041cf,2025-10-12T18:50:19.467763813Z,2025-10-12T18:50:19.930675828Z,2025-10-12T18:53:22.623255118Z,0.462912,182.692579,183.155491,4.07,20,0,60s
NGC7024,88307410-f13f-4bcc-9631-04e8e07fc589,2025-10-12T18:50:20.366842776Z,2025-10-12T18:50:20.922139228Z,2025-10-12T18:53:02.436766879Z,0.555296,161.514628,162.069924,4.06,20,0,60s
NGC7032,f677e658-a695-4099-b9ef-73db97186f99,2025-10-12T18:50:30.919707107Z,2025-10-12T18:50:30.938173408Z,2025-10-12T18:53:34.939029065Z,0.018466,184.000856,184.019322,4.06,20,0,60s
NGC7027,a45357b3-5ef4-4841-acc0-584eaa0e019a,2025-10-12T18:50:35.084727677Z,2025-10-12T18:50:35.149026415Z,2025-10-12T18:53:45.900514398Z,0.064299,190.751488,190.815787,4.07,20,0,60s
NGC7027,5040fa61-a312-4c65-8f62-731c576ca739,2025-10-12T18:50:47.449262098Z,2025-10-12T18:50:47.484748955Z,2025-10-12T18:53:50.5447829Z,0.035487,183.060034,183.095521,4.06,20,0,60s
NGC7027,512065e4-83af-4aec-9ff6-f10ea1dfe664,2025-10-12T18:51:05.669683997Z,2025-10-12T18:51:06.23873711Z,2025-10-12T18:53:57.038209606Z,0.569053,170.799472,171.368526,4.06,20,0,60s
NGC7034,8fa4ddee-926c-4613-8bdd-db80c088f65d,2025-10-12T18:51:19.397355362Z,2025-10-12T18:51:19.552938358Z,2025-10-12T18:54:27.844706598Z,0.155583,188.291768,188.447351,4.07,20,0,60s
NGC7034,549367b9-579a-46c7-bafa-25cdb9910a4c,2025-10-12T18:51:38.144687034Z,2025-10-12T18:51:38.41981516Z,2025-10-12T18:54:39.743756731Z,0.275128,181.323942,181.599070,4.07,20,0,60s
NGC7034,803ff0b5-5ddd-422d-919c-b0b9e7012bd4,2025-10-12T18:51:52.362748854Z,2025-10-12T18:51:52.524982368Z,2025-10-12T18:55:15.329799695Z,0.162234,202.804817,202.967051,4.06,20,0,60s
NGC7034,c6380a23-cc62-4d58-b12a-ee837ff4e31b,2025-10-12T18:52:07.429848584Z,2025-10-12T18:52:07.620535191Z,2025-10-12T18:56:12.564669464Z,0.190687,244.944134,245.134821,4.06,20,0,60s
NGC7030,59938929-91ac-48c6-a395-626cfdab620c,2025-10-12T18:52:19.114951943Z,2025-10-12T18:52:19.366323579Z,2025-10-12T18:55:31.884581167Z,0.251372,192.518258,192.769629,4.07,20,0,60s
NGC7030,bfee199b-cf17-4cf2-9935-4a06b3e523b1,2025-10-12T18:52:34.898098853Z,2025-10-12T18:52:34.949050823Z,2025-10-12T18:55:41.926266629Z,0.050952,186.977216,187.028168,4.07,20,0,60s
NGC7030,f9445a29-6c72-4935-96da-63f85d9019ad,2025-10-12T18:52:59.854833954Z,2025-10-12T18:53:00.051796522Z,2025-10-12T18:56:15.370997143Z,0.196963,195.319201,195.516163,4.06,20,0,60s
NGC7025,41679276-a60d-4faa-b5c1-8af74de3b4de,2025-10-12T18:53:25.381378541Z,2025-10-12T18:53:25.521478783Z,2025-10-12T18:56:42.377897781Z,0.140100,196.856419,196.996519,4.07,20,0,60s
NGC7030,68c73dcc-3174-4b86-9ae9-51ae7376c583,2025-10-12T18:53:57.267476427Z,2025-10-12T18:53:57.348746469Z,2025-10-12T18:57:34.167458902Z,0.081270,216.818712,216.899982,4.06,20,0,60s
NGC7025,4a877651-f730-432e-a46d-1ff56eadac52,2025-10-12T18:54:18.220249496Z,2025-10-12T18:54:18.568493079Z,2025-10-12T18:57:45.890323033Z,0.348244,207.321830,207.670074,4.07,20,0,60s
NGC7025,af435834-b38e-4e5f-b53d-8d8267fa9a4a,2025-10-12T18:54:52.078090924Z,2025-10-12T18:54:52.175211822Z,2025-10-12T18:57:38.400783367Z,0.097121,166.225572,166.322692,4.06,20,0,60s
NGC7025,4717c813-1a96-4364-a654-a719f0a4f3ca,2025-10-12T18:55:12.156435454Z,2025-10-12T18:55:12.904948292Z,2025-10-12T18:57:52.431854668Z,0.748513,159.526906,160.275419,4.06,20,0,60s
NGC7031,ea8a2487-9d0e-499c-bb74-563d52db5f53,2025-10-12T18:55:19.410955689Z,2025-10-12T18:55:19.926348169Z,2025-10-12T18:58:13.200374302Z,0.515392,173.274026,173.789419,4.07,20,0,60s
NGC7031,14917b86-2d0f-4f11-9a66-34dad17491f2,2025-10-12T18:55:33.836395167Z,2025-10-12T18:55:33.982369442Z,2025-10-12T18:58:43.407629099Z,0.145974,189.425260,189.571234,4.07,20,0,60s
NGC7031,38b0c536-9a26-482e-86d9-288263a7c9d0,2025-10-12T18:55:50.402272196Z,2025-10-12T18:55:50.578113236Z,2025-10-12T18:58:39.792003057Z,0.175841,169.213890,169.389731,4.06,20,0,60s
NGC7031,0362f33d-be6b-42ac-9658-78d1e18aaf34,2025-10-12T18:56:07.320467652Z,2025-10-12T18:56:07.977241092Z,2025-10-12T18:59:20.191027351Z,0.656773,192.213786,192.870560,4.06,20,0,60s
NGC7022,9ac25d50-a69c-4e6d-95f7-9aa9b1c3932d,2025-10-12T18:56:27.116442827Z,2025-10-12T18:56:27.193170548Z,2025-10-12T18:59:16.486722322Z,0.076728,169.293552,169.370279,4.07,20,0,60s
NGC7022,89deca69-661d-4f91-949e-612182592f4e,2025-10-12T18:56:41.632681845Z,2025-10-12T18:56:42.250870444Z,2025-10-12T18:59:35.376842059Z,0.618189,173.125972,173.744160,4.07,20,0,60s
NGC7022,3807287d-c70b-4f97-9abe-a1dec99472dd,2025-10-12T18:56:58.720114844Z,2025-10-12T18:56:59.185949564Z,2025-10-12T19:00:30.331967985Z,0.465835,211.146018,211.611853,4.06,20,0,60s
NGC7022,5865469e-771e-441a-bcd6-67680c69023f,2025-10-12T18:57:16.355069637Z,2025-10-12T18:57:16.408891493Z,2025-10-12T19:00:01.895919626Z,0.053822,165.487028,165.540850,4.06,20,0,60s
NGC7023,a0acd8c0-7b25-4f65-bee9-841d1ba0b5d6,2025-10-12T18:58:19.243990464Z,2025-10-12T18:58:19.280704321Z,2025-10-12T19:01:13.435175743Z,0.036714,174.154471,174.191185,4.07,20,0,60s
NGC7023,c4f71f90-fa98-4fe7-9885-56efd3983f56,2025-10-12T18:58:34.681148291Z,2025-10-12T18:58:34.816309447Z,2025-10-12T19:01:21.224526703Z,0.135161,166.408217,166.543378,4.07,20,0,60s
NGC7023,f1f0b472-61f8-4a56-a5e4-ca121ab4da51,2025-10-12T18:58:49.559648093Z,2025-10-12T18:58:49.63842106Z,2025-10-12T19:01:40.872137255Z,0.078773,171.233716,171.312489,4.06,20,0,60s
NGC7023,f2d6189d-eb49-41a4-b38c-8aa787aca1f5,2025-10-12T18:59:07.701468936Z,2025-10-12T18:59:07.926099437Z,2025-10-12T19:02:05.023149946Z,0.224631,177.097051,177.321681,4.06,20,0,60s
NGC7026,5aaa1f69-e115-47c2-a670-63ef00d8aab0,2025-10-12T18:59:19.497521423Z,2025-10-12T18:59:19.765093335Z,2025-10-12T19:02:12.187257868Z,0.267572,172.422165,172.689736,4.07,20,0,60s
NGC7026,596962c1-b1bf-4016-b7c8-7c2471c14669,2025-10-12T18:59:40.477114589Z,2025-10-12T18:59:40.554630525Z,2025-10-12T19:02:22.536449969Z,0.077516,161.981819,162.059335,4.07,20,0,60s
NGC7026,c2f4087c-fb0e-4ae3-b58d-1dd068220984,2025-10-12T18:59:56.689990405Z,2025-10-12T18:59:56.79107157Z,2025-10-12T19:02:57.281705014Z,0.101081,180.490633,180.591715,4.06,20,0,60s
NGC7026,04eab85b-9efd-46cc-b8d8-89a3c5d04f11,2025-10-12T19:00:18.884099121Z,2025-10-12T19:00:18.993900915Z,2025-10-12T19:04:16.587413952Z,0.109802,237.593513,237.703315,4.06,20,0,60s
NGC7021,bce5618a-fd32-453b-bb06-4bb9d950d6c6,2025-10-12T19:00:20.016317826Z,2025-10-12T19:00:20.423650046Z,2025-10-12T19:03:22.479070438Z,0.407332,182.055420,182.462753,4.07,20,0,60s
NGC7021,da853996-7bae-43ff-b6a4-a4009138fa51,2025-10-12T19:00:41.065675341Z,2025-10-12T19:00:41.119793925Z,2025-10-12T19:03:36.08467215Z,0.054119,174.964878,175.018997,4.07,20,0,60s
NGC7021,f16910ae-995e-4565-8bed-6ceb53d71e6b,2025-10-12T19:01:03.949785246Z,2025-10-12T19:01:03.989237593Z,2025-10-12T19:05:16.300663546Z,0.039452,252.311426,252.350878,4.06,20,0,60s
NGC7020,6ff6b06d-ba49-4d0c-aded-ca06a099edfa,2025-10-12T19:01:19.150476181Z,2025-10-12T19:01:19.263297894Z,2025-10-12T19:04:22.628049654Z,0.112822,183.364752,183.477573,4.07,20,0,60s
NGC7021,4ac498c5-e29d-4816-9521-6a5c5a3de10d,2025-10-12T19:01:24.668845403Z,2025-10-12T19:01:24.778894597Z,2025-10-12T19:04:14.113522002Z,0.110049,169.334627,169.444677,4.06,20,0,60s
NGC7020,2bae13b7-4746-4e17-b42f-a86102d03be5,2025-10-12T19:01:58.935446603Z,2025-10-12T19:01:58.959036737Z,2025-10-12T19:05:05.937498544Z,0.023590,186.978462,187.002052,4.07,20,0,60s
NGC7020,95a3ad7e-e032-4446-8f6d-3b1e4604c37a,2025-10-12T19:02:32.133037998Z,2025-10-12T19:02:32.267918754Z,2025-10-12T19:05:51.23306096Z,0.134881,198.965142,199.100023,4.06,20,0,60s
NGC7020,cbb8d7fe-39da-4dbd-8284-6c0c1538bcd2,2025-10-12T19:02:43.281470694Z,2025-10-12T19:02:43.305277323Z,2025-10-12T19:05:31.197277376Z,0.023807,167.892000,167.915807,4.06,20,0,60s
NGC7020,d059dc59-3fe8-46df-b53b-95467d17022e,2025-10-12T19:23:26.575702118Z,2025-10-12T19:23:26.741025517Z,2025-10-12T19:27:40.853622278Z,0.165323,254.112597,254.277920,8.14,25,0,30s
NGC7023,15407675-354c-450d-9213-ff363e681e69,2025-10-12T19:23:55.727660257Z,2025-10-12T19:23:55.809255154Z,2025-10-12T19:28:36.119279256Z,0.081595,280.310024,280.391619,8.14,25,0,30s
NGC7021,9bd511e4-d30f-4e25-8d02-31c66b20fef3,2025-10-12T19:25:08.251829847Z,2025-10-12T19:25:08.324827102Z,2025-10-12T19:30:05.957214116Z,0.072997,297.632387,297.705384,8.14,25,0,30s
NGC7026,4f032b76-a514-4bad-8ac7-3837cc516f09,2025-10-12T19:25:23.410165178Z,2025-10-12T19:25:23.608559922Z,2025-10-12T19:31:40.227882689Z,0.198395,376.619323,376.817718,8.14,25,0,30s
NGC7029,b6467891-3444-40f1-afeb-f430841ac0cc,2025-10-12T19:25:50.376311336Z,2025-10-12T19:25:50.616750595Z,2025-10-12T19:31:28.567135548Z,0.240439,337.950385,338.190824,8.14,25,0,30s
NGC7024,cb195d1a-7077-4915-8929-495c255f4bad,2025-10-12T19:26:39.53332804Z,2025-10-12T19:26:39.722799542Z,2025-10-12T19:32:22.894483024Z,0.189472,343.171683,343.361155,8.14,25,0,30s
NGC7027,8c60f91f-dd93-4ec2-b021-18d2a6dca577,2025-10-12T19:27:14.143988454Z,2025-10-12T19:27:14.325262825Z,2025-10-12T19:33:19.022840025Z,0.181274,364.697577,364.878852,8.14,25,0,30s
NGC7020,f8c817aa-7f7f-423e-b89b-ca0935083cce,2025-10-12T19:27:51.085770429Z,2025-10-12T19:27:51.427353083Z,2025-10-12T19:34:08.224343766Z,0.341583,376.796991,377.138573,8.13,25,0,30s
NGC7028,590ef72a-2243-46a4-bd23-9d7bf0bb4120,2025-10-12T19:28:35.675559497Z,2025-10-12T19:28:35.896720079Z,2025-10-12T19:36:11.135753652Z,0.221161,455.239034,455.460194,8.14,25,0,30s
NGC7023,eb3effc7-a043-4d49-8595-fc49d892f249,2025-10-12T19:28:57.488759227Z,2025-10-12T19:28:57.674089178Z,2025-10-12T19:34:38.710168951Z,0.185330,341.036080,341.221410,8.13,25,0,30s
NGC7029,1bdf8f83-7e08-44b4-91f5-5105315f04db,2025-10-12T19:29:24.694645823Z,2025-10-12T19:29:24.833332043Z,2025-10-12T19:34:55.397357039Z,0.138686,330.564025,330.702711,8.13,25,0,30s
NGC7021,9932355b-eb94-4f51-b365-388f1949c6bc,2025-10-12T19:29:40.489862327Z,2025-10-12T19:29:40.889386636Z,2025-10-12T19:35:13.542907192Z,0.399524,332.653521,333.053045,8.13,25,0,30s
NGC7026,16bde233-d0f9-46bd-af99-cc09bdfc2ee0,2025-10-12T19:29:58.565604255Z,2025-10-12T19:29:59.277945346Z,2025-10-12T19:35:38.440209618Z,0.712341,339.162264,339.874605,8.13,25,0,30s
NGC7024,7ac220e4-e9b6-4eb6-ba50-175ed2bf94ea,2025-10-12T19:30:10.534818373Z,2025-10-12T19:30:11.133640097Z,2025-10-12T19:35:48.991346919Z,0.598822,337.857707,338.456529,8.13,25,0,30s
NGC7027,687473ea-1416-4de8-ae19-bc42913305d3,2025-10-12T19:30:36.531555942Z,2025-10-12T19:30:36.612962961Z,2025-10-12T19:35:59.158659598Z,0.081407,322.545697,322.627104,8.13,25,0,30s
NGC7028,2cd48371-7103-4b77-ab46-2bcc19aa9404,2025-10-12T19:30:51.012891251Z,2025-10-12T19:30:51.591361817Z,2025-10-12T19:36:30.726093559Z,0.578471,339.134732,339.713202,8.13,25,0,30s
NGC7022,22f06e2b-df85-4ca7-9d1a-ba5c5ef2f3f4,2025-10-12T20:02:22.506353106Z,2025-10-12T20:02:23.111354289Z,2025-10-12T20:04:14.581388955Z,0.605001,111.470035,112.075036,2.27,9,0,37s
NGC7030,03dc207f-5ce1-4016-b012-ed42331eb6e4,2025-10-12T20:03:02.045355803Z,2025-10-12T20:03:02.153839872Z,2025-10-12T20:04:37.454837359Z,0.108484,95.300997,95.409482,2.27,9,0,37s
NGC7026,ef5c3253-d68d-4b79-aeb6-597a5e0ad4e6,2025-10-12T20:03:38.974654246Z,2025-10-12T20:03:39.296841232Z,2025-10-12T20:04:59.597359464Z,0.322187,80.300518,80.622705,2.27,9,0,37s
NGC7027,fe2b5b99-2486-4c93-86df-4a0aa1ed2639,2025-10-12T20:04:12.300546689Z,2025-10-12T20:04:12.394146214Z,2025-10-12T20:05:24.168017831Z,0.093600,71.773872,71.867471,2.27,9,0,37s
NGC7028,838299d2-6220-48f9-98be-4ea5b1b4c2ff,2025-10-12T20:04:24.667276277Z,2025-10-12T20:04:24.684727732Z,2025-10-12T20:05:47.626983327Z,0.017451,82.942256,82.959707,2.27,9,0,37s
NGC7032,a07b37e7-64bc-4414-bcd9-86d8f646755b,2025-10-12T20:04:48.223900263Z,2025-10-12T20:04:48.412825511Z,2025-10-12T20:06:08.117246819Z,0.188925,79.704421,79.893347,2.27,9,0,37s
NGC7030,feeb492c-a10e-414b-aa19-2e79b99709b6,2025-10-12T20:05:15.113460777Z,2025-10-12T20:05:15.513292012Z,2025-10-12T20:06:50.184660153Z,0.399831,94.671368,95.071199,2.28,9,0,37s
NGC7022,4aab0289-edbc-4f5b-8637-9aa975be5f34,2025-10-12T20:05:18.03847954Z,2025-10-12T20:05:18.561051172Z,2025-10-12T20:07:12.976745441Z,0.522572,114.415694,114.938266,2.28,9,0,37s
NGC7020,13009d0a-52f8-4798-bdfb-b0ba945d4ec8,2025-10-12T20:05:20.72308581Z,2025-10-12T20:05:20.733443086Z,2025-10-12T20:06:58.068540053Z,0.010357,97.335097,97.345454,2.27,9,0,37s
NGC7027,faa13f2e-74c8-47b1-bb4a-de09c6aa981f,2025-10-12T20:05:24.875430686Z,2025-10-12T20:05:25.533384439Z,2025-10-12T20:07:15.594032786Z,0.657954,110.060648,110.718602,2.28,9,0,37s
NGC7026,82204446-4804-45c0-932f-85b586f4b669,2025-10-12T20:05:35.237066207Z,2025-10-12T20:05:35.782643809Z,2025-10-12T20:07:40.700968475Z,0.545578,124.918325,125.463902,2.28,9,0,37s
NGC7028,752172b2-6b77-4b53-94ac-f68de6d21ab0,2025-10-12T20:05:47.588583202Z,2025-10-12T20:05:47.799008069Z,2025-10-12T20:08:17.393238722Z,0.210425,149.594231,149.804656,2.28,9,0,37s
NGC7032,1ee42bc0-fc70-4169-8d4e-0695d26b33ac,2025-10-12T20:05:49.396394414Z,2025-10-12T20:05:49.8026123Z,2025-10-12T20:08:02.946234475Z,0.406218,133.143622,133.549840,2.28,9,0,37s
NGC7030,c17c9335-64a6-4c2e-b6b2-71ae1385118a,2025-10-12T20:06:03.915718316Z,2025-10-12T20:06:04.554053836Z,2025-10-12T20:08:22.077388861Z,0.638336,137.523335,138.161671,2.27,9,0,37s
NGC7029,00cca9a7-fb97-4add-bd57-697b770020b8,2025-10-12T20:06:08.214493721Z,2025-10-12T20:06:08.870058538Z,2025-10-12T20:08:50.924546045Z,0.655565,162.054488,162.710052,2.27,9,0,37s
NGC7027,104f81a0-cb63-45db-8047-dfc645b3e287,2025-10-12T20:06:09.110498148Z,2025-10-12T20:06:47.681367925Z,2025-10-12T20:09:18.413824848Z,38.570870,150.732457,189.303327,2.27,9,0,37s
NGC7020,155139ca-3de8-4f2e-b856-6f006a2e9665,2025-10-12T20:06:11.222884751Z,2025-10-12T20:06:50.905087848Z,2025-10-12T20:09:20.376185854Z,39.682203,149.471098,189.153301,2.28,9,1,37s
NGC7022,efa2ab61-2287-4cfc-9dc9-281e21b8200d,2025-10-12T20:06:12.622863222Z,2025-10-12T20:06:59.741535586Z,2025-10-12T20:09:33.876572696Z,47.118672,154.135037,201.253709,2.27,9,2,37s
NGC7026,57da00ae-4a35-4517-bc0c-81c5ed2cd8bf,2025-10-12T20:06:21.812470059Z,2025-10-12T20:07:10.761761758Z,2025-10-12T20:09:47.178739001Z,48.949292,156.416977,205.366269,2.27,9,3,37s
NGC7032,a4670d2e-da91-4d16-a68f-77e543f66955,2025-10-12T20:06:23.371378417Z,2025-10-12T20:07:34.973774282Z,2025-10-12T20:10:16.908035508Z,71.602396,161.934261,233.536657,2.27,9,4,37s
NGC7028,e7b56c58-fe42-42ef-b6aa-7dff7b45133b,2025-10-12T20:06:31.154756336Z,2025-10-12T20:08:07.057315494Z,2025-10-12T20:10:40.803562424Z,95.902559,153.746247,249.648806,2.27,9,5,37s
NGC7030,6a7d4bd1-d403-4f0b-99be-e52c4417d0f1,2025-10-12T20:06:33.083061365Z,2025-10-12T20:08:16.066308105Z,2025-10-12T20:11:11.850950348Z,102.983247,175.784642,278.767889,2.28,9,6,37s
NGC7031,decc28f1-f4c6-4839-81e8-246f12621ffc,2025-10-12T20:06:44.259392768Z,2025-10-12T20:08:23.777531378Z,2025-10-12T20:10:45.285700622Z,99.518139,141.508169,241.026308,2.27,9,7,37s
NGC7020,86694ffa-1629-474b-9f98-4a1a65d33afc,2025-10-12T20:06:49.032515886Z,2025-10-12T20:08:42.127442716Z,2025-10-12T20:11:21.304720831Z,113.094927,159.177278,272.272205,2.27,9,7,37s
NGC7032,1659d560-429a-4df7-a9e6-08d7ee97a475,2025-10-12T20:06:51.195399256Z,2025-10-12T20:09:23.058169632Z,2025-10-12T20:11:39.329325371Z,151.862770,136.271156,288.133926,2.28,9,7,37s
NGC7022,a057586a-1ffe-423f-bf51-692b7f2b12f8,2025-10-12T20:06:51.587394044Z,2025-10-12T20:09:26.272859398Z,2025-10-12T20:12:26.958171042Z,154.685465,180.685312,335.370777,2.28,9,8,37s
NGC7029,7e7c9196-3638-45a9-8f8d-6910a63c60bc,2025-10-12T20:06:56.789046043Z,2025-10-12T20:09:37.109841584Z,2025-10-12T20:12:51.340069868Z,160.320796,194.230228,354.551024,2.28,9,9,37s
NGC7031,23671797-99a4-42e4-b8c7-14a27aca78dc,2025-10-12T20:06:56.854776882Z,2025-10-12T20:09:53.158386008Z,2025-10-12T20:12:55.803681022Z,176.303609,182.645295,358.948904,2.28,9,10,37s
NGC7027,b92d5d3d-bb96-4f14-938e-cc630791d61c,2025-10-12T20:06:56.893542539Z,2025-10-12T20:10:16.339027889Z,2025-10-12T20:13:03.739559442Z,199.445485,167.400532,366.846017,2.28,9,11,37s
NGC7026,f4ef57ce-59d4-4552-8046-c3dbb9eb9af9,2025-10-12T20:06:58.890464731Z,2025-10-12T20:10:41.510333059Z,2025-10-12T20:13:24.088651657Z,222.619868,162.578319,385.198187,2.28,9,12,37s
NGC7030,55aa37b2-7370-4612-b3cc-aa93f6445b04,2025-10-12T20:07:11.731456418Z,2025-10-12T20:10:49.09944062Z,2025-10-12T20:13:58.374886771Z,217.367984,189.275446,406.643430,2.26,9,11,37s
NGC7028,29ccc0de-376a-4491-8843-532db9dfcfa6,2025-10-12T20:07:20.907969166Z,2025-10-12T20:10:56.399925723Z,2025-10-12T20:13:55.772452475Z,215.491957,179.372527,394.864483,2.28,9,12,37s
NGC7022,6c2c15d7-8058-4f92-9ced-b091364b5860,2025-10-12T20:07:33.975716879Z,2025-10-12T20:11:24.532507685Z,2025-10-12T20:14:17.924571687Z,230.556791,173.392064,403.948855,2.26,9,13,37s
NGC7023,8c2ed95f-2470-4d71-a1e7-08b4dc27657c,2025-10-12T20:07:36.023149021Z,2025-10-12T20:11:50.501444556Z,2025-10-12T20:14:21.692095675Z,254.478296,151.190651,405.668947,2.27,9,13,37s
NGC7024,26eebe6a-f29b-4b88-87bb-5dece9f0277e,2025-10-12T20:07:55.960453969Z,2025-10-12T20:12:11.742016815Z,2025-10-12T20:15:17.565402678Z,255.781563,185.823386,441.604949,2.27,9,14,37s
NGC7029,acc1b2a4-12c0-4690-9c2a-fa8fe370e443,2025-10-12T20:07:57.726225016Z,2025-10-12T20:12:13.460191873Z,2025-10-12T20:15:14.684722814Z,255.733967,181.224531,436.958498,2.27,9,15,37s
NGC7026,af538901-2ebd-4cd1-9e2f-bae071805d8e,2025-10-12T20:07:58.127911105Z,2025-10-12T20:12:22.44652304Z,2025-10-12T20:15:27.108743809Z,264.318612,184.662221,448.980833,2.26,9,16,37s
NGC7032,a41c12c2-916c-48a7-a84e-a035fb2a64df,2025-10-12T20:08:01.282345009Z,2025-10-12T20:12:55.702304564Z,2025-10-12T20:15:43.187098947Z,294.419960,167.484794,461.904754,2.26,9,17,37s
NGC7020,c73f3305-e975-474c-83af-2ecc6d261052,2025-10-12T20:08:03.395374346Z,2025-10-12T20:13:26.81676522Z,2025-10-12T20:16:20.99094584Z,323.421391,174.174181,497.595571,2.28,9,18,37s
NGC7027,32d24175-d262-43b6-aefd-b9e29cf5ec87,2025-10-12T20:08:10.10411679Z,2025-10-12T20:13:34.743657207Z,2025-10-12T20:16:26.565177727Z,324.639540,171.821521,496.461061,2.26,9,18,37s
NGC7022,4dcd0546-da14-429c-9ace-415d2d0cfe8b,2025-10-12T20:08:26.590113807Z,2025-10-12T20:13:35.543368479Z,2025-10-12T20:16:12.993577341Z,308.953255,157.450209,466.403464,2.27,9,17,37s
NGC7028,1a680fe2-43e7-46fe-9cb8-9a7e0fe189a9,2025-10-12T20:08:28.529114409Z,2025-10-12T20:14:08.886735418Z,2025-10-12T20:16:35.688730828Z,340.357621,146.801995,487.159616,2.26,9,18,37s
NGC7025,f417d2f9-da96-4835-a345-bc321da92398,2025-10-12T20:08:29.744218959Z,2025-10-12T20:14:30.912951255Z,2025-10-12T20:17:07.84501954Z,361.168732,156.932068,518.100801,2.27,9,19,37s
NGC7029,0a92b5d3-1ffc-4419-8948-51ed5fc525f3,2025-10-12T20:08:52.903112981Z,2025-10-12T20:15:02.707115889Z,2025-10-12T20:17:52.999364339Z,369.804003,170.292248,540.096251,2.28,9,19,37s
NGC7030,32937fc9-8e06-44db-96a6-a8d9bf84be61,2025-10-12T20:08:54.458030567Z,2025-10-12T20:15:05.015466274Z,2025-10-12T20:18:17.862124562Z,370.557436,192.846658,563.404094,2.27,9,20,37s
NGC7024,1c72a9ff-9ac4-4992-90f7-384a4ef35812,2025-10-12T20:09:00.644075532Z,2025-10-12T20:15:06.756833869Z,2025-10-12T20:17:55.069708679Z,366.112758,168.312875,534.425633,2.28,9,21,37s
NGC7023,d71156f4-eb68-406f-9938-3e7fa10a0aa0,2025-10-12T20:09:00.760875397Z,2025-10-12T20:15:51.282472021Z,2025-10-12T20:18:32.306265299Z,410.521597,161.023793,571.545390,2.28,9,22,37s
NGC7021,461aba5f-7d37-42a4-bcd0-0ba62ff11824,2025-10-12T20:09:01.512759153Z,2025-10-12T20:16:17.859047416Z,2025-10-12T20:19:12.952859925Z,436.346288,175.093813,611.440101,2.27,9,23,37s
NGC7031,e0cf4515-2c64-43d1-aaea-f0744f8041b7,2025-10-12T20:09:04.025936647Z,2025-10-12T20:16:26.266148543Z,2025-10-12T20:19:31.102570636Z,442.240212,184.836422,627.076634,2.27,9,24,37s
NGC7032,7b9b69a1-0765-4075-8c15-ca5a5f0f73f3,2025-10-12T20:09:08.106026819Z,2025-10-12T20:16:32.100989729Z,2025-10-12T20:19:37.033552986Z,443.994963,184.932563,628.927526,2.27,9,25,37s
NGC7026,e21a5a78-b331-4238-91ca-72d4e20300b1,2025-10-12T20:09:09.90829468Z,2025-10-12T20:16:40.28819866Z,2025-10-12T20:19:49.454779302Z,450.379904,189.166581,639.546485,2.27,9,26,37s
NGC7020,2b41cc6a-6297-4490-87be-fd0efb5e0864,2025-10-12T20:09:11.78405776Z,2025-10-12T20:17:11.27413546Z,2025-10-12T20:19:56.933420472Z,479.490078,165.659285,645.149363,2.26,9,27,37s
NGC7027,5ffade5c-497d-4336-9922-0896e05895cb,2025-10-12T20:09:18.767847053Z,2025-10-12T20:17:56.043467267Z,2025-10-12T20:20:17.720941206Z,517.275620,141.677474,658.953094,2.27,9,28,37s
NGC7029,40a1dfa9-2142-45c3-bc08-b5331f2a1343,2025-10-12T20:09:21.142879789Z,2025-10-12T20:17:57.160731587Z,2025-10-12T20:20:30.29048125Z,516.017852,153.129750,669.147601,2.26,9,29,37s
NGC7025,dac23ab8-5653-4147-9c39-00a338fe8564,2025-10-12T20:09:22.97875439Z,2025-10-12T20:18:00.471975564Z,2025-10-12T20:20:20.274336208Z,517.493221,139.802361,657.295582,2.28,9,30,37s
NGC7031,14e88c77-7173-4d5b-8cd1-cd482981f830,2025-10-12T20:09:23.339181952Z,2025-10-12T20:18:39.66412224Z,2025-10-12T20:21:24.316889925Z,556.324940,164.652768,720.977708,2.28,9,30,37s
NGC7028,3710d55d-2b07-4623-b2d3-d5b51671ae72,2025-10-12T20:09:23.386017956Z,2025-10-12T20:18:53.202948979Z,2025-10-12T20:21:51.575234215Z,569.816931,178.372285,748.189216,2.27,9,31,37s
NGC7022,ee08d649-991d-473a-b036-cd7f0d0738b0,2025-10-12T20:09:24.220082309Z,2025-10-12T20:18:58.590666084Z,2025-10-12T20:22:11.59230969Z,574.370584,193.001644,767.372227,2.27,9,32,37s
NGC7030,a975afa4-a107-40d6-abb5-de002eedb6f0,2025-10-12T20:09:24.553308872Z,2025-10-12T20:19:02.473982646Z,2025-10-12T20:21:45.432042426Z,577.920674,162.958060,740.878734,2.27,9,33,37s
NGC7024,199c139e-cbe6-4462-b95b-01a2a26274f1,2025-10-12T20:09:24.676818722Z,2025-10-12T20:19:08.664379233Z,2025-10-12T20:22:09.453131236Z,583.987561,180.788752,764.776313,2.27,9,34,37s
NGC7032,aab5dac0-5a80-409e-acba-58888f20ee27,2025-10-12T20:09:26.025032541Z,2025-10-12T20:19:26.633734175Z,2025-10-12T20:22:19.075673829Z,600.608702,172.441940,773.050641,2.27,9,35,37s
NGC7021,ef5e5d1b-878c-4371-b100-86f5d748d337,2025-10-12T20:09:26.342552294Z,2025-10-12T20:20:19.395518625Z,2025-10-12T20:22:48.162022073Z,653.052966,148.766503,801.819470,2.28,9,35,37s
NGC7026,8bdeea36-9319-4d52-93b5-7d3e10707ca6,2025-10-12T20:09:27.599972212Z,2025-10-12T20:20:21.717445137Z,2025-10-12T20:22:54.395923616Z,654.117473,152.678478,806.795951,2.27,9,36,37s
NGC7023,1cd3efa1-f276-4d48-940e-32c79c2c8bce,2025-10-12T20:09:35.325415144Z,2025-10-12T20:20:37.518720863Z,2025-10-12T20:22:59.647611817Z,662.193306,142.128891,804.322197,2.27,9,37,37s
NGC7020,451947e2-0372-4d2a-9898-f73f0b9ff20d,2025-10-12T20:09:36.230975636Z,2025-10-12T20:21:23.073844743Z,2025-10-12T20:23:20.572163006Z,706.842869,117.498318,824.341187,2.27,9,38,37s
NGC7027,83c4d34f-1266-4a0d-8042-fef76b3e575e,2025-10-12T20:09:39.656490114Z,2025-10-12T20:21:34.786019046Z,2025-10-12T20:23:35.955371031Z,715.129529,121.169352,836.298881,2.27,9,38,37s
NGC7029,36875eef-3de5-4294-81d2-a38940b43263,2025-10-12T20:09:41.751665033Z,2025-10-12T20:21:35.542737776Z,2025-10-12T20:24:00.637417629Z,713.791073,145.094680,858.885753,2.27,9,39,37s
NGC7022,aa8bd4d7-5e77-4d2e-832b-3ea8813cee97,2025-10-12T20:09:47.329625663Z,2025-10-12T20:21:40.969087142Z,2025-10-12T20:22:20.345660749Z,713.639461,39.376574,753.016035,0.36,9,40,37s
NGC7031,5589a5c6-578e-46fa-ab83-6ff2d3281143,2025-10-12T20:09:47.408762209Z,2025-10-12T20:21:46.981924624Z,2025-10-12T20:24:13.90420139Z,719.573162,146.922277,866.495439,2.26,9,41,37s
NGC7032,b97b85cb-f12e-431e-a718-19eb12378bbd,2025-10-12T20:09:59.647697245Z,2025-10-12T20:21:47.082108457Z,2025-10-12T20:22:38.96636717Z,707.434411,51.884259,759.318670,0.36,9,41,37s
NGC7028,2e5a186b-18d4-49ec-920e-bdf88c22aae5,2025-10-12T20:10:00.556831045Z,2025-10-12T20:22:28.171437688Z,2025-10-12T20:24:42.658453915Z,747.614607,134.487016,882.101623,2.27,9,42,37s
NGC7030,a89a7ec4-8394-47f7-af4a-7109270fd86d,2025-10-12T20:10:02.84681795Z,2025-10-12T20:22:33.153315083Z,2025-10-12T20:23:00.868686752Z,750.306497,27.715372,778.021869,0.36,9,43,37s
NGC7021,94b4693c-e8cf-422a-a87c-5b5f511e15af,2025-10-12T20:10:10.069870427Z,2025-10-12T20:22:37.702394741Z,2025-10-12T20:24:58.663973964Z,747.632524,140.961579,888.594104,2.27,9,44,37s
NGC7026,4219a7ba-7f69-4127-a98b-af2c771ceef2,2025-10-12T20:10:11.717932106Z,2025-10-12T20:22:42.070237921Z,2025-10-12T20:23:14.774694007Z,750.352306,32.704456,783.056762,0.36,9,45,37s
NGC7025,c1d2238c-2936-4ce0-8fe2-afcbcfa8ee4f,2025-10-12T20:10:12.331089893Z,2025-10-12T20:22:44.852265853Z,2025-10-12T20:25:13.857503143Z,752.521176,149.005237,901.526413,2.27,9,46,37s
NGC7024,315e4818-16d6-4cb6-98d0-09d277c31bd3,2025-10-12T20:10:14.934833611Z,2025-10-12T20:23:10.222296974Z,2025-10-12T20:26:09.440939589Z,775.287463,179.218643,954.506106,2.28,9,47,37s
NGC7027,be6e2045-44bf-45ee-a4b9-5a7d03d98ebb,2025-10-12T20:10:19.784042886Z,2025-10-12T20:23:20.125512101Z,2025-10-12T20:24:01.863044472Z,780.341469,41.737532,822.079002,0.36,9,47,37s
NGC7023,1e7d0d1a-f3a8-4c7c-9afd-83c58f883b56,2025-10-12T20:10:34.26043602Z,2025-10-12T20:23:26.405397049Z,2025-10-12T20:26:05.297103702Z,772.144961,158.891707,931.036668,2.28,9,48,37s
NGC7029,42d96fec-694c-4d4f-97f2-dfe4beb53c51,2025-10-12T20:10:37.585519123Z,2025-10-12T20:23:40.007430286Z,2025-10-12T20:26:17.243656899Z,782.421911,157.236227,939.658138,2.27,9,49,37s
NGC7020,c45c608e-fc7f-454a-8363-3ea188a414c8,2025-10-12T20:10:38.17701004Z,2025-10-12T20:24:06.810915801Z,2025-10-12T20:26:44.122400495Z,808.633906,157.311485,965.945390,2.27,9,50,37s
NGC7028,b6d45538-4155-4230-b160-b0543b12f730,2025-10-12T20:10:41.08981124Z,2025-10-12T20:24:08.246267723Z,2025-10-12T20:24:43.900453897Z,807.156456,35.654186,842.810643,0.36,9,51,37s
NGC7031,545c04be-e0f6-49ee-98a6-8743bbc389d1,2025-10-12T20:10:46.092372651Z,2025-10-12T20:24:13.231808601Z,2025-10-12T20:27:15.013407586Z,807.139436,181.781599,988.921035,2.27,9,51,37s
NGC7025,1f69bd3b-49f8-4a88-8142-32d5b5e89cc9,2025-10-12T20:10:51.300412961Z,2025-10-12T20:24:40.52577917Z,2025-10-12T20:27:30.506059265Z,829.225366,169.980280,999.205646,2.28,9,51,37s
NGC7021,ecdd457f-1e5d-4296-8312-be7705c8e7e2,2025-10-12T20:11:09.7614181Z,2025-10-12T20:24:55.354949316Z,2025-10-12T20:27:44.083663016Z,825.593531,168.728714,994.322245,2.28,9,51,37s
NGC7024,1b4166d4-c6eb-4c5b-b234-110d30f9a255,2025-10-12T20:11:16.243118753Z,2025-10-12T20:25:05.970207005Z,2025-10-12T20:28:03.369666486Z,829.727088,177.399459,1007.126548,2.26,9,52,37s
NGC7023,796681ba-7288-4462-9dca-3e616267e932,2025-10-12T20:11:22.374357403Z,2025-10-12T20:25:25.185810716Z,2025-10-12T20:28:11.691102881Z,842.811453,166.505292,1009.316745,2.26,9,53,37s
NGC7031,19c43f1f-e59d-46cd-8a52-98771ae05fee,2025-10-12T20:11:24.916375532Z,2025-10-12T20:26:15.918558202Z,2025-10-12T20:28:53.636840432Z,891.002183,157.718282,1048.720465,2.27,9,53,37s
NGC7029,91c27169-581d-4057-ae92-42854866cc01,2025-10-12T20:11:32.219955581Z,2025-10-12T20:26:21.57872688Z,2025-10-12T20:26:58.226995684Z,889.358771,36.648269,926.007040,0.36,9,54,37s
NGC7020,8c5d9408-31fd-4b21-8e9b-846dbe18a161,2025-10-12T20:11:41.860213902Z,2025-10-12T20:26:22.461139457Z,2025-10-12T20:26:56.371686035Z,880.600926,33.910547,914.511472,0.36,9,55,37s
NGC7021,23adb430-077f-472a-8469-0019883e26dd,2025-10-12T20:11:44.012819408Z,2025-10-12T20:26:51.276698322Z,2025-10-12T20:29:32.262249187Z,907.263879,160.985551,1068.249430,2.26,9,56,37s
NGC7025,7b61f9c0-1669-4c9f-908c-579d8e9a1392,2025-10-12T20:11:44.104553707Z,2025-10-12T20:27:04.546095086Z,2025-10-12T20:29:35.817807999Z,920.441541,151.271713,1071.713254,2.26,9,57,37s
NGC7023,de6fb9ae-b785-40c7-b016-d371ab7242c6,2025-10-12T20:11:53.367256699Z,2025-10-12T20:27:05.667938204Z,2025-10-12T20:29:42.113031387Z,912.300682,156.445093,1068.745775,2.27,9,57,37s
NGC7031,61e4abfe-9e8a-47a5-a141-2572257a3c26,2025-10-12T20:12:13.463215745Z,2025-10-12T20:27:22.599876226Z,2025-10-12T20:28:07.624520078Z,909.136660,45.024644,954.161304,0.36,9,56,37s
NGC7024,81fc813c-286a-431a-bab5-95e8dd0b8fe4,2025-10-12T20:12:19.981572793Z,2025-10-12T20:27:36.970358844Z,2025-10-12T20:29:58.117874739Z,916.988786,141.147516,1058.136302,2.27,9,57,37s
NGC7021,469d8c50-e9a2-4b30-8cb4-350679464ada,2025-10-12T20:12:35.985499824Z,2025-10-12T20:27:53.758973547Z,2025-10-12T20:30:11.43326655Z,917.773474,137.674293,1055.447767,2.27,9,57,37s
NGC7025,e2a13a74-1d6b-41b8-afee-04638b5f8e73,2025-10-12T20:13:05.610725841Z,2025-10-12T20:27:59.389350312Z,2025-10-12T20:30:20.2578944Z,893.778624,140.868544,1034.647169,2.27,9,57,37s
NGC7023,474b514a-53cd-4899-87e7-e47854e99d3a,2025-10-12T20:13:09.784299318Z,2025-10-12T20:28:01.678127956Z,2025-10-12T20:30:04.829707491Z,891.893829,123.151580,1015.045408,2.27,9,58,37s
NGC7024,7084128a-4601-44c5-b591-e61b9cc87f51,2025-10-12T20:13:10.683119333Z,2025-10-12T20:28:18.563814854Z,2025-10-12T20:30:23.044637516Z,907.880696,124.480823,1032.361518,2.27,9,59,37s
NGC7025,d74b04e1-0fee-473f-9b82-2caa5231b9b6,2025-10-12T20:13:23.130836469Z,2025-10-12T20:28:53.324353646Z,2025-10-12T20:30:34.619731728Z,930.193517,101.295378,1031.488895,2.27,9,60,37s
NGC7021,086309ec-9ded-4406-bd72-afee4d74d609,2025-10-12T20:13:24.037635749Z,2025-10-12T20:29:31.60007841Z,2025-10-12T20:30:53.924444147Z,967.562443,82.324366,1049.886808,2.27,9,61,37s
NGC7024,0c683b01-767e-4db7-ad53-bf9b27041b20,2025-10-12T20:13:43.037801208Z,2025-10-12T20:29:39.782279574Z,2025-10-12T20:30:02.420373807Z,956.744478,22.638094,979.382573,0.36,9,59,37s
NGC7025,5272c747-0b23-4a26-aac1-c7d62f2411c5,2025-10-12T20:13:56.373492576Z,2025-10-12T20:29:46.025175533Z,2025-10-12T20:30:12.748721924Z,949.651683,26.723546,976.375229,0.36,9,60,37s
NGC7023,9337af98-001a-4f3a-b489-d6e625065cb2,2025-10-12T20:13:56.983238778Z,2025-10-12T20:30:02.29528764Z,2025-10-12T20:30:27.33619613Z,965.312049,25.040908,990.352957,0.36,9,61,37s
NGC7021,33becbb0-1758-428a-bb70-b6b0562e0b2c,2025-10-12T20:14:11.641737731Z,2025-10-12T20:30:07.822971606Z,2025-10-12T20:30:31.732933586Z,956.181234,23.909962,980.091196,0.36,9,61,37s
NGC7025,f83e8bd0-c0b1-46cc-89e8-3ed793420fc5,2025-10-12T20:44:10.46721057Z,2025-10-12T20:44:10.572879307Z,2025-10-12T20:46:02.930529997Z,0.105669,112.357651,112.463319,2.75,25,0,20s
NGC7026,ba8fdb9e-139a-43aa-9bae-d7322c7068f1,2025-10-12T20:44:30.640247178Z,2025-10-12T20:44:30.981781173Z,2025-10-12T20:46:30.311014441Z,0.341534,119.329233,119.670767,2.75,25,0,20s
NGC7025,6b0e0f27-34a4-4397-8380-bc4dc74f40dc,2025-10-12T20:44:31.897296815Z,2025-10-12T20:44:32.011482641Z,2025-10-12T20:46:38.365071569Z,0.114186,126.353589,126.467775,2.76,25,0,20s
NGC7026,5b7edc41-497d-4b26-b3c4-fa931bd2eae3,2025-10-12T20:44:45.451849694Z,2025-10-12T20:44:45.489097928Z,2025-10-12T20:46:48.797520936Z,0.037248,123.308423,123.345671,2.76,25,0,20s
NGC7025,2bc63aaf-7930-47c2-93aa-7cd6dcb30bb6,2025-10-12T20:44:47.259520189Z,2025-10-12T20:44:47.360776261Z,2025-10-12T20:47:01.328292876Z,0.101256,133.967517,134.068773,2.75,25,0,20s
NGC7027,ff3e123a-a659-46f6-93a7-d67ae9105d33,2025-10-12T20:44:51.003658052Z,2025-10-12T20:44:51.043216754Z,2025-10-12T20:46:53.050808203Z,0.039559,122.007591,122.047150,2.75,25,0,20s
NGC7025,eb802b15-d4be-4d6f-99bf-5fc52bcb5973,2025-10-12T20:45:00.229685212Z,2025-10-12T20:45:00.378427259Z,2025-10-12T20:47:20.712025744Z,0.148742,140.333598,140.482341,2.74,25,0,20s
NGC7026,6b9f2b3c-6af8-4af5-8141-1a1a23346db1,2025-10-12T20:45:00.417117917Z,2025-10-12T20:45:00.449511825Z,2025-10-12T20:47:16.626319651Z,0.032394,136.176808,136.209202,2.75,25,0,20s
NGC7027,bd37e958-6c04-4148-a494-973895dc0188,2025-10-12T20:45:03.854038229Z,2025-10-12T20:45:04.077969082Z,2025-10-12T20:47:27.266302957Z,0.223931,143.188334,143.412265,2.76,25,0,20s
NGC7020,34821cdb-fee7-403e-a9af-c023cb194518,2025-10-12T20:45:20.134056114Z,2025-10-12T20:45:20.149040178Z,2025-10-12T20:47:31.857011818Z,0.014984,131.707972,131.722956,2.75,25,0,20s
NGC7026,460e2e40-ffb4-4720-8504-cc4fdf5a7528,2025-10-12T20:45:27.65355041Z,2025-10-12T20:45:28.172293512Z,2025-10-12T20:47:44.182759405Z,0.518743,136.010466,136.529209,2.74,25,0,20s
NGC7021,12edddda-ce20-4873-9022-97b4ab2a6ae0,2025-10-12T20:45:31.71876993Z,2025-10-12T20:45:32.222989705Z,2025-10-12T20:47:49.788090158Z,0.504220,137.565100,138.069320,2.75,25,0,20s
NGC7025,a76e83a0-d07e-469a-8cc6-06361ea51854,2025-10-12T20:45:32.130803222Z,2025-10-12T20:45:32.276476024Z,2025-10-12T20:47:46.427432816Z,0.145673,134.150957,134.296630,2.75,25,1,20s
NGC7027,96385735-1128-4d91-ae84-b99df91150bc,2025-10-12T20:45:34.754960345Z,2025-10-12T20:45:35.279799741Z,2025-10-12T20:47:51.852082819Z,0.524839,136.572283,137.097122,2.75,25,0,20s
NGC7020,6895f632-e88e-43ee-91b0-ec2e9112412f,2025-10-12T20:45:39.760437755Z,2025-10-12T20:45:40.306267236Z,2025-10-12T20:48:01.64306784Z,0.545829,141.336801,141.882630,2.76,25,0,20s
NGC7026,31e29954-c99d-430c-8ec9-f198c398b109,2025-10-12T20:45:46.811781029Z,2025-10-12T20:45:47.340629892Z,2025-10-12T20:47:53.990685239Z,0.528849,126.650055,127.178904,2.75,25,0,20s
NGC7021,d86f8477-8007-4a85-ade7-daacc677d952,2025-10-12T20:45:55.501307719Z,2025-10-12T20:45:55.561990815Z,2025-10-12T20:48:12.459302478Z,0.060683,136.897312,136.957995,2.76,25,0,20s
NGC7027,fb267d9a-9397-4eff-baeb-8dc6fde49967,2025-10-12T20:45:55.972461551Z,2025-10-12T20:45:56.369851252Z,2025-10-12T20:48:21.130823096Z,0.397390,144.760972,145.158362,2.74,25,0,20s
NGC7022,ffea9120-6e15-439a-b0b1-3aabad122d76,2025-10-12T20:45:56.617963545Z,2025-10-12T20:45:57.572049567Z,2025-10-12T20:48:25.243029401Z,0.954086,147.670980,148.625066,2.75,25,0,20s
NGC7025,0e19cdf7-05d2-44a4-a612-73c4bcb40ea7,2025-10-12T20:45:56.708274712Z,2025-10-12T20:45:57.57492936Z,2025-10-12T20:48:03.743665873Z,0.866655,126.168737,127.035391,2.51,25,1,20s
NGC7020,734d98cd-9439-4728-a0f5-f94337b20b09,2025-10-12T20:46:02.182740309Z,2025-10-12T20:46:02.59457922Z,2025-10-12T20:48:16.715157086Z,0.411839,134.120578,134.532417,2.75,25,0,20s
NGC7021,d16c8b18-418b-48bd-8f1b-7809bf7c0894,2025-10-12T20:46:11.096653299Z,2025-10-12T20:46:11.657043918Z,2025-10-12T20:48:42.514725248Z,0.560391,150.857681,151.418072,2.75,25,0,20s
NGC7026,1730df83-620d-4c85-ae05-af102bf720a0,2025-10-12T20:46:11.197429096Z,2025-10-12T20:46:11.707203881Z,2025-10-12T20:48:10.272121349Z,0.509775,118.564917,119.074692,2.51,25,1,20s
NGC7023,43ee2094-4cf8-4290-8827-a8791eaf4539,2025-10-12T20:46:12.223763516Z,2025-10-12T20:46:12.729095573Z,2025-10-12T20:48:40.260209392Z,0.505332,147.531114,148.036446,2.75,25,0,20s
NGC7027,e395c66f-a14e-4cb1-8033-7510cfbd6de1,2025-10-12T20:46:13.455283237Z,2025-10-12T20:46:13.7523605Z,2025-10-12T20:48:37.959248123Z,0.297077,144.206888,144.503965,2.75,25,0,20s
NGC7022,e5d9754d-48c0-4120-8cd8-b46cd0ac3308,2025-10-12T20:46:13.817802636Z,2025-10-12T20:46:13.962270155Z,2025-10-12T20:48:44.741403364Z,0.144468,150.779133,150.923601,2.76,25,0,20s
NGC7020,b1551ad9-2e6a-487d-9641-79d1924f9177,2025-10-12T20:46:20.678282215Z,2025-10-12T20:46:36.408158549Z,2025-10-12T20:49:00.742099671Z,15.729876,144.333941,160.063817,2.74,25,0,20s
NGC7021,04340e0a-15e0-4c81-a048-acafb17216bb,2025-10-12T20:46:28.438867189Z,2025-10-12T20:46:42.439840264Z,2025-10-12T20:49:02.799362349Z,14.000973,140.359522,154.360495,2.74,25,1,20s
NGC7024,24ec7307-63d7-4b55-8f04-95f3f29f8da3,2025-10-12T20:46:31.622463301Z,2025-10-12T20:46:55.772148563Z,2025-10-12T20:49:11.078203919Z,24.149685,135.306055,159.455741,2.75,25,2,20s
NGC7022,4e22db18-e660-40dc-b08b-a208308eeedd,2025-10-12T20:46:31.734797603Z,2025-10-12T20:47:00.343055267Z,2025-10-12T20:49:15.386908961Z,28.608258,135.043854,163.652111,2.75,25,3,20s
NGC7027,6fc1d1d4-51a9-4b29-ac7b-d6f7d545ec57,2025-10-12T20:46:32.914887257Z,2025-10-12T20:47:08.686913062Z,2025-10-12T20:49:08.894774635Z,35.772026,120.207862,155.979887,2.51,25,4,20s
NGC7023,25f87fe4-888e-4afb-b739-244313c83f00,2025-10-12T20:46:33.047222841Z,2025-10-12T20:47:23.905342911Z,2025-10-12T20:49:40.101760733Z,50.858120,136.196418,187.054538,2.76,25,5,20s
NGC7020,2c89d82a-16cb-4c1d-ab8c-f5eccec79359,2025-10-12T20:46:41.787853896Z,2025-10-12T20:47:28.732611948Z,2025-10-12T20:49:35.727207969Z,46.944758,126.994596,173.939354,2.75,25,5,20s
NGC7021,948e1e19-18dd-422b-9b72-31211ce428c3,2025-10-12T20:46:47.04252377Z,2025-10-12T20:47:31.456278921Z,2025-10-12T20:49:37.895323104Z,44.413755,126.439044,170.852799,2.75,25,5,20s
NGC7023,8b655f28-fbcd-4cfe-a372-99703a06aa45,2025-10-12T20:46:48.910528914Z,2025-10-12T20:47:35.598724683Z,2025-10-12T20:49:45.180103883Z,46.688196,129.581379,176.269575,2.75,25,6,20s
NGC7024,7f1b1a2b-a14f-41be-a93d-1f980df0a2e5,2025-10-12T20:46:49.411442707Z,2025-10-12T20:47:49.765051507Z,2025-10-12T20:49:59.298596996Z,60.353609,129.533545,189.887154,2.76,25,7,20s
NGC7022,70517e0f-b9ff-436e-880e-3423e5c44d3c,2025-10-12T20:46:50.258604061Z,2025-10-12T20:47:50.773204399Z,2025-10-12T20:50:02.269076333Z,60.514600,131.495872,192.010472,2.74,25,8,20s
NGC7020,a16b70cf-e89e-444e-9848-bf3e77915516,2025-10-12T20:46:58.709805949Z,2025-10-12T20:47:55.818817595Z,2025-10-12T20:49:48.178334692Z,57.109012,112.359517,169.468529,2.51,25,8,20s
NGC7021,584f8abc-47bf-488a-a40e-990426cadd99,2025-10-12T20:47:03.792338914Z,2025-10-12T20:47:56.702611685Z,2025-10-12T20:49:50.252267317Z,52.910273,113.549656,166.459928,2.51,25,8,20s
NGC7023,b3bfa6ca-a05f-4dce-bdc6-dd113bbf8689,2025-10-12T20:47:06.104902605Z,2025-10-12T20:48:01.792751573Z,2025-10-12T20:50:17.762146664Z,55.687849,135.969395,191.657244,2.74,25,9,20s
NGC7022,ebf98fab-706e-42a1-a66e-c3aa7ec01381,2025-10-12T20:47:06.916914427Z,2025-10-12T20:48:06.860156586Z,2025-10-12T20:50:07.004526902Z,59.943242,120.144370,180.087612,2.75,25,10,20s
NGC7024,e1c7b995-3c6b-49fd-9e5f-e30c99d49cb7,2025-10-12T20:47:07.864953248Z,2025-10-12T20:48:09.964917951Z,2025-10-12T20:50:24.790148175Z,62.099965,134.825230,196.925195,2.75,25,11,20s
NGC7023,f09afcba-3aaa-4852-825e-d3fc0f92a4f8,2025-10-12T20:47:18.288900062Z,2025-10-12T20:48:16.091134085Z,2025-10-12T20:50:21.580358045Z,57.802234,125.489224,183.291458,2.75,25,11,20s
NGC7022,b7ef5c93-e158-488d-937d-264b7bc13f8a,2025-10-12T20:47:19.705839651Z,2025-10-12T20:48:17.042025787Z,2025-10-12T20:50:09.959282627Z,57.336186,112.917257,170.253443,2.51,25,12,20s
NGC7024,36d7ee0b-5285-44f0-9023-6b36b10fc41d,2025-10-12T20:47:21.810747865Z,2025-10-12T20:48:23.077760541Z,2025-10-12T20:50:31.424102236Z,61.267013,128.346342,189.613354,2.74,25,13,20s
NGC7023,cf2f4f83-888b-4c38-92a9-ef200d53598a,2025-10-12T20:47:36.163478817Z,2025-10-12T20:48:27.779999579Z,2025-10-12T20:50:19.635380941Z,51.616521,111.855381,163.471902,2.51,25,10,20s
NGC7024,0cba1f22-9a5d-4de7-a8cd-fc59d547cde2,2025-10-12T20:47:43.433417028Z,2025-10-12T20:48:28.088062479Z,2025-10-12T20:50:28.768726701Z,44.654645,120.680664,165.335310,2.75,25,11,20s
NGC7024,a171bf24-e20c-4199-b992-5158f34faa53,2025-10-12T20:47:58.314023584Z,2025-10-12T20:48:30.401783166Z,2025-10-12T20:50:26.777498066Z,32.087760,116.375715,148.463474,2.51,25,8,20s
